Iteration	Posterior	Likelihood	Prior	rate_log_sd	rate_loss	rate_neo	tree_length
0	-225.616	-338.4133	112.7973	1.259098	4.17578	3.252472	0.6705376
6	-228.1465	-341.8396	113.6931	1.330763	3.512459	1.848359	0.5399803
12	-232.347	-345.9362	113.5892	1.319239	3.512459	2.042259	0.4678261
18	-233.0054	-345.7871	112.7817	1.351166	3.844631	3.459238	0.4678261
24	-230.6196	-343.5899	112.9703	1.200264	8.093454	1.376754	0.525335
30	-225.4689	-338.9857	113.5169	1.071362	8.547725	0.8344364	0.5720978
36	-227.2839	-339.5941	112.3102	1.013561	8.547725	2.601909	0.6242178
42	-231.3451	-344.3114	112.9663	0.9354484	4.801129	2.601909	0.9862158
48	-233.2607	-346.2685	113.0078	0.7926391	3.865826	2.814632	1.25702
54	-226.779	-339.7959	113.0169	0.6480712	3.374631	1.459791	2.043811
60	-239.5583	-353.697	114.1387	1.551199	3.447448	0.8446402	0.8724748
66	-226.6735	-339.9749	113.3013	1.106487	2.49726	2.969759	1.159332
72	-226.0725	-338.6759	112.6034	0.3728957	2.539572	2.969759	2.180621
78	-221.6734	-334.2746	112.6011	0.2325136	4.124471	2.058172	2.157872
84	-223.912	-337.3434	113.4315	0.2373882	4.833786	2.058172	1.423083
90	-223.6732	-336.9067	113.2334	0.6385585	4.016106	2.058172	1.462032
96	-226.2743	-340.7624	114.4881	1.336082	4.016106	0.6050298	0.8344951
102	-222.5775	-336.5839	114.0064	1.399245	5.432638	0.6050298	0.8344951
108	-230.1639	-343.8042	113.6403	1.510361	8.739556	0.424923	0.5128015
114	-237.1224	-351.1104	113.988	1.95168	5.041624	0.424923	0.4029439
120	-237.3458	-351.2203	113.8746	1.978859	5.262821	0.424923	0.3614022
126	-241.9657	-355.8268	113.8612	1.967437	5.262821	0.4345423	0.3524398
132	-240.4467	-354.402	113.9553	1.364114	5.262821	0.8289904	0.4880098
138	-234.6485	-348.8391	114.1907	1.426145	3.58401	0.3228581	1.584642
144	-239.0109	-353.606	114.595	1.426145	3.58401	0.3228581	1.272937
150	-231.4407	-345.5925	114.1518	1.426145	4.140383	0.6752854	0.9563999
156	-227.7592	-342.1179	114.3586	1.255294	2.532457	1.293149	0.9149006
162	-223.4212	-337.4521	114.0309	1.012922	3.004865	1.784387	0.9149006
168	-220.2479	-334.7692	114.5213	1.508569	3.013254	0.7359311	0.8283592
174	-227.2738	-342.0414	114.7676	1.034461	3.226349	0.7359311	0.9849529
180	-232.5168	-346.8031	114.2863	0.8071627	3.226349	0.8547694	1.468411
186	-230.2645	-344.5457	114.2812	0.9071416	3.226349	1.544971	0.8286392
192	-225.7232	-339.3064	113.5832	0.9974362	4.606981	1.544971	0.9762273
198	-232.4329	-345.9915	113.5586	0.6220612	2.553583	2.61648	1.450872
204	-235.0506	-347.6173	112.5667	0.5717449	3.282118	2.791984	1.910113
210	-235.9946	-349.0014	113.0068	0.8237532	3.417348	2.094027	1.635886
216	-231.4736	-344.4312	112.9576	0.9092359	2.578326	2.094027	1.861514
222	-225.2581	-337.879	112.6209	0.9987506	2.224819	4.176267	1.542106
228	-227.0699	-339.351	112.2811	0.5666751	4.028369	4.176267	1.553521
234	-228.3079	-341.4009	113.0931	0.9575254	5.855603	1.821817	0.9816715
240	-225.1437	-338.5475	113.4038	0.8165214	4.115001	1.821817	1.273444
246	-224.8012	-338.0533	113.2521	0.2336188	4.115001	1.821817	1.81905
252	-226.6697	-339.8519	113.1821	0.285784	4.163592	1.821817	1.820358
258	-231.5615	-344.987	113.4255	0.3338711	7.068378	1.105787	1.458949
264	-230.2193	-342.2569	112.0376	0.5397448	7.068378	3.098401	1.453722
270	-237.6752	-350.0489	112.3738	0.609688	4.778498	2.8137	1.660195
276	-232.3681	-345.4629	113.0948	0.5456147	4.216598	2.8137	1.292612
282	-235.5764	-348.3331	112.7567	0.6669084	7.530649	2.639058	0.7606466
288	-226.9121	-339.3068	112.3946	1.022155	7.530649	2.788365	0.6545738
294	-227.9778	-341.6042	113.6264	0.7347668	3.973482	1.28631	1.501592
300	-234.4698	-347.243	112.7732	0.460222	5.739137	2.394924	1.43133
306	-233.2169	-346.3297	113.1128	0.5011096	2.714877	2.394924	1.880224
312	-242.0761	-354.5027	112.4266	0.164263	3.036501	3.570207	2.130279
318	-228.0204	-340.6744	112.654	0.3151663	3.036501	3.570207	1.878119
324	-232.2437	-345.5128	113.2691	0.2716015	3.036501	2.197102	1.904594
330	-230.7827	-343.9386	113.1559	0.1310319	3.036501	2.197102	2.074085
336	-226.755	-340.8518	114.0969	0.2583291	3.12042	1.621262	1.554393
342	-247.613	-360.8674	113.2543	0.1938066	3.185409	2.022261	1.991703
348	-242.7804	-355.8497	113.0694	0.2952042	2.834895	2.022261	2.144838
354	-234.0082	-347.2565	113.2483	0.5481396	2.680747	2.973388	1.572917
360	-241.0432	-352.7537	111.7105	0.4778588	3.328371	3.785948	2.263888
366	-239.5746	-352.2375	112.6629	0.5025286	3.938041	2.772793	1.731676
372	-242.7492	-356.217	113.4678	0.3604903	3.272071	1.921177	1.749418
378	-234.6881	-348.5709	113.8828	0.9938995	2.844292	1.43773	1.347711
384	-240.6577	-354.0921	113.4344	0.3734384	5.048823	1.6291	1.475977
390	-235.628	-348.8953	113.2673	0.2175748	5.048823	1.936313	1.569309
396	-237.1429	-349.8981	112.7552	0.6908934	5.189888	1.936313	1.569309
402	-235.1825	-349.503	114.3205	1.000361	2.688277	1.320286	1.109999
408	-239.908	-353.2801	113.3722	0.9907233	3.320306	2.962266	0.845463
414	-230.9017	-344.7966	113.8949	1.230187	3.320306	1.60584	0.8067864
420	-241.9513	-355.54	113.5888	0.9989543	4.59265	1.291943	1.156928
426	-234.2035	-348.3995	114.196	1.246351	2.66445	1.291943	1.027998
432	-223.2279	-337.6538	114.4259	1.016429	2.66445	1.291943	1.027998
438	-230.8256	-344.7288	113.9032	0.7744814	3.280208	1.830032	1.134816
444	-232.4012	-345.6951	113.2938	1.186715	2.630979	3.816765	0.5865635
450	-229.8377	-342.7336	112.8959	1.582924	2.630979	3.816765	0.4179849
456	-228.0812	-341.5081	113.4268	1.582924	2.630979	2.55297	0.4800367
462	-229.7519	-342.7393	112.9874	1.251048	2.630979	4.37493	0.7127425
468	-228.3123	-341.0079	112.6956	1.181844	3.386124	4.37493	0.7735447
474	-224.1477	-336.3134	112.1657	1.464773	3.386124	5.620446	0.4437712
480	-222.6976	-335.0015	112.304	1.405432	5.577495	3.132839	0.3721172
486	-229.8342	-341.921	112.0869	1.549086	5.577495	3.402799	0.447339
492	-227.7186	-340.6854	112.9668	1.672833	4.984898	1.672211	0.3942325
498	-234.1471	-348.0637	113.9166	1.672833	3.745752	0.8820814	0.8098326
504	-240.9155	-355.1244	114.2089	2.105302	3.384991	0.5027265	0.3566318
510	-238.1041	-351.7493	113.6452	1.9603	3.329839	0.9968986	0.2702379
516	-245.5284	-359.2267	113.6983	1.984104	2.847431	1.207096	0.3224172
522	-232.9633	-344.8939	111.9306	2.062667	2.709128	4.36305	0.2114637
528	-224.0699	-335.9989	111.929	2.062667	3.115504	3.675245	0.1926309
534	-227.8201	-341.1426	113.3226	2.942537	3.640538	0.2546973	0.1487455
540	-234.4436	-348.6547	114.2111	2.554775	3.000669	0.3194024	0.3045847
546	-230.163	-344.0659	113.9029	2.695036	4.783937	0.1542769	0.3045847
552	-234.1104	-348.1348	114.0244	2.695036	3.398274	0.2263544	0.2363661
558	-244.9955	-358.7565	113.7609	2.57926	4.847995	0.1670313	0.2052141
564	-239.5178	-353.5776	114.0598	1.473434	2.802612	1.519058	0.5540898
570	-227.6141	-340.9177	113.3036	1.516223	4.484349	1.607383	0.3755783
576	-230.9684	-343.9752	113.0067	1.288303	2.842561	4.117967	0.4964557
582	-236.868	-349.3976	112.5296	1.122683	2.229602	6.92373	0.8912853
588	-239.9221	-352.2497	112.3277	1.678226	3.680897	3.685087	0.3054766
594	-234.7332	-347.3897	112.6566	1.316716	5.705677	2.322315	0.2955746
600	-244.3733	-355.5249	111.1516	2.394285	5.416457	1.866643	0.09197195
606	-232.072	-343.9811	111.9091	2.102571	5.268795	1.914962	0.16947
612	-238.4804	-351.6053	113.1249	0.673769	8.996761	1.363064	0.9102655
618	-239.5492	-352.6403	113.0911	0.6571561	7.48307	1.857828	0.8945295
624	-242.6286	-355.837	113.2084	0.7075257	5.264852	1.857828	1.224018
630	-236.7352	-350.0339	113.2987	1.011496	5.264852	2.001849	0.7137263
636	-233.1503	-345.5767	112.4264	1.252356	5.843882	2.970001	0.7137263
642	-226.2991	-339.2519	112.9528	0.6224697	5.843882	2.415326	1.119203
648	-230.8297	-343.8243	112.9946	0.8739255	5.843882	2.315306	0.8754581
654	-234.6069	-347.7243	113.1174	0.8283912	5.843882	2.171182	0.8754581
660	-239.0476	-353.1242	114.0766	1.22205	4.028684	1.181709	0.6480402
666	-227.202	-340.9198	113.7178	1.272338	4.135617	1.553168	0.594129
672	-237.6543	-351.1819	113.5276	1.230504	4.930156	1.338981	0.8480573
678	-236.6603	-350.7824	114.1221	1.230504	4.0074	1.13236	0.6422094
684	-230.3892	-344.9798	114.5906	1.514565	2.184256	1.13236	0.6809039
690	-236.3972	-350.9138	114.5166	1.950115	2.108066	0.8668272	0.4879428
696	-241.0423	-355.8585	114.8162	1.486678	2.399803	0.8708993	0.5448573
702	-236.8884	-350.1325	113.2441	1.677687	2.44627	2.777802	0.3320056
708	-236.3067	-349.3714	113.0647	1.755988	3.357796	1.878548	0.2258529
714	-243.997	-356.1414	112.1444	1.970307	4.099221	2.710101	0.2258529
720	-231.1233	-343.7902	112.6669	2.029408	2.445719	2.40801	0.1561609
726	-239.1031	-351.1343	112.0312	2.029408	2.445719	3.954209	0.1561609
732	-247.9509	-357.8131	109.8622	2.676415	6.175248	2.287558	0.04715589
738	-227.7697	-337.7903	110.0205	2.651427	6.134921	2.287558	0.05412159
744	-229.4043	-340.0459	110.6416	2.573643	5.165127	2.287558	0.07610021
750	-226.4593	-336.3301	109.8708	2.711771	6.255065	2.287558	0.05055162
756	-232.2123	-343.3454	111.1332	2.711771	3.295578	2.287558	0.07803001
762	-233.5559	-343.9475	110.3916	3.11992	3.295578	1.999208	0.0445389
768	-234.0328	-344.1588	110.126	2.692958	5.999695	1.999208	0.05142497
774	-231.0796	-342.3774	111.2977	2.478457	3.961583	1.999208	0.0793436
780	-238.7414	-349.4367	110.6953	2.478457	4.722048	2.697197	0.0793436
786	-230.6587	-341.3975	110.7388	2.478457	4.722048	3.000904	0.09851736
792	-234.7557	-345.706	110.9503	2.693302	2.406355	3.000904	0.05774931
798	-237.0451	-347.5288	110.4837	2.900529	2.601469	3.105323	0.05049294
804	-234.8574	-345.2814	110.424	2.900529	2.737305	3.105323	0.05069709
810	-236.3857	-346.5659	110.1802	2.900529	2.598668	3.105323	0.03617478
816	-237.3403	-348.0505	110.7101	2.973799	2.467319	3.256375	0.07065584
822	-233.9914	-344.528	110.5366	2.973799	3.156062	1.994146	0.04170481
828	-227.3578	-338.0833	110.7256	2.515404	4.024115	3.106796	0.08197383
834	-244.7131	-355.7293	111.0162	2.655779	3.433865	2.276344	0.06738863
840	-235.9935	-347.1153	111.1218	2.640945	3.642711	2.376138	0.08744425
846	-236.609	-347.5066	110.8976	2.374961	3.642711	3.642203	0.09319237
852	-232.3748	-343.2423	110.8674	2.374961	3.642711	4.14512	0.1115418
858	-232.4061	-343.8575	111.4514	2.161596	3.642711	3.130596	0.1115418
864	-226.5632	-337.9467	111.3835	2.205791	4.555801	3.130596	0.1634961
870	-245.2889	-357.8599	112.571	2.145802	2.413303	2.736328	0.2008096
876	-227.9939	-340.4691	112.4751	2.048201	2.820902	2.736328	0.2008096
882	-232.6592	-345.0088	112.3497	2.048201	2.820902	2.736328	0.1648335
888	-230.3195	-342.6845	112.365	2.050742	3.265875	2.736328	0.2309606
894	-225.401	-337.2002	111.7992	2.036567	4.992407	2.843051	0.249676
900	-224.3209	-336.8771	112.5562	2.036567	3.914961	1.85443	0.2104452
906	-233.117	-346.0913	112.9743	1.281294	4.950912	2.391501	0.5029251
912	-232.8731	-344.6085	111.7355	1.205635	4.950912	5.955679	0.7568326
918	-237.6495	-350.4825	112.8329	0.8964253	4.950912	3.21699	0.8311477
924	-226.1099	-339.2284	113.1185	1.00977	4.950912	2.244321	0.8909664
930	-231.7353	-344.565	112.8297	0.4201535	4.950912	2.258197	1.627796
936	-223.1176	-336.0383	112.9208	0.5470399	4.950912	2.413683	1.404804
942	-234.2142	-346.7809	112.5667	0.7934577	6.524381	2.413683	1.168672
948	-226.5976	-340.1222	113.5246	0.8835169	3.315088	2.413683	1.068529
954	-237.4871	-350.5183	113.0312	1.0411	4.454518	2.587382	0.9232109
960	-243.314	-356.3447	113.0308	1.178826	4.454518	2.587382	0.7520082
966	-241.6727	-354.9543	113.2817	1.222131	4.680782	2.057697	0.5750173
972	-227.1543	-340.7721	113.6178	0.9744942	4.118778	2.024439	0.7811281
978	-224.9436	-337.4394	112.4958	0.7749496	6.12927	3.212354	1.003161
984	-236.2732	-350.4028	114.1295	0.7842942	3.12402	1.777216	1.0036
990	-226.583	-339.6095	113.0266	0.6680929	4.6865	2.150704	1.396031
996	-241.9495	-355.4543	113.5048	0.6336765	4.6865	1.73223	1.241413
1002	-242.21	-355.2791	113.0691	0.3980183	3.429561	3.975007	1.291853
1008	-231.8023	-344.5579	112.7556	0.6515955	3.429561	3.46917	1.480263
1014	-229.4604	-341.9227	112.4623	0.8634868	2.737486	3.781158	1.668002
1020	-233.3013	-346.6471	113.3458	0.6725152	2.241717	2.583677	1.697825
1026	-224.9199	-337.5294	112.6095	0.960166	2.926839	5.336231	1.022093
1032	-228.8533	-341.7495	112.8962	0.8467699	3.266741	4.168059	1.049818
1038	-230.2283	-342.883	112.6547	0.576495	3.266741	4.168059	1.47612
1044	-228.0593	-340.994	112.9347	0.8444186	5.549684	1.970922	1.218223
1050	-227.292	-340.5529	113.261	0.576692	6.584371	1.53746	1.198115
1056	-230.1467	-343.3143	113.1676	0.5147491	6.240917	1.53746	1.388852
1062	-222.9751	-336.5174	113.5423	0.719319	5.46889	1.53746	1.05865
1068	-231.0047	-343.1476	112.1429	0.6809726	3.857168	3.779252	1.70969
1074	-225.7788	-338.7115	112.9327	0.6764352	4.218144	3.02772	1.241258
1080	-230.8162	-343.0316	112.2155	0.576153	4.192627	4.809592	1.40843
1086	-230.4395	-343.4316	112.9921	0.9015108	4.192627	3.110756	0.954415
1092	-229.7104	-342.8023	113.0919	0.7715089	5.510427	1.684122	1.306603
1098	-236.8198	-350.1056	113.2859	0.7235343	5.276081	1.684122	1.237213
1104	-230.3926	-343.3618	112.9692	0.5712738	9.728376	1.527212	0.9236763
1110	-231.9524	-344.4906	112.5382	0.4435152	9.728376	1.952652	1.190137
1116	-239.2252	-352.1174	112.8921	0.3311069	9.728376	2.01628	0.924106
1122	-230.4044	-344.1047	113.7003	0.8304547	9.728376	0.3548482	1.256131
1128	-235.4735	-348.5031	113.0296	0.4659823	7.810922	1.467017	1.313469
1134	-236.0368	-349.5072	113.4705	0.5131398	7.142334	1.396385	1.053099
1140	-247.2979	-360.2908	112.993	0.5101694	8.338662	0.9953852	1.543854
1146	-234.5799	-347.0449	112.465	0.8202716	8.338662	2.523527	0.8141574
1152	-234.7289	-347.8051	113.0761	0.7083819	5.665285	1.928052	1.210405
1158	-232.5886	-345.7378	113.1492	0.5840247	7.119538	1.657061	1.114447
1164	-232.8971	-346.1085	113.2113	1.008218	7.360348	1.249045	0.8857588
1170	-238.9655	-353.1066	114.1411	1.049976	3.694978	1.117247	1.011049
1176	-230.2119	-343.4211	113.2092	1.161185	2.873605	3.707447	0.6786539
1182	-238.0047	-351.5074	113.5027	1.196343	3.988776	2.105985	0.4469637
1188	-232.433	-345.0963	112.6634	1.209223	7.155904	2.105985	0.4609835
1194	-227.9512	-341.7807	113.8295	1.041326	2.921581	2.406883	0.7284315
1200	-224.6116	-337.4259	112.8143	1.522593	2.921581	3.865462	0.4370994
1206	-214.7963	-327.599	112.8027	1.166183	2.818485	3.865462	1.10958
1212	-228.4752	-340.6734	112.1982	1.277494	3.409788	5.781722	0.7752887
1218	-225.1119	-337.2028	112.0909	1.254202	4.96677	4.652738	0.6552209
1224	-224.4884	-337.0532	112.5648	1.143345	3.767968	4.652738	0.6835996
1230	-230.2849	-343.1188	112.834	0.8488697	3.491506	4.652738	0.8633048
1236	-232.7545	-346.556	113.8015	0.7450213	2.920127	2.746951	0.9329447
1242	-235.7906	-348.739	112.9484	0.8672917	2.920127	2.739797	1.555631
1248	-243.1271	-356.3366	113.2095	0.6748143	2.920127	2.739797	1.504648
1254	-255.3682	-366.8659	111.4977	1.043141	2.635857	4.948948	1.987973
1260	-232.0384	-343.9593	111.9208	0.3856978	2.635857	5.836354	1.987973
1266	-231.0953	-344.6162	113.5208	0.3613561	3.764834	1.898888	1.588966
1272	-239.1034	-352.9431	113.8398	0.3969417	3.764834	1.898888	1.318367
1278	-234.2203	-346.9589	112.7386	0.7123956	4.533485	2.368405	1.527924
1284	-228.4114	-341.8458	113.4343	1.107976	3.258086	2.228759	1.054135
1290	-229.0962	-342.181	113.0848	1.012816	3.258086	3.31243	1.005011
1296	-226.0743	-339.36	113.2858	0.8573635	2.926462	3.31243	1.093002
1302	-226.9275	-340.2982	113.3707	0.9866778	5.435058	1.715034	0.8356753
1308	-240.3017	-352.7141	112.4124	0.8327079	5.452035	4.172647	0.8356753
1314	-232.3413	-345.2303	112.889	1.058771	2.714201	5.292728	0.6895414
1320	-235.1071	-348.6783	113.5711	0.5716608	3.001317	1.578097	1.763735
1326	-230.6724	-343.5772	112.9048	0.2151686	3.001317	3.35962	1.839638
1332	-237.8032	-350.4693	112.6661	0.4315083	3.001317	3.753578	1.753992
1338	-235.7716	-348.7519	112.9803	0.8119358	3.30047	3.610785	1.167894
1344	-242.3042	-354.1339	111.8298	1.840232	3.407529	4.737059	0.2464828
1350	-244.0356	-356.6625	112.6268	1.993269	3.407529	2.440838	0.2960936
1356	-242.0754	-354.6675	112.592	1.93996	3.407529	2.440838	0.2445678
1362	-235.2206	-348.1388	112.9182	1.248389	2.456618	4.20006	0.9759603
1368	-236.0761	-348.4484	112.3722	1.3043	3.549494	4.988662	0.7077246
1374	-238.8752	-351.4222	112.547	1.21838	3.549494	4.476591	0.799376
1380	-233.6968	-345.2657	111.5689	1.245401	6.599861	5.198375	0.4410696
1386	-238.7815	-352.3653	113.5838	0.6440785	6.852074	1.128096	1.09324
1392	-227.5761	-339.4486	111.8726	0.4798789	4.785415	6.520547	1.266159
1398	-227.1646	-339.3932	112.2287	0.5621636	3.642899	4.879759	1.536459
1404	-217.5341	-329.9569	112.4229	0.5047335	4.892654	3.899828	1.359768
1410	-220.8066	-332.9981	112.1915	0.5893083	4.941097	3.899828	1.462761
1416	-221.453	-334.0456	112.5926	0.7279607	4.734385	3.899828	1.063101
1422	-226.2637	-339.0802	112.8165	0.7442814	3.336096	2.682807	1.635796
1428	-230.4353	-342.4422	112.0068	0.6946916	3.107133	5.173161	1.692015
1434	-235.4174	-348.0767	112.6593	0.4752318	3.978999	3.433853	1.546672
1440	-241.2404	-354.3203	113.08	0.3105144	4.865146	2.248661	1.546672
1446	-229.5857	-342.6878	113.1021	0.3757523	6.023561	1.329891	1.695698
1452	-235.6978	-348.7311	113.0333	0.1022552	8.206306	1.716584	1.400368
1458	-234.9118	-348.1475	113.2357	0.164805	8.206306	1.760755	1.158722
1464	-239.2417	-352.657	113.4153	0.1402311	5.509268	1.760755	1.506646
1470	-240.8749	-354.6294	113.7545	0.11882	3.118169	1.760755	1.830987
1476	-240.3179	-352.7337	112.4158	0.05608214	3.118169	3.138977	2.29349
1482	-236.8467	-349.4472	112.6005	0.04987239	4.551593	2.599346	2.004015
1488	-240.8357	-353.6608	112.8251	0.08034074	4.551593	2.599346	1.831465
1494	-239.4551	-351.5381	112.083	0.9460709	4.554142	1.888846	2.006249
1500	-232.1005	-344.9574	112.857	0.2237017	4.554142	1.888846	1.971746
1506	-232.8159	-346.1252	113.3093	0.2195816	4.754488	1.991877	1.574378
1512	-250.458	-363.4853	113.0272	0.6513747	2.599455	3.395709	1.561819
1518	-228.9779	-342.0056	113.0277	0.5904138	2.599455	2.875591	1.758072
1524	-234.6881	-347.4379	112.7497	0.3874914	5.94336	2.875591	1.287933
1530	-227.7276	-340.768	113.0404	0.8810613	4.963348	1.858664	1.287933
1536	-236.9884	-349.9593	112.9709	1.061488	4.963348	1.858664	1.19508
1542	-225.2787	-337.8667	112.588	1.276484	5.027707	2.963403	0.7620529
1548	-219.8323	-333.7785	113.9462	0.8117813	3.612902	0.8466476	1.61408
1554	-221.5749	-335.092	113.5172	0.7525396	3.188783	2.602225	1.155965
1560	-223.8641	-336.9124	113.0483	0.8019416	3.188783	3.653146	1.142472
1566	-235.5501	-348.4256	112.8755	0.2269645	3.455879	3.653146	1.646947
1572	-237.3169	-348.6368	111.3199	0.9266458	6.703032	6.52655	0.9138925
1578	-236.3788	-347.6502	111.2714	1.084286	6.903171	6.52655	0.7144639
1584	-234.4532	-347.5668	113.1136	1.083813	5.184138	2.294022	0.6633667
1590	-231.0913	-343.9308	112.8395	1.007202	4.922096	1.989197	1.294053
1596	-248.2705	-359.9153	111.6448	1.33358	2.812776	9.732957	0.7160601
1602	-242.6378	-354.251	111.6132	1.2088	2.812776	8.966369	1.049206
1608	-243.3009	-354.5645	111.2635	0.9374511	3.955508	8.966369	1.208619
1614	-238.6797	-351.3183	112.6387	0.3838142	3.862642	3.537082	1.629141
1620	-231.3523	-343.8625	112.5102	0.2317116	2.972613	3.267886	2.124846
1626	-231.374	-344.1139	112.7399	0.1285103	3.954308	2.187984	2.124846
1632	-229.019	-341.2219	112.2029	0.423131	3.444053	3.184438	2.098189
1638	-227.5872	-339.2083	111.6212	0.5732128	2.168306	6.619696	2.098189
1644	-229.8322	-342.7113	112.8791	0.5785683	2.168306	3.583827	1.825064
1650	-229.8285	-342.715	112.8865	0.5188444	2.168306	3.583827	1.860999
1656	-234.898	-347.2864	112.3885	1.032966	4.69563	3.583827	1.084571
1662	-232.8157	-344.9188	112.1031	0.5971141	4.69563	3.583827	1.657145
1668	-230.5184	-344.0373	113.5189	0.4085227	3.736486	1.696025	1.657145
1674	-230.8896	-344.6029	113.7133	0.2519282	4.851451	1.396654	1.527057
1680	-233.411	-346.8761	113.4651	0.4132558	3.759836	2.323466	1.413713
1686	-230.7372	-344.1702	113.4331	0.5845372	5.437085	1.728468	1.168458
1692	-237.6075	-351.1138	113.5063	0.5323531	5.045371	1.728468	1.240869
1698	-225.5613	-338.1223	112.5609	0.1653739	6.158722	2.875341	1.565094
1704	-241.261	-353.5581	112.2971	0.4225686	3.585152	2.875341	2.087645
1710	-242.4206	-355.1792	112.7586	0.709351	2.423273	2.624185	1.99745
1716	-232.9668	-345.2292	112.2624	0.4940065	4.011167	2.764898	1.996866
1722	-231.8313	-345.4499	113.6186	0.6053317	4.371932	2.146735	1.026697
1728	-236.6673	-349.5953	112.9281	0.7002119	4.067286	1.871975	1.708723
1734	-234.916	-347.6822	112.7662	0.9812484	4.936323	2.663413	1.070477
1740	-225.5822	-338.0719	112.4897	0.9952139	5.557791	3.380615	0.8514369
1746	-227.3695	-340.2679	112.8984	1.14286	4.799306	2.744983	0.7392779
1752	-219.0343	-332.0685	113.0342	1.247805	4.025941	2.744983	0.7392779
1758	-227.2426	-339.5879	112.3452	0.9569911	7.319321	2.326557	1.108122
1764	-236.1451	-349.8396	113.6945	0.5395305	3.617963	1.617858	1.502965
1770	-228.4933	-341.5178	113.0245	0.3776886	4.280592	3.174571	1.344181
1776	-227.3945	-340.3784	112.984	1.045569	4.280592	3.174571	0.7145864
1782	-225.8521	-338.3894	112.5373	1.025134	4.280592	3.69184	1.034316
1788	-228.5696	-341.4419	112.8724	1.146037	3.304803	4.023061	0.7799876
1794	-228.5031	-341.0502	112.5471	0.8011176	4.201736	2.392039	1.669573
1800	-227.2282	-339.1998	111.9716	0.6531262	4.064184	5.54115	1.415705
1806	-224.2653	-336.8325	112.5672	0.6600563	4.617984	2.845484	1.506235
1812	-233.2142	-346.7794	113.5652	0.9243173	5.342294	1.183798	1.137994
1818	-230.2703	-343.5862	113.3159	0.873311	5.342294	1.183798	1.387119
1824	-231.7415	-343.8087	112.0672	0.9534979	9.165012	3.074617	0.5799222
1830	-233.8701	-346.8133	112.9432	1.262811	6.452109	1.59953	0.8128701
1836	-232.9575	-346.976	114.0185	1.522033	3.2553	0.9991884	0.9390057
1842	-233.2292	-347.0017	113.7726	1.522033	4.641067	0.9991884	0.6031341
1848	-233.0081	-347.1523	114.1442	1.606527	3.664352	0.8374119	0.685124
1854	-235.2123	-349.2278	114.0155	1.670274	3.664352	0.941137	0.5613275
1860	-230.2227	-343.2329	113.0102	1.692374	5.656281	1.367706	0.4476783
1866	-229.3215	-343.42	114.0985	1.210003	3.494459	1.378025	0.6811493
1872	-235.1886	-346.3943	111.2057	1.042565	4.215007	10.9932	0.7285572
1878	-233.9526	-345.5194	111.5668	1.025691	2.65712	10.67248	1.074942
1884	-225.8724	-337.3417	111.4693	0.9555058	3.950921	7.259002	1.291311
1890	-237.2204	-350.4921	113.2717	0.6728727	5.224002	2.136991	1.062285
1896	-223.81	-336.204	112.394	0.4192366	5.224002	3.916576	1.372845
1902	-231.4992	-344.0715	112.5723	0.2812199	5.311915	3.762603	1.364661
1908	-233.3553	-345.5719	112.2166	0.1856626	4.063278	4.352785	1.821944
1914	-226.102	-337.9421	111.8401	0.2641655	5.768657	3.779399	1.821944
1920	-223.4194	-335.5461	112.1267	0.8506994	4.955619	5.040373	0.9924456
1926	-217.5303	-330.2197	112.6894	0.8150547	5.879557	2.827599	0.9924456
1932	-220.0957	-333.3946	113.2989	0.6755431	5.015434	1.874699	1.223512
1938	-232.9401	-346.003	113.0629	0.9628026	4.399795	2.516267	1.023936
1944	-231.0338	-344.0648	113.031	0.4653541	8.788371	1.304995	1.269063
1950	-236.6445	-349.5226	112.8781	1.015869	3.864647	3.065303	1.08076
1956	-233.4921	-346.3778	112.8857	0.761887	3.971601	3.048085	1.269841
1962	-233.0441	-345.8249	112.7808	0.9120091	4.349503	3.048085	1.125113
1968	-237.4557	-349.6366	112.1808	0.9120091	4.349503	4.777762	1.125113
1974	-231.5962	-344.4445	112.8484	0.9266405	3.733225	3.55225	1.056004
1980	-227.228	-340.3139	113.086	0.8248143	3.733225	1.946658	1.555053
1986	-226.9486	-340.0315	113.0829	0.7221672	3.574973	2.323676	1.519946
1992	-228.9277	-342.7679	113.8402	1.279392	2.506017	1.67124	1.136264
1998	-226.7415	-339.7607	113.0191	1.303201	5.244235	1.981001	0.7230625
2004	-231.5483	-344.9397	113.3914	0.7480434	5.248466	1.981001	0.9508595
2010	-223.3717	-336.5822	113.2105	1.069392	5.006557	1.981001	0.8687099
2016	-227.2585	-341.1201	113.8617	0.7412338	3.473654	1.981001	1.04998
2022	-235.1562	-347.9456	112.7895	0.7148658	4.567349	2.55587	1.40888
2028	-228.8855	-342.1132	113.2276	0.9703576	3.634507	2.55587	1.086497
2034	-231.6549	-343.8904	112.2355	1.188886	4.547727	4.366917	0.8513486
2040	-235.8577	-348.6105	112.7528	0.7907428	3.675478	4.31886	1.046482
2046	-238.089	-350.9088	112.8198	0.6877597	2.910071	2.61591	1.818918
2052	-249.3023	-361.9261	112.6238	0.3291701	6.031041	2.61591	1.507409
2058	-233.1529	-346.3667	113.2138	0.552683	3.682006	2.355192	1.507409
2064	-229.2595	-342.2668	113.0072	0.7242075	3.342859	1.384233	2.046202
2070	-221.9139	-334.593	112.679	0.5789941	3.929373	2.990892	1.599206
2076	-237.9101	-350.4303	112.5202	0.7693509	5.165422	2.990892	1.286408
2082	-230.0885	-343.263	113.1745	0.8843709	2.907518	2.990892	1.286408
2088	-227.1938	-339.5637	112.37	0.5438213	2.907518	4.303875	1.78171
2094	-229.2071	-342.0693	112.8621	0.2129025	4.637621	2.350277	1.78171
2100	-231.0191	-344.7171	113.698	0.09893605	3.095363	2.195595	1.710984
2106	-232.8626	-345.5516	112.689	0.3094882	3.226537	3.94763	1.710984
2112	-240.7435	-353.8771	113.1335	0.06198733	3.521376	2.987974	1.748536
2118	-231.1535	-344.2391	113.0856	0.3736797	3.50824	2.987974	1.563065
2124	-224.4971	-337.6386	113.1416	0.1187742	4.540767	2.273048	1.700519
2130	-228.2155	-341.0982	112.8827	0.04008662	4.258259	3.196744	1.700519
2136	-232.1743	-345.5061	113.3319	0.0280013	4.258259	2.366919	1.657448
2142	-235.1672	-347.3593	112.1921	0.04025205	2.628525	5.879751	2.032538
2148	-234.5471	-346.257	111.7099	0.07298934	3.783191	4.094521	2.347927
2154	-224.2268	-336.3347	112.1079	0.1731354	3.783191	4.094521	2.024855
2160	-230.6806	-343.0785	112.398	0.3423742	3.453543	4.094521	1.795229
2166	-234.1331	-347.4135	113.2804	0.6378297	2.773006	2.031234	1.788425
2172	-227.3625	-339.9275	112.565	0.6029934	5.256183	2.031234	1.716066
2178	-230.422	-343.894	113.472	0.5364429	5.387381	1.325793	1.425268
2184	-227.2731	-340.6028	113.3297	0.4834928	3.82886	1.441303	1.841076
2190	-235.1335	-348.9999	113.8664	0.4828858	1.624975	1.440866	2.18538
2196	-239.6781	-351.6123	111.9342	0.5836702	1.624975	7.592433	1.969635
2202	-237.947	-352.0324	114.0854	0.5856108	1.536737	2.981172	1.404974
2208	-227.6051	-340.2866	112.6815	0.7388602	2.77228	4.601902	1.38743
2214	-228.542	-340.5446	112.0026	0.5619272	3.984215	6.203199	1.356428
2220	-241.6914	-354.3099	112.6185	0.2984794	5.822791	3.101727	1.409883
2226	-231.2251	-343.8546	112.6295	0.3629784	4.306789	3.101727	1.667559
2232	-226.1207	-338.9438	112.8231	0.2322391	4.306789	3.101727	1.622434
2238	-222.1946	-335.0747	112.8801	0.08469961	5.349105	3.101727	1.466203
2244	-230.0623	-342.1378	112.0754	0.1620546	4.833964	1.88346	2.465394
2250	-228.209	-340.9655	112.7565	0.6226345	7.306547	0.5636813	2.130736
2256	-227.492	-341.5778	114.0858	0.3103188	7.306547	0.5636813	1.418952
2262	-229.6787	-342.4398	112.7611	0.4957082	13.51967	0.7953396	1.309123
2268	-234.9799	-347.1945	112.2146	0.3430664	11.54129	2.91048	0.8622313
2274	-250.7212	-363.1558	112.4346	0.1978764	2.795859	2.888726	2.347033
2280	-238.9188	-351.7335	112.8147	0.2772393	2.878388	2.088933	2.283803
2286	-237.2411	-350.2575	113.0164	0.07551408	2.878388	2.088933	2.283803
2292	-226.557	-340.1331	113.5761	0.1148148	3.295676	1.792094	1.893032
2298	-233.0088	-345.8064	112.7975	0.2568998	5.268331	1.792094	1.893032
2304	-233.8345	-346.8327	112.9982	0.3772998	4.179154	1.792094	1.893032
2310	-237.7742	-350.9429	113.1687	0.7043516	4.117811	1.912279	1.500731
2316	-231.0474	-343.8831	112.8357	0.9495235	3.151091	3.372022	1.299689
2322	-226.6847	-339.6458	112.9611	1.170528	2.715023	4.507311	0.7548152
2328	-223.96	-337.7205	113.7606	0.9517571	2.730179	2.370222	1.035627
2334	-232.5525	-346.5092	113.9567	1.030197	4.378902	0.9378238	1.151979
2340	-226.0903	-338.8365	112.7462	0.987359	6.240234	1.495128	1.372989
2346	-232.6498	-346.1212	113.4714	0.8015975	6.240234	1.495128	0.8820027
2352	-230.5575	-343.8894	113.3319	1.077041	6.240234	1.319095	0.8820027
2358	-221.9376	-334.648	112.7105	0.818315	3.275838	4.236451	1.218612
2364	-224.6178	-337.1708	112.553	0.9204709	3.275838	4.046809	1.315594
2370	-228.2721	-340.8986	112.6265	0.8469791	3.275838	4.046809	1.315594
2376	-222.6774	-334.1846	111.5072	1.102586	3.371151	8.468104	1.112777
2382	-224.0456	-334.987	110.9414	1.04151	3.371151	11.29127	1.26405
2388	-222.3812	-334.5264	112.1452	0.7194853	4.344754	5.922104	1.056033
2394	-230.014	-342.5091	112.4951	0.9264836	4.22659	3.918359	1.108181
2400	-235.9081	-348.6139	112.7059	1.094193	3.718508	4.075268	0.8401366
2406	-226.2879	-339.2746	112.9867	0.794911	4.821812	2.697812	1.054013
2412	-232.6265	-345.0065	112.38	0.8579023	7.897876	2.697812	0.8722441
2418	-246.2177	-358.1589	111.9412	1.002959	3.913796	6.026298	1.090498
2424	-236.6155	-348.6697	112.0542	1.158477	3.913796	6.026298	0.8035748
2430	-241.9146	-354.1969	112.2822	0.3001988	3.177912	6.026298	1.599972
2436	-234.5568	-346.0619	111.5051	0.3800838	3.177912	5.371876	2.187425
2442	-233.1772	-344.1065	110.9293	0.3446578	2.451925	8.031629	2.408343
2448	-231.1288	-341.749	110.6202	0.5379865	4.536737	9.056097	1.83886
2454	-232.6151	-343.3094	110.6944	0.4388991	4.536737	13.09395	1.43179
2460	-229.3576	-342.2364	112.8788	1.171494	3.187813	3.517796	1.001886
2466	-233.8295	-347.5091	113.6796	0.7853564	3.594191	2.120086	1.062391
2472	-232.7324	-345.5748	112.8424	0.8121547	4.663665	2.811217	1.164935
2478	-232.7691	-346.0268	113.2577	0.684692	3.241743	2.811217	1.331403
2484	-231.7361	-344.8082	113.0721	1.322212	5.664117	1.548325	0.8586321
2490	-235.1099	-347.1733	112.0634	0.7642017	6.121254	5.291613	0.7261866
2496	-231.7911	-343.4779	111.6868	1.742759	6.121254	3.531714	0.3881597
2502	-235.862	-347.7136	111.8516	1.577985	6.121254	3.531714	0.3881597
2508	-235.038	-346.819	111.781	1.577985	6.121254	3.531714	0.3083496
2514	-228.7785	-341.8737	113.0952	1.611508	5.055509	1.446857	0.3083496
2520	-227.9298	-341.6552	113.7254	1.637617	3.228191	1.446857	0.3594724
2526	-229.6694	-342.4143	112.7448	1.637617	3.228191	3.211236	0.3265393
2532	-230.1102	-341.9732	111.863	1.637617	6.381641	2.936675	0.2823395
2538	-225.0937	-337.7191	112.6254	1.649392	6.018531	1.651945	0.2823395
2544	-222.4881	-335.2683	112.7802	1.550119	6.018531	1.651945	0.325144
2550	-241.7183	-355.4899	113.7716	1.461904	3.107296	1.651945	0.325144
2556	-236.2497	-350.2438	113.9941	1.491313	2.984914	1.432487	0.6506312
2562	-229.9938	-344.1346	114.1408	1.603093	5.892468	0.4191606	0.5574006
2568	-236.455	-350.9356	114.4805	1.473121	3.823982	0.6428772	0.6540728
2574	-234.7273	-348.4783	113.751	1.607207	4.525768	0.9779396	0.4285258
2580	-231.5207	-344.3202	112.7995	1.245454	4.525768	2.908654	0.7463357
2586	-243.8071	-357.9552	114.1481	1.047998	3.871345	0.9424473	1.109634
2592	-245.6884	-359.3075	113.6191	1.087369	3.871345	2.120358	0.6342707
2598	-235.8653	-348.6328	112.7676	1.265101	2.975613	4.716554	0.6022
2604	-233.03	-346.794	113.764	1.088866	4.731156	1.397522	0.7343317
2610	-227.2249	-340.2976	113.0727	1.068741	2.801481	3.623888	1.03551
2616	-237.7748	-350.7598	112.985	1.281949	2.801481	3.498094	0.9561755
2622	-236.3437	-349.1148	112.7711	1.281949	5.077474	2.737065	0.4843906
2628	-239.8043	-352.6045	112.8003	1.354566	5.077474	2.505634	0.5673217
2634	-237.476	-350.1748	112.6988	1.354566	5.077474	2.722663	0.5603051
2640	-237.8953	-350.6207	112.7254	1.420705	4.439425	2.94768	0.5164674
2646	-230.2392	-343.0832	112.844	1.585132	5.978891	1.475793	0.2956264
2652	-239.4901	-351.1849	111.6947	1.761903	4.070021	5.058261	0.3203174
2658	-229.7599	-341.7105	111.9506	1.761903	4.732049	3.297085	0.2455979
2664	-236.9478	-348.9323	111.9845	1.761903	4.331488	3.526713	0.2455979
2670	-226.2231	-337.797	111.5739	1.558365	4.331488	5.989371	0.3214571
2676	-232.9434	-345.317	112.3736	1.558365	3.882821	3.939344	0.4123436
2682	-228.0021	-339.8545	111.8524	2.045809	3.469319	3.939344	0.2464109
2688	-230.7558	-342.0614	111.3056	2.233682	3.454581	3.939344	0.1377109
2694	-234.2762	-344.3801	110.1039	2.233682	6.962996	3.939344	0.1028426
2700	-234.0178	-346.4711	112.4533	2.233682	5.087941	1.112406	0.1778611
2706	-221.0944	-332.1039	111.0095	2.233682	5.087941	2.714399	0.09895957
2712	-221.8002	-333.3136	111.5134	2.234392	3.511233	2.714399	0.09895957
2718	-235.4521	-346.4089	110.9568	2.25491	2.66321	7.185609	0.1825831
2724	-227.5599	-338.7258	111.1659	2.269514	4.045543	3.39147	0.1215931
2730	-234.1057	-345.1789	111.0732	2.254703	3.8503	3.39147	0.09734546
2736	-228.5044	-340.2911	111.7867	2.254703	3.91957	1.854744	0.09675512
2742	-232.5992	-344.683	112.0838	2.254703	3.91957	1.854744	0.1427943
2748	-241.4751	-353.819	112.344	2.138807	3.587651	1.854744	0.1482382
2754	-233.7925	-345.7477	111.9552	1.39863	3.928273	5.958843	0.5384149
2760	-228.8	-341.2707	112.4707	2.044119	3.110769	2.2702	0.167806
2766	-234.7992	-347.107	112.3078	2.052564	3.317693	2.2702	0.1511343
2772	-237.6529	-349.216	111.5631	2.136702	3.317693	4.061821	0.1707488
2778	-237.9407	-349.5073	111.5666	2.178717	2.068754	5.40533	0.1385673
2784	-229.2906	-342.0173	112.7267	0.4027075	2.546295	3.746303	1.876104
2790	-235.9527	-348.593	112.6403	0.5814321	2.578601	3.746303	1.802069
2796	-238.211	-350.3916	112.1805	0.4435179	2.412526	3.247169	2.373257
2802	-235.057	-348.2533	113.1963	0.7825709	2.893938	3.247169	1.270275
2808	-235.4507	-348.6991	113.2484	1.044943	2.897981	3.247169	0.9849377
2814	-234.1192	-347.7971	113.6779	0.7435174	2.896055	3.065757	0.9292126
2820	-232.3164	-345.3154	112.999	1.145129	2.727799	3.896667	0.9697648
2826	-228.1509	-342.2748	114.1239	1.369835	3.107224	0.8099134	1.229354
2832	-235.1703	-349.8268	114.6565	1.793539	2.203193	0.8099134	0.6310352
2838	-227.7698	-341.5447	113.7749	1.41657	3.843503	1.358093	0.6933113
2844	-232.9734	-347.43	114.4566	1.210806	3.46585	0.7349384	1.027337
2850	-228.874	-342.823	113.949	1.03082	3.46585	1.453599	1.027337
2856	-232.1292	-345.655	113.5258	1.168064	3.46585	2.055375	0.916065
2862	-238.1412	-351.1876	113.0465	1.170906	6.548389	1.666668	0.6946637
2868	-246.8471	-359.5853	112.7383	0.8687419	7.86575	2.192557	0.7252506
2874	-233.3215	-345.8321	112.5106	0.4617109	4.677006	3.738396	1.417926
2880	-231.2849	-342.3396	111.0547	1.087961	2.530544	11.65298	1.387096
2886	-229.428	-342.78	113.352	1.009828	3.708341	2.309358	1.023235
2892	-228.6762	-342.151	113.4747	0.8243703	3.708341	2.309358	1.082947
2898	-234.2467	-346.8996	112.6529	1.152444	4.847264	3.490907	0.5254071
2904	-239.4878	-352.3336	112.8458	0.9295485	4.609483	3.3507	0.8318507
2910	-232.9813	-345.9717	112.9904	0.4781619	3.745743	3.3507	1.378492
2916	-230.4859	-342.9776	112.4918	0.374787	3.539247	3.3507	1.869303
2922	-237.7872	-349.9598	112.1726	0.3481784	4.154031	4.127545	1.769182
2928	-238.4892	-351.4248	112.9356	0.3172292	2.002205	4.9534	1.727081
2934	-232.7489	-346.5352	113.7863	0.2857412	2.198366	3.026299	1.531845
2940	-231.9282	-344.0762	112.148	0.2115036	3.8695	2.778626	2.283372
2946	-231.7291	-344.8593	113.1302	0.8624182	2.569723	2.778626	1.530098
2952	-236.9752	-350.1167	113.1415	1.07418	2.98026	3.326165	0.9960307
2958	-238.9868	-352.534	113.5472	0.4997577	4.222824	2.424293	1.099999
2964	-239.0419	-351.6677	112.6258	0.2118302	4.346428	2.787603	1.861554
2970	-236.5692	-349.6682	113.099	0.08522378	7.399884	1.861612	1.411995
2976	-228.1321	-341.5283	113.3962	0.1054355	5.136024	1.861612	1.572858
2982	-222.9286	-336.2565	113.3279	0.29129	7.084866	1.861612	1.103997
2988	-230.574	-342.6117	112.0378	0.7644454	7.084866	4.255091	0.8772945
2994	-232.989	-344.8885	111.8995	0.8258212	6.006681	2.960725	1.565215
3000	-237.885	-350.0579	112.1729	0.6850824	4.002683	2.634639	1.971122
3006	-229.8046	-342.5515	112.7469	0.2755314	3.537627	2.634639	1.971122
3012	-236.4212	-348.4138	111.9926	0.2375994	3.541155	4.105924	2.113608
3018	-229.5807	-341.4387	111.858	0.7788108	2.574956	4.105924	2.113608
3024	-235.3237	-348.662	113.3383	0.8300067	2.90391	2.578037	1.349719
3030	-229.1419	-341.2127	112.0708	0.4468351	3.533954	4.447786	1.850137
3036	-226.0152	-337.7932	111.778	0.6533878	3.782303	4.447786	1.847613
3042	-228.8374	-342.7197	113.8823	1.065215	2.758518	1.301457	1.40659
3048	-227.7965	-340.5657	112.7693	0.8342333	4.585674	2.450672	1.367472
3054	-235.9974	-347.4758	111.4784	1.239614	2.694581	9.678168	1.085632
3060	-223.2051	-336.7276	113.5224	0.7139412	2.574713	3.313164	1.153249
3066	-225.6598	-337.845	112.1852	0.8774818	4.009039	3.313164	1.625789
3072	-232.799	-346.8286	114.0296	0.9637375	3.615813	1.406384	0.9943907
3078	-235.171	-347.9271	112.7561	1.471032	3.615813	3.427729	0.5268698
3084	-235.979	-348.6627	112.6837	0.9837155	4.717594	2.356319	1.323417
3090	-232.1293	-344.7472	112.6179	1.08634	6.475786	2.715824	0.5723663
3096	-229.4081	-342.4758	113.0678	0.9437505	7.41882	1.724261	0.6603461
3102	-244.9278	-357.5084	112.5807	0.8653026	8.468538	2.07277	0.8790043
3108	-232.3028	-345.4303	113.1275	0.8920391	1.902335	3.554195	1.542518
3114	-230.7202	-344.2141	113.4939	0.4759942	1.858151	4.182435	1.436491
3120	-227.0852	-339.8963	112.8111	0.5668274	1.697793	4.182435	1.932362
3126	-235.8726	-348.5692	112.6966	0.7070207	1.697793	4.216419	1.907561
3132	-242.4921	-355.6212	113.1291	1.509303	3.553886	2.505944	0.4312767
3138	-242.3098	-353.9647	111.6549	1.511029	3.737828	7.089184	0.4681087
3144	-233.1443	-345.8762	112.7319	1.511029	3.505747	3.475838	0.4390173
3150	-231.1058	-343.669	112.5632	1.415881	3.001129	4.897724	0.5686622
3156	-226.3199	-338.7902	112.4703	1.228749	3.588021	4.897724	0.6883194
3162	-229.4219	-342.2804	112.8585	1.066696	12.14813	0.935444	0.5583489
3168	-223.485	-336.6192	113.1342	1.066696	9.723541	0.935444	0.736911
3174	-226.18	-338.6283	112.4482	1.34912	6.14384	2.677418	0.4292389
3180	-239.4452	-351.8882	112.443	1.34912	6.212714	2.677418	0.4925778
3186	-232.7252	-344.5193	111.7941	1.060351	6.205428	5.270943	0.650813
3192	-232.5412	-346.0938	113.5527	0.4514738	3.533296	1.579048	1.712253
3198	-237.2898	-349.5221	112.2323	0.5608518	4.171162	3.385857	1.759014
3204	-237.311	-351.0633	113.7523	0.2209878	3.156068	1.7429	1.759014
3210	-225.5065	-338.962	113.4555	0.1285042	4.234637	1.7429	1.759014
3216	-224.9649	-337.8932	112.9283	0.2874997	4.234637	1.7429	2.009773
3222	-223.495	-336.8004	113.3054	0.7801708	4.234637	1.7429	1.390837
3228	-227.5267	-339.9948	112.4681	0.5682266	4.903896	4.270587	1.165214
3234	-229.1212	-342.5635	113.4423	0.204283	3.618209	2.291618	1.636596
3240	-231.7756	-344.2832	112.5076	0.3840943	3.618209	1.679054	2.383821
3246	-228.7162	-341.811	113.0947	0.4449776	2.160796	1.679054	2.383821
3252	-221.3328	-334.3102	112.9774	0.5729318	3.466393	2.194663	1.781318
3258	-224.2117	-336.9545	112.7428	0.6433444	3.466393	2.194663	1.894104
3264	-229.7323	-342.5165	112.7842	0.4972701	1.862874	4.328792	1.894104
3270	-225.1882	-338.5237	113.3355	0.8298631	1.883301	4.22118	1.258687
3276	-224.0093	-337.1553	113.146	1.100694	2.093371	4.22118	1.079072
3282	-228.5652	-341.3214	112.7562	0.9706605	2.093371	6.58943	0.9710249
3288	-236.0471	-348.1007	112.0536	0.6664619	2.360982	6.58943	1.674794
3294	-238.031	-350.7752	112.7442	0.1883574	5.237035	3.10075	1.513374
3300	-240.3367	-352.1616	111.8249	1.031877	6.242654	4.409911	0.9680248
3306	-235.6891	-348.8538	113.1647	0.9593803	4.232824	2.660791	0.9046965
3312	-247.2237	-358.8873	111.6636	1.167069	3.462836	3.248352	1.940349
3318	-230.0601	-343.6761	113.616	1.167069	6.007473	0.9864659	0.8600064
3324	-230.1638	-342.9343	112.7705	0.9102184	6.007473	2.876949	0.7111676
3330	-228.5037	-341.1177	112.614	1.030524	5.710984	2.876949	0.861916
3336	-236.6744	-348.376	111.7015	0.6036776	5.795775	4.694808	1.459903
3342	-237.4797	-350.3001	112.8204	0.7185092	6.697573	1.451963	1.467987
3348	-235.5894	-348.8841	113.2947	0.5783956	5.740548	1.451963	1.383546
3354	-242.0621	-354.5973	112.5352	0.4515271	3.909552	2.223598	2.04439
3360	-236.7001	-349.526	112.8259	0.141696	3.909552	2.455308	1.977153
3366	-231.6257	-344.6762	113.0505	0.1175117	3.298206	2.948914	1.838494
3372	-232.6208	-345.4004	112.7796	0.4616076	3.232807	2.124719	2.077478
3378	-237.6831	-350.5725	112.8893	0.4345986	4.418815	2.124719	1.738999
3384	-235.7004	-348.2749	112.5745	0.4477272	4.112337	2.124719	2.011639
3390	-236.6863	-348.3037	111.6175	0.533392	2.88104	5.482605	2.076717
3396	-238.9027	-352.7294	113.8268	0.5258364	2.69591	1.932004	1.545066
3402	-237.4897	-350.1143	112.6246	0.4011201	4.379598	2.743058	1.738114
3408	-236.84	-349.7931	112.9531	0.6371818	6.012104	2.319714	1.112965
3414	-234.4546	-347.9869	113.5323	0.5048203	6.79139	1.391217	1.077013
3420	-228.4262	-341.0909	112.6647	0.3636045	2.608738	2.720434	2.197067
3426	-231.3256	-344.7588	113.4332	0.4753838	2.756545	1.849183	1.875445
3432	-229.9164	-343.1458	113.2293	1.14523	4.433276	2.4173	0.6096945
3438	-226.2805	-340.031	113.7506	1.070526	4.028633	1.65131	0.8281785
3444	-232.4058	-345.6372	113.2315	1.177277	4.028633	2.286271	0.8683147
3450	-228.6489	-340.8296	112.1807	1.177277	4.028633	5.018385	0.8968853
3456	-236.0942	-348.9301	112.8359	0.8148265	3.992978	2.949184	1.295799
3462	-242.9879	-356.2839	113.2959	0.7749165	3.722503	0.9649975	1.974975
3468	-224.615	-337.6962	113.0812	0.7749165	3.722503	2.579513	1.341191
3474	-224.9409	-338.191	113.2501	0.5257705	3.50942	2.579513	1.464058
3480	-220.7373	-334.3599	113.6226	0.8607706	2.680388	2.579513	1.171249
3486	-231.6046	-344.3948	112.7902	1.09561	2.680388	4.12319	1.162418
3492	-227.1695	-339.5325	112.3629	0.7013438	4.471051	1.976869	1.96418
3498	-232.6158	-345.4496	112.8338	0.8626162	3.321742	3.557982	1.258871
3504	-229.0198	-341.7597	112.7399	0.4775409	5.442309	3.557982	1.090303
3510	-234.4563	-348.1953	113.739	0.9735831	5.442309	0.9312139	1.132149
3516	-236.6622	-351.1785	114.5163	1.428385	2.945958	0.9373757	0.6443387
3522	-235.0015	-346.7051	111.7036	0.725018	2.760165	7.868417	1.554302
3528	-239.3045	-351.3438	112.0393	0.9187632	2.760165	7.876418	1.128966
3534	-240.6356	-353.9499	113.3143	0.9548113	1.983205	3.670679	1.278191
3540	-232.5301	-344.7201	112.19	0.9087003	2.455729	3.670679	1.945406
3546	-236.344	-349.1159	112.7719	0.6609451	2.72957	3.670679	1.621989
3552	-223.2516	-336.2796	113.028	0.6735992	5.095524	2.220763	1.26616
3558	-226.6328	-339.7702	113.1374	0.7522622	5.016424	1.696518	1.384859
3564	-239.7655	-352.4339	112.6684	0.7852202	5.016424	1.93098	1.601106
3570	-233.0785	-345.7417	112.6632	1.145918	3.060103	4.737217	0.886342
3576	-234.3328	-347.2667	112.9339	1.231543	3.060103	4.016198	0.7107533
3582	-231.7775	-343.9767	112.1991	1.018374	4.131888	4.448396	1.164123
3588	-234.3803	-347.9631	113.5828	0.8979096	4.131888	1.423783	1.281657
3594	-233.2533	-347.2984	114.0452	1.19788	5.693062	0.6816565	0.8214359
3600	-240.6402	-354.1188	113.4786	0.8536604	5.262211	1.139603	1.321982
3606	-230.1814	-343.5959	113.4144	0.5147858	6.519932	1.471773	1.173067
3612	-231.2602	-345.0244	113.7642	1.272723	2.892717	1.471773	1.175915
3618	-227.6283	-340.695	113.0666	0.6968251	6.13972	1.471773	1.381676
3624	-233.757	-346.672	112.915	0.61288	6.13972	1.826986	1.375919
3630	-232.7543	-345.5788	112.8245	0.3594539	8.346193	1.826986	1.284386
3636	-226.8486	-339.6143	112.7656	0.6771421	9.921106	1.826986	0.7555558
3642	-239.292	-352.1846	112.8927	0.697011	9.921106	1.306491	1.016168
3648	-229.9869	-343.3724	113.3854	0.7938102	9.194722	0.9229464	0.8954637
3654	-226.9253	-340.36	113.4347	0.8057768	6.519071	0.9229464	1.318071
3660	-233.3824	-346.7884	113.406	0.9534237	5.55913	1.6055	0.8835636
3666	-230.5052	-343.8725	113.3673	0.8649538	5.148001	1.6055	1.120448
3672	-237.7211	-350.7945	113.0735	0.9379846	5.443006	2.078986	0.9712388
3678	-225.7233	-338.5576	112.8344	0.6734948	8.064943	1.949635	0.9712388
3684	-225.1281	-337.6444	112.5163	0.68493	4.685352	2.446013	1.648297
3690	-226.2401	-338.3324	112.0923	0.5372686	4.488346	3.99679	1.648297
3696	-218.5541	-331.4603	112.9062	0.607223	5.780085	2.225771	1.271166
3702	-218.4821	-331.6132	113.1312	0.6226946	5.802618	1.2335	1.59355
3708	-224.1202	-337.0561	112.9358	0.4705918	4.582733	2.25457	1.59355
3714	-221.2706	-334.4729	113.2022	0.1601342	5.585028	1.848682	1.59355
3720	-231.26	-344.5563	113.2962	0.1334645	4.896291	1.885918	1.662603
3726	-230.4362	-344.3584	113.9222	0.6637386	3.130234	1.944311	1.20635
3732	-236.2628	-349.4401	113.1773	0.02249698	8.398522	2.310669	1.015824
3738	-242.5283	-355.6034	113.0751	0.01152918	9.038587	2.310669	1.015824
3744	-241.239	-353.3158	112.0768	0.09414789	5.786839	2.377853	2.168735
3750	-230.2747	-343.0857	112.811	0.009426357	8.354354	2.021381	1.476208
3756	-231.9765	-344.9201	112.9436	0.01751071	7.395084	1.482891	1.763287
3762	-233.0523	-346.6356	113.5833	0.02728863	7.395084	1.321165	1.377749
3768	-230.0714	-343.1403	113.0689	0.4693312	7.973402	0.9450766	1.60588
3774	-231.2771	-344.0969	112.8198	0.4374964	4.84008	2.707102	1.481702
3780	-234.5567	-346.853	112.2963	0.291	4.84008	2.707102	1.955386
3786	-236.8977	-348.9215	112.0238	0.7216863	2.801472	2.622162	2.350699
3792	-231.7747	-344.9376	113.163	0.8496485	5.138686	1.593533	1.316255
3798	-223.3211	-336.4933	113.1722	0.7930345	6.714649	1.61006	1.007638
3804	-227.1507	-340.3828	113.2321	0.9777215	4.315585	1.938037	1.166862
3810	-237.0422	-348.9927	111.9505	1.31592	4.315585	4.579489	1.027801
3816	-228.2685	-341.2326	112.9641	0.8769266	5.864385	2.435811	0.8279784
3822	-227.5219	-341.0243	113.5024	0.9306358	3.244126	2.435811	1.061002
3828	-231.4554	-345.0088	113.5534	1.013018	3.244126	2.435811	0.9265893
3834	-240.3768	-353.8246	113.4478	0.8861044	4.37044	2.125376	0.9265893
3840	-241.6992	-354.2688	112.5696	1.44964	5.440798	2.584435	0.4396798
3846	-241.8749	-354.2778	112.4029	1.529695	5.440798	2.584435	0.312834
3852	-241.825	-354.8996	113.0746	1.833821	4.26943	1.380684	0.2551215
3858	-249.9839	-362.3731	112.3892	1.640145	5.179637	1.89998	0.1655539
3864	-232.2042	-345.2539	113.0497	1.366312	2.692438	3.956205	0.5246033
3870	-235.7531	-349.0949	113.3418	1.340358	2.22609	3.483806	0.8088012
3876	-232.249	-345.7013	113.4524	0.951642	4.737761	2.109021	0.7009568
3882	-226.5659	-339.3173	112.7513	0.931296	3.430068	3.355799	1.298738
3888	-237.767	-350.6168	112.8499	0.5201879	3.430068	3.069693	1.624476
3894	-225.6749	-338.452	112.7771	0.608302	3.141829	3.069693	1.694968
3900	-231.9357	-344.7795	112.8437	1.032353	3.582846	3.523434	1.021354
3906	-229.6003	-343.3194	113.719	0.9187143	3.582846	1.905222	1.020873
3912	-225.0617	-337.5678	112.5061	0.6235798	4.419452	1.905222	1.959888
3918	-234.1409	-347.8022	113.6613	0.4594512	4.419452	1.905222	1.232348
3924	-237.828	-351.2845	113.4565	0.4744846	4.335517	2.284427	1.233329
3930	-240.2722	-352.9092	112.637	1.047077	7.649397	2.02979	0.806938
3936	-228.481	-341.2487	112.7678	1.047077	7.649397	2.02979	0.5486732
3942	-240.0496	-352.7698	112.7201	0.7452983	9.596403	1.342451	1.153086
3948	-229.7856	-343.6127	113.8271	0.9914628	2.89199	2.026788	1.043916
3954	-222.7611	-335.9339	113.1728	0.6486003	8.970332	1.492634	0.7644872
3960	-224.2397	-337.0588	112.8191	0.7206449	8.970332	1.492634	1.076407
3966	-240.1459	-353.625	113.4791	0.7478104	8.970332	0.785598	1.04565
3972	-242.5184	-355.8521	113.3338	0.7671687	8.970332	0.9447837	0.9949898
3978	-234.7419	-348.2098	113.4679	0.6920492	7.830811	0.9447837	1.135647
3984	-247.3103	-359.185	111.8746	1.948791	3.900808	3.242233	0.1814475
3990	-244.7729	-357.7508	112.9779	0.1667271	3.721051	3.189875	1.67378
3996	-238.9441	-351.0648	112.1207	0.7489143	2.504351	4.21943	1.957528
4002	-242.546	-355.2371	112.6911	0.234897	2.708915	3.073134	2.132815
4008	-232.3313	-345.0853	112.754	0.8224762	3.432515	3.073134	1.470177
4014	-229.742	-342.9675	113.2255	0.4948326	3.519253	1.764352	1.82649
4020	-238.4293	-350.9813	112.552	0.2009561	3.235012	4.374142	1.783116
4026	-236.7126	-349.4637	112.7512	0.3665763	3.766584	2.921046	1.760778
4032	-232.062	-344.9137	112.8517	0.5341446	3.766584	2.313905	1.775113
4038	-226.985	-339.6089	112.6239	0.6479268	3.156578	3.317683	1.700188
4044	-232.7632	-345.751	112.9877	0.5545476	3.817539	2.178207	1.703747
4050	-233.7778	-346.9573	113.1795	1.102806	3.685852	2.178207	1.168554
4056	-230.682	-343.9212	113.2392	1.257618	3.685852	1.901933	1.119891
4062	-225.7424	-339.8569	114.1145	1.030333	3.685852	0.8764212	1.271514
4068	-238.8844	-351.8963	113.012	0.9072829	2.694125	2.802314	1.533062
4074	-225.387	-339.8592	114.4722	1.709505	3.416577	0.3638858	1.113295
4080	-223.3671	-337.6085	114.2415	1.740083	4.825911	0.3638858	0.8383654
4086	-223.9948	-338.6633	114.6686	1.458244	3.983511	0.3638858	0.970035
4092	-234.8886	-349.2875	114.3989	1.503458	3.930539	0.5888981	0.8014431
4098	-235.8557	-349.6446	113.789	0.9732502	3.728113	2.016848	0.734394
4104	-242.8984	-354.5122	111.6138	0.7708661	2.025084	5.528696	2.197154
4110	-237.551	-350.4833	112.9323	0.3976891	3.058224	4.383416	1.41298
4116	-232.7118	-345.9671	113.2553	0.4761193	3.648322	2.002267	1.68308
4122	-226.4543	-339.4198	112.9656	0.645338	3.648322	3.732754	1.173108
4128	-226.0645	-339.5617	113.4972	0.8139219	3.144885	2.618584	1.128125
4134	-238.1747	-351.6198	113.4451	1.078855	1.978083	4.625012	0.6810508
4140	-223.4701	-336.8945	113.4244	1.445348	2.995644	2.400522	0.6810508
4146	-223.7708	-336.4993	112.7285	1.307729	2.676584	3.667633	1.169598
4152	-235.5798	-347.1802	111.6004	1.056436	2.49846	9.715295	1.217215
4158	-233.1338	-345.7076	112.5738	0.8647915	2.365178	6.736503	1.077798
4164	-229.5942	-341.8079	112.2137	0.7235781	3.8171	3.390122	1.740548
4170	-237.9704	-351.6911	113.7208	2.00842	4.158784	0.6412463	0.2717032
4176	-238.5893	-352.9481	114.3587	2.012332	2.899234	0.5768619	0.3284344
4182	-246.2025	-357.4369	111.2344	1.904102	4.595632	4.749118	0.1967291
4188	-239.255	-350.1631	110.908	2.43644	3.767882	4.749118	0.1777717
4194	-229.1398	-343.2568	114.117	1.282717	2.07037	2.060762	0.8384081
4200	-230.9757	-343.65	112.6742	1.026377	4.249211	2.060762	1.532201
4206	-229.4683	-342.2799	112.8116	0.709162	5.194108	2.604487	1.232371
4212	-232.9338	-346.6793	113.7455	1.245711	6.393919	0.8704933	0.5270118
4218	-234.9491	-347.9543	113.0052	1.066962	6.6331	1.883187	0.6697249
4224	-231.8164	-344.4164	112.6	0.72396	4.339508	3.081303	1.420865
4230	-235.1325	-347.7266	112.5941	0.6998339	3.092827	3.081303	1.77007
4236	-232.4169	-344.8888	112.4719	0.5383515	6.160063	2.55971	1.461311
4242	-233.908	-347.6871	113.7791	0.8195872	5.88599	0.9246861	1.139686
4248	-234.7414	-348.942	114.2007	1.008892	3.212786	0.9246861	1.322662
4254	-224.482	-337.7784	113.2964	0.8588157	3.798012	2.443693	1.122523
4260	-224.4683	-336.5805	112.1122	0.8588157	3.798012	6.629999	0.9676048
4266	-222.3491	-335.811	113.4619	1.312668	3.230181	2.283249	0.7756631
4272	-227.495	-341.0502	113.5552	1.341842	3.230181	2.25897	0.5371936
4278	-227.5915	-341.4108	113.8193	1.341842	2.627824	2.25897	0.5066721
4284	-227.9416	-341.2777	113.3361	1.805676	2.734767	2.180726	0.4265001
4290	-236.3965	-349.388	112.9915	1.958184	2.734767	2.180726	0.2446576
4296	-230.8865	-342.5958	111.7092	1.958184	3.93722	3.692845	0.1893959
4302	-239.8669	-351.3904	111.5235	1.699613	6.241876	3.388597	0.2196943
4308	-235.7885	-347.3819	111.5935	1.64652	6.780234	3.388597	0.2908922
4314	-237.7576	-350.6303	112.8727	1.64652	4.444443	1.960037	0.2908922
4320	-229.0125	-341.5186	112.5061	1.306354	4.444443	3.512134	0.7671381
4326	-231.7675	-345.2163	113.4487	0.6790681	5.369457	1.675921	1.117385
4332	-232.7264	-346.6438	113.9173	1.497122	5.539346	0.6678802	0.6387649
4338	-238.3905	-352.9687	114.5783	1.083804	3.184347	1.122938	0.6471119
4344	-222.5045	-336.0477	113.5432	0.8061577	4.357867	2.074522	0.9450427
4350	-222.0237	-335.0341	113.0105	0.9930044	3.898602	3.103891	0.9450427
4356	-237.6309	-351.233	113.6022	0.9054313	3.32404	2.621291	0.8544831
4362	-240.9697	-353.4168	112.4471	0.7730415	3.32404	2.621291	1.896954
4368	-234.773	-347.702	112.929	0.3700584	5.085415	1.852329	1.732231
4374	-221.3195	-333.8753	112.5558	0.5701753	7.08501	2.328222	1.299962
4380	-230.9821	-343.7481	112.766	0.802922	7.08501	2.493047	0.7837861
4386	-233.3464	-346.6586	113.3121	1.052853	4.537793	1.706789	1.096984
4392	-231.0176	-343.6889	112.6713	1.292076	3.39799	3.78914	0.9024729
4398	-226.0312	-338.7142	112.683	0.8882928	2.760002	4.913116	1.1943
4404	-231.1275	-344.1276	113.0001	0.92573	2.476033	2.852251	1.588687
4410	-245.0151	-358.0584	113.0433	0.6213381	4.058163	1.1962	2.022943
4416	-235.3975	-348.0272	112.6297	0.6353662	3.647984	4.009482	1.379147
4422	-227.7961	-341.013	113.2169	0.9747112	2.648785	3.451193	1.114206
4428	-231.3521	-344.2995	112.9474	0.5776846	2.648785	3.451193	1.641052
4434	-233.4717	-346.8078	113.3361	0.2346845	2.53397	1.735436	2.216593
4440	-236.296	-349.0521	112.7561	0.01833921	3.963866	3.598112	1.764401
4446	-230.3045	-342.9658	112.6613	0.02141654	4.4697	3.407493	1.764401
4452	-240.5302	-353.177	112.6468	0.01915073	1.688358	5.94203	2.082954
4458	-237.0089	-348.9297	111.9208	0.02181817	3.504255	6.501248	1.882146
4464	-238.3571	-351.4112	113.0541	1.029953	4.301156	2.180545	1.159154
4470	-232.7217	-345.9967	113.275	0.7962602	4.301156	2.341053	1.093737
4476	-236.9587	-350.1105	113.1517	1.371925	5.142178	1.751259	0.6675258
4482	-233.183	-345.8389	112.6559	1.371925	4.693097	3.033564	0.5545134
4488	-236.7645	-349.259	112.4945	1.637325	4.693097	2.756485	0.4007798
4494	-237.4449	-351.1051	113.6602	0.8437201	3.328318	1.183107	1.633494
4500	-237.2683	-350.3303	113.062	0.9902629	3.328318	2.790163	1.220691
4506	-231.1814	-344.0397	112.8583	0.6937034	3.221335	2.396784	1.772495
4512	-239.9033	-352.7207	112.8174	0.7698532	4.414035	2.523653	1.39312
4518	-237.921	-351.5119	113.5909	1.146521	2.997567	2.316507	0.9173938
4524	-237.7135	-351.3682	113.6547	0.9008063	3.087817	2.316507	1.063049
4530	-237.3546	-351.0666	113.712	1.078868	2.222151	3.209853	0.8088871
4536	-232.57	-346.0649	113.495	0.8782317	2.222151	4.422777	0.7967075
4542	-229.191	-341.4074	112.2164	0.7855899	6.583431	4.286106	0.7451937
4548	-229.4093	-342.3324	112.9231	0.5022385	3.912406	4.286106	1.089117
4554	-232.1135	-345.8709	113.7574	1.01117	3.912406	1.964856	0.6637855
4560	-231.0604	-343.4072	112.3468	0.9663467	3.912406	4.494578	1.131987
4566	-223.7932	-337.0206	113.2274	1.102573	2.646746	3.346592	1.022802
4572	-222.7174	-334.4812	111.7638	0.9247721	3.318077	7.329753	1.252103
4578	-228.1797	-342.2269	114.0473	0.6343577	2.308093	1.337904	1.741272
4584	-232.6973	-345.4994	112.802	0.5415048	2.371709	3.495081	1.851935
4590	-237.4024	-350.5342	113.1319	1.071498	2.371709	2.930783	1.393442
4596	-229.5908	-342.3122	112.7215	0.5651621	2.371709	5.555868	1.43529
4602	-230.786	-343.2344	112.4484	0.9750472	3.27228	5.761317	0.9119378
4608	-230.5733	-343.117	112.5437	1.325684	3.411867	4.633526	0.63233
4614	-233.7489	-347.5186	113.7698	1.153843	3.715111	1.543535	0.923014
4620	-225.4697	-338.4519	112.9822	0.4586583	5.627159	2.375031	1.297898
4626	-225.6305	-339.0293	113.3988	0.7209484	4.792607	1.612425	1.297898
4632	-227.8172	-341.5971	113.7799	0.7131384	4.485583	1.154198	1.360926
4638	-234.7289	-348.6417	113.9128	1.15509	3.245906	1.415194	1.052849
4644	-228.3658	-341.7084	113.3426	0.8984179	3.245906	2.05427	1.396249
4650	-236.0746	-348.6818	112.6073	1.073822	4.300663	3.476672	0.9890437
4656	-228.9914	-341.4271	112.4357	0.4932711	4.300663	3.455311	1.613971
4662	-225.8236	-339.3134	113.4898	0.7209954	3.590069	1.992195	1.344761
4668	-224.2944	-338.0855	113.7911	0.808376	3.698333	1.992195	0.9646919
4674	-224.9552	-339.2577	114.3025	1.040821	2.189705	2.033708	0.8449924
4680	-239.2082	-351.7674	112.5591	0.4366667	2.311307	5.702127	1.646323
4686	-241.0815	-354.7077	113.6262	0.9848041	1.70912	2.504352	1.525647
4692	-255.673	-369.9442	114.2712	1.204569	1.651227	2.446038	0.8116072
4698	-255.3809	-367.2161	111.8351	1.023484	2.579455	8.13978	1.244582
4704	-244.2857	-357.3976	113.1119	0.874119	2.293037	4.391344	1.1672
4710	-231.2901	-344.5173	113.2272	0.9258833	3.838899	2.130516	1.25493
4716	-233.6338	-346.736	113.1022	0.4209759	4.416105	2.643271	1.397918
4722	-229.9284	-342.3567	112.4283	0.4731708	4.517241	4.132885	1.405715
4728	-227.7807	-339.945	112.1644	0.5228417	4.41488	4.284603	1.55434
4734	-226.4532	-338.0958	111.6427	0.5381424	5.014107	2.603699	2.222097
4740	-228.19	-341.1341	112.9441	0.3118149	5.334532	2.234972	1.555752
4746	-230.7283	-343.6059	112.8776	0.3958756	4.514447	2.070889	1.774989
4752	-226.1634	-338.7178	112.5544	0.07947172	3.47338	3.083526	2.112872
4758	-233.9167	-346.8286	112.9119	0.0662838	4.11083	2.805612	1.811496
4764	-230.5013	-342.7509	112.2496	0.09312493	4.122814	3.075176	2.156091
4770	-225.571	-338.0102	112.4392	0.08935733	3.587943	3.075176	2.156091
4776	-226.8828	-340.1057	113.2229	0.3235198	3.587943	2.387704	1.680637
4782	-228.731	-340.8911	112.1601	0.3923513	3.587943	3.83775	1.94859
4788	-225.5053	-338.2788	112.7736	0.938884	3.587943	3.83775	1.067875
4794	-233.7855	-345.7469	111.9615	0.6240191	4.045061	3.83775	1.817157
4800	-226.9472	-340.0889	113.1417	0.6354948	4.045061	2.726295	1.258932
4806	-223.6414	-336.0788	112.4373	0.714573	3.61814	5.411359	1.137038
4812	-221.6145	-335.1821	113.5677	0.7474176	3.583441	2.097441	1.211187
4818	-231.7885	-344.1312	112.3426	1.246976	4.012365	2.097441	1.654508
4824	-229.9431	-342.7628	112.8197	0.7451794	4.345635	2.436285	1.460104
4830	-219.671	-332.6954	113.0244	1.260349	3.369122	3.209665	0.7891431
4836	-229.148	-341.749	112.601	1.260349	4.919111	3.209665	0.6422091
4842	-230.6445	-344.1328	113.4882	1.258612	2.880483	2.843319	0.5941621
4848	-239.7494	-352.9359	113.1865	1.258612	3.599247	2.843319	0.6317337
4854	-245.8807	-357.6811	111.8004	1.831493	3.679664	5.170715	0.4192845
4860	-241.0553	-352.5676	111.5123	1.823375	4.580328	5.170715	0.4192845
4866	-230.0449	-342.2516	112.2067	1.823375	2.288591	5.170715	0.2382313
4872	-234.8014	-346.9235	112.1221	2.000905	3.072143	3.527195	0.2127256
4878	-232.8477	-345.2614	112.4137	1.813496	3.072143	3.527195	0.2589706
4884	-230.4107	-343.4277	113.017	1.813496	2.161384	3.527195	0.4417274
4890	-240.8998	-353.6166	112.7168	1.139194	3.598174	3.443525	1.064154
4896	-239.5292	-352.4013	112.8721	0.7606166	3.197816	2.093748	1.835603
4902	-240.76	-354.8988	114.1388	2.200383	4.884756	0.2412655	0.7134331
4908	-236.0036	-349.7548	113.7512	0.993219	4.884756	1.158438	1.039577
4914	-233.6134	-347.232	113.6185	1.072637	6.169243	1.07616	0.8174019
4920	-231.9917	-344.0959	112.1041	0.8510701	3.929463	4.245506	1.48166
4926	-227.0993	-340.6831	113.5838	1.151268	2.35992	3.340529	0.7079856
4932	-246.3407	-360.1843	113.8436	1.125173	2.221822	2.737672	0.8400972
4938	-237.4733	-351.2565	113.7831	0.7802372	2.221822	2.541685	1.311768
4944	-230.8012	-344.7594	113.9582	0.8465348	1.584587	1.531014	1.856951
4950	-226.8048	-340.0896	113.2848	1.217533	3.224032	2.968355	0.6968309
4956	-231.0418	-344.066	113.0242	1.217533	2.866749	3.463252	0.9658915
4962	-229.6538	-343.8653	114.2116	0.8176649	5.428275	0.5833388	1.235274
4968	-234.0079	-348.0829	114.075	0.9391961	4.28249	0.5894428	1.500763
4974	-231.4736	-345.8768	114.4032	1.518403	3.057345	0.8535084	0.7610634
4980	-232.1148	-345.9221	113.8073	1.363533	2.635307	2.050136	0.7616479
4986	-233.4722	-345.6038	112.1317	1.344821	2.635307	7.371524	0.7317811
4992	-228.7758	-340.7023	111.9265	1.042677	3.545362	7.371524	0.8980099
4998	-224.8777	-337.6585	112.7809	0.846793	5.676274	2.728326	0.9640305
5004	-231.4365	-345.6057	114.1692	0.7130363	4.019021	1.640654	0.7597342
5010	-230.8734	-344.1757	113.3022	0.8783093	6.853644	1.562639	0.761415
5016	-229.4489	-343.3213	113.8724	0.5554933	3.068553	2.148736	1.261635
5022	-233.6924	-346.0486	112.3562	0.4492114	3.068553	4.878017	1.688139
5028	-238.4968	-350.8243	112.3275	0.4798713	2.44037	4.878017	1.885908
5034	-229.7872	-343.1998	113.4126	0.3064162	2.271119	2.609798	1.885908
5040	-227.66	-340.6933	113.0334	0.1871821	2.271119	3.055848	2.086248
5046	-238.2005	-351.6859	113.4854	0.462882	2.106804	1.893502	2.050498
5052	-232.1837	-345.2699	113.0862	0.7398889	3.189661	1.853875	1.802625
5058	-233.9596	-347.7243	113.7647	0.3520794	1.573287	2.845292	1.831023
5064	-220.7748	-335.2003	114.4254	1.07367	1.699021	2.086284	0.9673188
5070	-224.2335	-337.5121	113.2785	1.107594	3.4688	2.662551	0.9081335
5076	-226.0053	-339.6199	113.6146	1.113459	2.361827	2.196498	1.261812
5082	-231.3675	-344.5575	113.19	1.138153	2.31377	3.870163	0.9979045
5088	-234.6909	-347.5513	112.8603	0.3696251	7.674349	1.640512	1.445467
5094	-232.9588	-345.8315	112.8727	0.4330818	7.674349	2.05417	1.17409
5100	-246.8728	-359.3603	112.4875	0.3765296	3.919167	2.743833	1.952095
5106	-247.8826	-361.2034	113.3208	0.2242885	4.590857	2.174526	1.521562
5112	-233.0411	-345.7405	112.6995	0.9986116	3.240498	4.826167	0.8993286
5118	-227.7623	-339.9608	112.1985	0.8900646	3.849326	4.643011	1.303172
5124	-224.7312	-338.6817	113.9505	1.228205	3.849326	1.430685	0.5886896
5130	-230.3016	-343.6759	113.3743	1.285642	4.283436	1.986798	0.5988427
5136	-235.1278	-348.2684	113.1407	1.224443	4.283436	2.524638	0.6183622
5142	-222.1458	-335.2687	113.123	1.079665	4.283436	2.059126	1.1191
5148	-229.8208	-342.5805	112.7597	0.5260086	2.333922	3.532684	1.895085
5154	-233.6601	-346.2785	112.6184	0.5345549	4.344875	3.135477	1.532006
5160	-229.5873	-341.6151	112.0279	0.244557	3.995129	3.152407	2.208614
5166	-231.2833	-344.6312	113.3479	0.1049874	6.468923	1.52186	1.532092
5172	-237.758	-350.3935	112.6354	0.1177142	6.468923	1.975374	1.819577
5178	-232.4468	-345.0277	112.5809	0.09338051	3.305548	1.975374	2.477584
5184	-227.277	-339.5371	112.2602	0.07232195	4.273297	1.975374	2.477584
5190	-225.3211	-337.5389	112.2179	0.1145944	4.273297	1.975374	2.477584
5196	-227.9535	-341.326	113.3725	0.08362028	4.273297	1.707343	1.855089
5202	-217.9095	-329.7127	111.8032	0.05658448	4.273297	5.668741	1.893106
5208	-228.778	-340.4129	111.635	0.4062844	4.213924	5.342777	1.839888
5214	-227.673	-341.0031	113.3301	0.4613025	6.439091	1.440021	1.323322
5220	-222.8708	-335.3084	112.4376	0.7621606	5.45727	2.980342	1.299801
5226	-221.9301	-335.2695	113.3394	0.5145854	4.146104	2.028425	1.456056
5232	-229.3514	-342.886	113.5346	0.8124454	2.96424	1.939826	1.456056
5238	-227.3501	-340.1237	112.7736	0.7638798	4.727795	2.274441	1.456056
5244	-252.3643	-365.159	112.7948	0.8689465	5.792787	1.221221	1.667879
5250	-241.4024	-354.4761	113.0737	0.3110167	10.2254	1.221221	1.223319
5256	-232.3163	-345.246	112.9298	0.1970794	10.75849	1.765058	1.018385
5262	-232.331	-344.7593	112.4283	0.9307201	9.284556	1.765058	1.018385
5268	-222.9699	-335.9605	112.9906	0.9327114	3.840651	3.172846	1.018385
5274	-238.275	-350.5045	112.2295	1.085492	5.701224	3.172846	1.076628
5280	-233.0008	-345.6054	112.6046	0.9512209	5.701224	3.172846	0.8201826
5286	-234.9435	-347.583	112.6395	0.9899074	4.085654	3.753623	1.009124
5292	-234.5379	-347.9184	113.3805	0.8993523	3.097651	1.604179	1.624878
5298	-231.7284	-344.0233	112.2949	0.3977044	3.097651	2.853993	2.235091
5304	-228.8342	-341.4688	112.6346	0.1306343	4.447195	3.458943	1.697454
5310	-229.6887	-342.4391	112.7504	0.1724139	3.242238	3.09355	1.978268
5316	-232.1202	-344.1967	112.0765	0.3154637	3.415909	2.351947	2.497282
5322	-218.3703	-329.7788	111.4085	0.3353758	2.759955	4.260289	2.594324
5328	-219.9089	-332.6683	112.7595	0.5650837	2.759955	3.50624	1.732356
5334	-223.9602	-336.6661	112.7058	0.6560429	3.82422	2.944118	1.564511
5340	-229.9087	-342.4307	112.522	0.9966775	3.039193	4.33307	1.281828
5346	-228.8053	-342.0804	113.2752	0.7980965	3.039193	2.111691	1.562329
5352	-232.2232	-344.9862	112.7629	1.111241	5.020689	2.870436	0.8070687
5358	-227.2485	-339.9272	112.6787	1.111241	5.183128	2.910384	0.8351283
5364	-242.117	-355.9717	113.8547	0.7451666	4.041478	0.9767735	1.517708
5370	-233.6635	-347.2803	113.6168	0.7483764	4.165147	1.368595	1.399341
5376	-231.2157	-343.5346	112.3189	0.5833912	5.380038	3.749157	1.315168
5382	-233.7942	-347.1092	113.315	1.057384	3.285382	1.891878	1.356432
5388	-234.3149	-347.1823	112.8674	0.6781616	3.285382	3.411151	1.434363
5394	-231.5042	-345.0814	113.5772	0.8824218	3.515319	2.562201	0.8581768
5400	-232.1919	-345.4168	113.2249	0.9932752	3.515319	3.520849	0.5828547
5406	-237.3884	-350.1653	112.7768	1.223602	4.773884	3.02113	0.5900476
5412	-228.3677	-341.4182	113.0505	1.414934	3.414603	3.02113	0.5284314
5418	-230.2737	-342.4483	112.1746	1.060999	5.758878	4.353731	0.6350422
5424	-233.123	-345.0054	111.8825	1.090345	6.909882	4.353731	0.626972
5430	-241.1955	-352.5818	111.3864	0.9276359	8.593849	5.426686	0.6745176
5436	-232.4355	-344.749	112.3135	0.4599614	8.593849	2.407634	1.315735
5442	-236.4307	-348.6291	112.1984	0.7009095	4.939361	3.792273	1.400815
5448	-235.6209	-348.2348	112.6139	0.7896537	7.016232	2.830332	0.8132545
5454	-218.8423	-332.5975	113.7552	0.999184	4.155756	1.65289	0.8572521
5460	-228.6381	-341.9466	113.3085	0.9873089	5.910584	1.65289	0.814119
5466	-230.4698	-343.6681	113.1982	0.8062304	5.308597	2.16001	0.9682222
5472	-230.5313	-343.8201	113.2888	0.6174265	5.071495	2.16001	1.124368
5478	-229.7461	-343.0937	113.3476	0.4675994	3.949456	2.16001	1.478687
5484	-231.3878	-344.2803	112.8925	0.387454	5.180238	2.16001	1.598477
5490	-227.967	-341.8933	113.9262	0.4972638	5.056395	1.610067	0.9570741
5496	-229.9528	-342.7496	112.7967	0.7375349	6.378753	1.803938	1.338308
5502	-233.0117	-344.792	111.7803	0.974454	5.05128	6.293602	0.8593475
5508	-229.3093	-341.2377	111.9285	1.080638	3.949604	5.491957	1.141459
5514	-243.5052	-356.2673	112.7621	0.668201	4.366195	3.399592	1.226293
5520	-233.8946	-345.8849	111.9904	0.753555	4.366195	6.696617	0.9921212
5526	-238.5099	-351.2161	112.7062	0.905034	3.40445	3.789252	1.233526
5532	-240.4692	-352.4639	111.9948	0.2454827	5.769238	3.692279	1.74893
5538	-244.3972	-356.6472	112.25	0.8215804	3.099865	3.730826	1.74893
5544	-242.1098	-353.9504	111.8406	0.6568414	4.130633	3.219028	2.013937
5550	-239.6859	-353.0631	113.3772	0.9607346	4.130633	1.93186	1.108992
5556	-233.2459	-344.7471	111.5012	0.602664	6.974625	4.81942	1.378202
5562	-228.3529	-341.212	112.8591	0.3901394	5.307477	2.735487	1.378202
5568	-226.3843	-339.8484	113.4641	0.7330506	4.201831	1.404245	1.497327
5574	-225.7654	-338.6304	112.865	0.9013813	3.854988	3.448117	1.060656
5580	-228.512	-342.1146	113.6026	0.4943581	3.854988	1.867599	1.418754
5586	-231.2662	-343.672	112.4058	0.3361365	3.854988	3.369916	1.871919
5592	-226.547	-339.4821	112.9351	0.6736174	4.500527	2.384488	1.4097
5598	-234.1146	-347.2386	113.124	0.8301481	3.846445	2.136011	1.4097
5604	-239.3993	-352.8328	113.4335	0.8246407	4.018161	1.532237	1.424231
5610	-231.281	-344.5221	113.241	0.8746327	3.012701	1.620339	1.758695
5616	-234.4903	-348.2106	113.7204	0.5662808	3.012701	1.452152	1.723872
5622	-232.6355	-346.5706	113.9351	1.085419	3.003052	1.452152	1.161599
5628	-234.0304	-346.318	112.2875	0.6525507	5.484019	2.557077	1.6377
5634	-233.6372	-346.3708	112.7335	0.3554658	5.509702	2.557077	1.523899
5640	-231.377	-344.6059	113.229	0.5250116	2.416371	2.557077	1.82783
5646	-226.3185	-339.1123	112.7939	0.4045594	2.416371	4.522123	1.69586
5652	-228.2217	-342.0347	113.813	0.6299539	3.264208	1.655475	1.426911
5658	-226.8404	-341.1629	114.3225	1.146025	3.264208	1.101825	0.905802
5664	-230.5338	-343.876	113.3422	0.8351575	6.163818	1.314777	1.134294
5670	-232.1741	-345.5121	113.338	0.6004407	5.447474	1.314777	1.473485
5676	-222.7527	-336.2609	113.5082	0.1676283	3.014446	3.294141	1.454148
5682	-225.99	-338.0425	112.0526	0.0714827	3.691977	3.294141	2.334909
5688	-223.7594	-336.235	112.4756	0.04639633	3.691977	3.294141	2.07753
5694	-232.6727	-345.6519	112.9792	0.01053562	2.562568	3.294141	2.07753
5700	-237.6534	-350.5047	112.8513	0.006268387	2.329191	3.173572	2.270577
5706	-237.6566	-350.0109	112.3542	0.00196938	3.595763	3.056559	2.270577
5712	-234.5445	-347.5114	112.9668	0.009728522	3.178066	3.294141	1.904895
5718	-227.2948	-339.8756	112.5808	0.004751254	5.675899	2.929517	1.733806
5724	-221.7028	-334.7812	113.0785	0.002224449	5.778418	3.216771	1.249841
5730	-216.0979	-328.909	112.8111	0.004271149	3.33815	3.002309	2.050066
5736	-231.0757	-343.7474	112.6717	0.002044502	4.354928	3.002309	1.907366
5742	-232.4893	-344.1522	111.6629	0.006713912	4.354928	3.002309	2.555761
5748	-230.6113	-343.9032	113.2919	0.01737271	2.948703	1.878423	2.204335
5754	-229.0293	-342.48	113.4507	0.02674017	4.701584	1.878423	1.672138
5760	-224.2701	-337.434	113.164	0.08685279	4.701584	2.275527	1.672138
5766	-236.7625	-349.6067	112.8442	0.8036236	4.207824	2.275527	1.493264
5772	-241.1998	-353.9592	112.7595	0.1216962	6.870813	1.834853	1.728214
5778	-236.1558	-349.1465	112.9908	0.08106513	6.943242	1.629305	1.67786
5784	-227.8191	-341.1765	113.3574	0.1003755	4.608358	1.629305	1.818991
5790	-233.7049	-347.1135	113.4086	0.02803131	4.679296	1.629305	1.818991
5796	-231.1843	-344.1219	112.9376	0.04658005	5.199157	3.474645	1.368513
5802	-228.4391	-341.8877	113.4486	0.04732969	5.199157	1.868958	1.561029
5808	-229.7769	-342.8912	113.1143	0.08019956	5.199157	1.868958	1.776371
5814	-229.7347	-343.1101	113.3754	0.04469245	4.732161	2.959198	1.290993
5820	-231.2413	-343.9134	112.6721	0.03344186	4.177407	3.95835	1.673419
5826	-234.0744	-347.1221	113.0477	0.0272059	3.727875	3.099092	1.747587
5832	-245.5663	-357.4402	111.8739	0.005456777	2.731491	7.472033	2.000696
5838	-238.1742	-350.0342	111.86	0.009901134	2.731491	4.764125	2.427637
5844	-228.8777	-341.6175	112.7397	0.05026107	2.731491	2.319394	2.437657
5850	-230.1944	-341.9913	111.797	0.1633693	4.744681	2.518771	2.437657
5856	-232.4863	-344.6008	112.1145	0.61543	4.464645	3.708147	1.653405
5862	-230.5566	-342.9225	112.3658	0.6866708	3.620256	3.597763	1.653405
5868	-235.282	-347.0631	111.7811	0.4698053	4.126197	5.117798	1.756615
5874	-228.2693	-341.1939	112.9246	0.2167579	5.100445	2.459795	1.600928
5880	-243.3884	-356.7891	113.4007	0.4242084	4.476783	2.203597	1.319996
5886	-234.4767	-347.5049	113.0282	0.5354056	4.062933	2.203597	1.618722
5892	-236.0171	-349.5164	113.4993	0.2705103	3.890807	1.90363	1.636447
5898	-228.952	-342.7857	113.8337	0.7741681	2.523734	1.853589	1.450936
5904	-233.5142	-346.856	113.3419	1.184081	2.797142	3.176211	0.8033565
5910	-240.0141	-353.7391	113.725	0.6732254	2.614986	1.699225	1.646812
5916	-231.5818	-345.106	113.5242	0.5736692	3.531371	1.200066	1.853567
5922	-229.5226	-343.2637	113.7411	0.6535642	4.390456	1.246559	1.398019
5928	-231.3398	-344.6101	113.2703	1.083954	4.286892	1.337519	1.396518
5934	-227.9753	-340.9368	112.9614	0.9724201	3.190805	4.019169	0.9377473
5940	-230.5334	-343.1108	112.5774	1.01031	4.324709	4.019169	0.8733105
5946	-241.8766	-355.4579	113.5813	0.7344834	2.281355	4.296838	0.8778293
5952	-227.8554	-340.7075	112.8521	1.207032	3.944554	3.366715	0.722569
5958	-229.6812	-342.8273	113.1461	1.224456	4.443028	2.445758	0.5647181
5964	-231.8523	-345.7315	113.8792	1.635044	4.567289	0.7977177	0.6551504
5970	-231.9015	-345.1733	113.2718	0.7265371	6.02056	1.131388	1.438475
5976	-231.6579	-344.9204	113.2625	0.6923736	6.02056	1.17987	1.438475
5982	-239.8891	-353.2514	113.3624	1.012328	4.134639	1.070276	1.593226
5988	-234.5088	-348.8319	114.3231	0.8403115	2.993523	1.070276	1.31522
5994	-234.8717	-348.3167	113.445	0.8403115	4.400675	1.291742	1.450722
6000	-231.7072	-345.4248	113.7176	0.6378887	2.620105	1.291742	1.885113
6006	-239.5447	-352.0665	112.5218	0.5288633	2.564284	3.909397	1.885113
6012	-235.0147	-346.3487	111.334	0.4625728	3.940551	4.500508	2.221706
6018	-234.1693	-346.4937	112.3244	0.2781912	2.606212	7.072814	1.596622
6024	-242.7897	-354.7316	111.9419	1.057205	3.226797	7.403564	0.990023
6030	-236.7629	-348.1932	111.4303	1.207906	3.611151	7.403564	1.188128
6036	-225.2451	-338.0659	112.8207	1.068635	3.611151	3.767967	0.9042287
6042	-235.808	-349.3974	113.5894	1.15473	2.414244	2.709329	0.9915418
6048	-224.4297	-338.1327	113.703	1.15473	2.274961	2.709329	0.9487575
6054	-240.32	-354.0939	113.7738	1.038955	2.824257	2.395904	0.8710494
6060	-235.8663	-349.5204	113.6541	0.8396466	2.477333	2.163106	1.416891
6066	-227.1582	-340.444	113.2858	0.6475024	4.714519	1.985621	1.273983
6072	-233.9469	-347.3736	113.4267	0.4168553	4.909031	1.985621	1.301351
6078	-234.9369	-347.838	112.901	0.7130851	5.829803	2.705585	0.9490102
6084	-222.9313	-336.139	113.2077	0.8928812	7.977597	1.377293	0.747396
6090	-229.179	-343.0071	113.828	1.157421	4.524574	1.377293	0.6308317
6096	-231.7477	-345.65	113.9023	0.9493529	3.582194	1.377293	1.15954
6102	-221.1203	-334.5199	113.3997	0.6206741	5.033982	1.377293	1.458145
6108	-221.5197	-333.574	112.0542	0.7632825	5.033982	4.858517	1.168975
6114	-228.7017	-340.9101	112.2084	0.9210701	2.588046	5.109572	1.561971
6120	-230.7452	-342.9784	112.2332	0.4090713	3.113093	3.490327	2.095183
6126	-222.3681	-335.0073	112.6392	0.9655066	4.117935	3.490327	1.113373
6132	-227.132	-340.6925	113.5605	1.359794	3.414216	1.509221	1.063704
6138	-230.1897	-343.85	113.6603	0.9710745	3.361188	1.350642	1.425036
6144	-232.929	-345.1977	112.2687	0.4343787	3.51616	3.028445	2.072023
6150	-240.2356	-352.5946	112.3591	0.5708623	3.875269	3.028445	1.832735
6156	-235.462	-348.3319	112.8698	0.2492825	3.689849	1.661814	2.22947
6162	-238.2055	-351.2947	113.0892	0.7857887	5.185241	1.32391	1.567333
6168	-238.425	-352.302	113.877	0.9443429	5.185241	0.8814609	1.14405
6174	-239.8007	-353.6369	113.8362	0.987869	5.185241	1.26228	0.7488594
6180	-240.9508	-354.5464	113.5956	0.79148	5.960307	1.26228	1.024571
6186	-233.2107	-346.1215	112.9107	0.8718563	5.338208	2.898518	0.7974114
6192	-234.9012	-348.2641	113.3629	1.05854	5.338208	1.334473	1.085746
6198	-239.5435	-353.7277	114.1842	0.9185062	3.41884	1.029843	1.256561
6204	-249.5299	-363.0945	113.5645	0.9363994	3.484749	2.438641	0.8941669
6210	-245.5309	-358.9356	113.4047	1.09565	4.002171	1.68322	1.143496
6216	-238.4367	-351.0809	112.6442	1.039386	6.160952	2.289192	1.006141
6222	-247.7726	-361.0027	113.2301	1.019138	4.770912	2.289192	0.7740223
6228	-225.123	-339.0673	113.9443	1.135802	3.230677	1.833353	0.702892
6234	-244.7051	-357.1733	112.4682	0.1038633	4.070501	3.613328	1.87544
6240	-232.0397	-345.5072	113.4675	0.9929891	4.982096	1.607983	0.9414876
6246	-231.6555	-344.2921	112.6366	0.8664504	9.312774	1.345073	1.159366
6252	-228.6646	-340.9303	112.2658	0.7387227	14.46687	1.519211	0.8042464
6258	-234.5478	-346.9309	112.3831	0.9485827	14.46687	1.085728	0.8422361
6264	-226.5236	-339.6515	113.1279	0.7131062	10.84649	0.8453844	1.062493
6270	-232.6293	-345.0799	112.4506	0.9108493	7.279968	2.826949	0.7981345
6276	-231.6909	-344.7543	113.0634	0.8670999	6.571203	1.689567	1.019776
6282	-229.8829	-343.4777	113.5948	0.9097262	4.403306	2.100929	0.7096293
6288	-230.4928	-343.2867	112.7939	1.029243	4.403306	2.706932	1.127662
6294	-239.4385	-352.5641	113.1256	0.7713649	2.228851	5.614277	0.9581107
6300	-247.5259	-360.1305	112.6046	0.5681959	2.978831	2.231412	2.152683
6306	-238.006	-350.7111	112.7051	0.8452913	3.638938	4.323008	1.051384
6312	-245.1692	-357.7772	112.608	0.8941759	3.768934	3.268282	1.371014
6318	-234.2792	-347.3389	113.0596	0.3804729	4.010921	3.268282	1.354244
6324	-241.6714	-353.0455	111.374	0.5078705	4.010921	2.8176	2.543219
6330	-238.0714	-351.2612	113.1898	0.4939775	2.599798	1.671313	2.150429
6336	-234.7536	-348.3798	113.6263	1.111062	2.599798	2.850127	0.8267716
6342	-240.3094	-354.3311	114.0216	1.166404	5.288441	0.7544312	0.9014738
6348	-233.165	-346.1717	113.0067	1.164524	6.807925	1.635382	0.7121919
6354	-237.2608	-350.4713	113.2105	1.179166	4.742359	2.244478	0.537915
6360	-233.0763	-346.3932	113.3169	0.9693248	4.742359	2.2701	0.7470193
6366	-229.6072	-342.8281	113.2209	0.7121727	4.742359	2.2701	1.130933
6372	-234.0773	-346.9342	112.8569	0.7820197	3.385329	2.387996	1.668954
6378	-236.35	-349.7736	113.4236	0.9421139	4.57979	0.9254259	1.60369
6384	-239.3206	-352.7871	113.4666	0.7501601	3.388239	1.900418	1.442278
6390	-245.5858	-359.9036	114.3177	0.8037988	1.879466	1.472515	1.524343
6396	-239.5286	-354.1524	114.6237	0.7591452	1.841579	1.472515	1.341584
6402	-234.7115	-348.4115	113.7001	1.378044	3.586862	1.624575	0.7076738
6408	-228.6188	-342.3853	113.7665	1.132659	3.586862	1.624575	0.9380807
6414	-230.1549	-343.1479	112.993	1.171725	4.926381	2.5108	0.651335
6420	-233.0658	-344.2936	111.2278	1.171725	5.902995	7.187576	0.7786312
6426	-235.3374	-347.5917	112.2542	0.7437898	5.708075	3.250779	1.32079
6432	-239.5354	-352.4553	112.9199	1.17471	5.010182	2.484594	0.7546578
6438	-241.332	-354.0452	112.7132	1.364528	5.313348	2.211649	0.8541595
6444	-235.5258	-348.628	113.1022	1.442596	4.299205	2.211649	0.4863887
6450	-234.0994	-348.3991	114.2997	1.013923	3.265681	0.9481189	1.198427
6456	-227.0707	-339.9225	112.8517	1.013923	4.624703	3.04704	0.8656107
6462	-228.022	-341.2278	113.2058	1.034483	4.624703	2.091051	0.9639072
6468	-226.3301	-340.5474	114.2173	0.8690182	2.600085	2.091051	0.8631079
6474	-231.2945	-342.4065	111.112	0.9388331	2.70732	7.682554	1.864296
6480	-233.2772	-345.089	111.8118	0.5885013	4.159406	4.069497	1.864296
6486	-227.5341	-340.3284	112.7944	0.3200238	2.684581	2.803674	2.093071
6492	-225.872	-337.1738	111.3018	0.6749705	2.684581	7.413002	1.957985
6498	-224.7577	-337.6455	112.8878	0.8511233	2.567538	3.514254	1.494981
6504	-231.1988	-343.4293	112.2304	0.4498452	2.651715	4.790289	1.919795
6510	-231.6833	-344.8537	113.1704	0.2566471	2.903442	2.482912	1.919795
6516	-234.2648	-347.0043	112.7395	0.5130766	3.119513	2.482912	1.975552
6522	-227.9098	-340.6972	112.7874	0.3420184	3.119513	2.482912	2.057449
6528	-227.1545	-340.1742	113.0197	0.1141126	2.942793	2.85708	1.987905
6534	-227.0413	-340.437	113.3956	0.2907282	2.982497	2.746839	1.627998
6540	-233.0087	-346.2268	113.2181	1.215896	3.771	2.099576	1.042141
6546	-223.5989	-337.1553	113.5564	0.9035104	4.381808	0.869452	1.623437
6552	-230.4289	-343.5817	113.1528	1.151304	9.104525	0.8783613	0.8219493
6558	-223.035	-336.0617	113.0267	0.9841162	5.638443	1.850604	1.056369
6564	-222.7862	-336.2768	113.4905	1.358421	3.265463	2.295486	0.5988877
6570	-232.2964	-346.9502	114.6537	1.311136	3.265463	0.7602781	0.7327684
6576	-228.8538	-343.1351	114.2813	1.22967	3.265463	1.033805	0.9297384
6582	-237.8241	-351.0313	113.2072	0.663667	7.523343	0.4367746	1.914642
6588	-233.8392	-347.5644	113.7252	1.220437	8.885372	0.5299296	0.5070253
6594	-231.4432	-344.1535	112.7102	0.8685533	9.023236	1.896581	0.7063786
6600	-228.7597	-341.1616	112.4018	0.5795456	4.917708	1.730718	2.033736
6606	-242.8695	-355.6083	112.7388	0.2348111	4.418042	3.283368	1.603152
6612	-229.8303	-342.6349	112.8047	0.4015687	5.06118	2.995095	1.37473
6618	-227.7228	-340.9746	113.2518	0.2215282	6.221933	1.767725	1.43263
6624	-226.7026	-339.7749	113.0723	0.1313901	6.161428	1.49392	1.776476
6630	-230.5892	-343.5679	112.9787	0.3082802	9.645612	1.49392	1.200277
6636	-226.1611	-339.3707	113.2096	0.04048192	9.874758	1.49392	1.200277
6642	-226.898	-340.0091	113.1111	0.009353114	9.132241	1.867463	1.200277
6648	-224.1292	-337.2394	113.1102	0.02461961	5.163717	1.867463	1.825021
6654	-236.5742	-349.8512	113.2769	0.02647851	3.581317	1.867463	2.048028
6660	-235.3637	-347.897	112.5333	0.8465589	8.336943	2.395716	0.7726751
6666	-222.7647	-335.7052	112.9405	1.007833	4.642543	2.981467	0.789382
6672	-229.4558	-342.8334	113.3775	1.007833	3.558314	2.981467	0.6640101
6678	-221.9322	-335.2061	113.2739	1.144565	3.423441	2.981467	0.6972456
6684	-227.031	-339.9481	112.9171	0.8154161	5.151687	3.290681	0.7039563
6690	-230.6681	-343.7716	113.1034	0.9234157	3.476581	3.290681	0.9997057
6696	-232.8386	-345.6093	112.7706	0.897226	3.462707	5.09692	0.7259483
6702	-229.678	-343.4637	113.7858	0.8809057	3.726693	1.527172	1.176786
6708	-233.1184	-346.5568	113.4384	0.6806893	4.319863	2.127101	1.14905
6714	-227.4852	-340.4808	112.9956	0.9842655	4.319863	2.388138	1.14905
6720	-219.9564	-333.1784	113.2221	0.7011983	4.827224	2.047083	1.225122
6726	-228.9172	-342.0265	113.1094	0.923825	4.389406	2.047083	1.243153
6732	-230.9419	-343.7863	112.8444	1.06051	5.173064	2.648699	0.8425751
6738	-235.3966	-348.3087	112.9121	1.156057	5.173064	2.648699	0.5065533
6744	-233.0003	-346.1424	113.1422	1.816324	6.595973	0.8050562	0.3427009
6750	-233.0355	-345.8126	112.777	0.8372137	4.416573	2.943298	1.214368
6756	-230.9213	-344.7007	113.7794	0.9254115	3.244051	2.271661	0.8658367
6762	-233.5945	-346.8832	113.2886	0.9894492	2.236609	2.75999	1.448917
6768	-240.2586	-353.6335	113.3749	0.4602846	2.236609	3.529955	1.544121
6774	-235.9097	-350.0458	114.1361	0.8579876	2.236609	2.10696	1.132309
6780	-244.655	-358.2128	113.5578	0.829027	1.623548	2.543558	1.715889
6786	-225.2648	-338.3452	113.0804	0.4559334	2.228548	3.708424	1.715889
6792	-223.2077	-335.6368	112.4291	0.8380687	3.48231	3.708424	1.504359
6798	-222.85	-336.0192	113.1692	0.8081149	3.48231	1.82276	1.62907
6804	-228.0896	-342.2169	114.1273	0.8297102	2.548673	1.883329	1.140881
6810	-238.7157	-351.0401	112.3244	1.059752	2.548673	6.783243	1.032817
6816	-242.3226	-354.219	111.8964	1.053225	3.021063	7.726662	1.058208
6822	-230.9867	-344.5454	113.5587	0.9960412	3.394054	1.97492	1.12593
6828	-230.7563	-344.2258	113.4694	0.4521796	5.600368	2.107599	1.004623
6834	-235.6491	-348.1981	112.549	0.8117341	5.154617	3.61861	1.005479
6840	-235.2723	-347.8664	112.5941	0.3993645	4.328274	2.718808	1.779653
6846	-234.1035	-346.5435	112.4401	0.1320881	4.328274	3.768198	1.779653
6852	-236.6538	-349.0706	112.4168	1.01199	5.8069	2.585113	1.183018
6858	-233.4058	-346.1241	112.7183	0.8454706	5.8069	3.344718	0.6608512
6864	-243.1872	-354.8186	111.6314	0.9611589	6.909142	3.957037	1.211167
6870	-236.6016	-349.9418	113.3403	0.3682386	6.909142	1.557344	1.235296
6876	-234.7383	-347.9837	113.2454	0.2884978	5.411495	1.557344	1.642534
6882	-246.9543	-359.3505	112.3962	0.7300434	5.756248	3.707075	1.049587
6888	-239.1342	-351.9259	112.7918	0.637493	5.423496	2.359328	1.355868
6894	-241.6034	-354.5386	112.9352	0.3933384	5.004118	2.139708	1.606691
6900	-233.9608	-346.7622	112.8014	0.5871184	4.947936	2.702786	1.358142
6906	-225.7231	-339.0471	113.3239	0.5871184	5.645089	1.645229	1.260882
6912	-236.7764	-350.2656	113.4892	1.015717	6.260527	1.439176	0.5283378
6918	-244.805	-357.4443	112.6393	1.464418	6.260527	2.05187	0.4922732
6924	-229.3365	-342.2674	112.9309	1.537302	2.659334	3.842736	0.4601453
6930	-233.7581	-346.7841	113.026	1.52831	4.8229	1.913438	0.4604188
6936	-228.1995	-341.6352	113.4357	1.121412	4.598719	1.913438	0.7052343
6942	-234.6172	-346.7431	112.1259	1.198207	3.808301	5.989914	0.7052343
6948	-234.7768	-347.434	112.6572	1.150716	3.018307	4.342121	1.031624
6954	-228.3194	-342.5681	114.2487	0.9986129	3.018307	1.231989	1.110795
6960	-237.9857	-352.6353	114.6497	1.073021	3.439595	0.8086685	0.8860129
6966	-235.4173	-349.7292	114.3119	1.125237	3.439595	0.492917	1.516567
6972	-239.1887	-353.6654	114.4767	1.226826	3.439595	0.415512	1.4184
6978	-240.4188	-353.9013	113.4825	0.9729955	6.167822	0.415512	1.741592
6984	-232.6846	-346.1961	113.5115	1.599104	6.167822	0.4222802	1.236398
6990	-240.1319	-353.942	113.8101	1.149603	6.167822	0.7305907	0.942141
6996	-241.7921	-354.8247	113.0325	0.9308365	6.167822	1.640949	1.107332
7002	-237.7818	-350.4278	112.646	0.3053728	3.675658	3.003916	1.873398
7008	-232.3269	-345.4263	113.0994	0.5234719	3.943486	3.003916	1.313038
7014	-232.6721	-346.0714	113.3993	1.648033	4.509243	1.312736	0.3991489
7020	-232.5556	-346.421	113.8654	0.8234406	3.675421	1.187849	1.394913
7026	-233.0671	-346.343	113.2759	0.6610785	4.493537	1.670322	1.479498
7032	-237.9536	-351.3367	113.3831	0.8478101	4.55545	1.670322	1.23129
7038	-244.2431	-356.8349	112.5918	1.058976	5.039058	3.226233	0.8909666
7044	-248.7129	-361.4717	112.7588	0.5708553	5.825731	2.527335	1.285921
7050	-244.9249	-358.434	113.5091	1.382847	2.798151	2.640288	0.4995253
7056	-229.6584	-343.0142	113.3559	1.517358	2.798151	2.640288	0.4093578
7062	-230.2896	-343.0708	112.7812	1.201899	5.353108	2.640288	0.6565131
7068	-232.9482	-345.1262	112.178	1.201899	5.353108	4.28388	0.5854429
7074	-233.8721	-345.8334	111.9613	1.201899	6.242314	4.28388	0.5689917
7080	-245.5804	-356.6456	111.0652	1.72316	3.681788	8.948783	0.6673915
7086	-242.7478	-354.2857	111.5379	1.72316	3.681788	6.387995	0.3249025
7092	-237.5954	-350.2026	112.6072	1.594462	3.681788	3.265387	0.3395246
7098	-234.8202	-347.6687	112.8486	1.594462	3.991317	2.463739	0.3334205
7104	-231.393	-344.8205	113.4275	1.555646	2.837432	2.393163	0.4259864
7110	-236.0971	-349.9528	113.8557	1.442126	2.185317	2.411917	0.5688349
7116	-229.6344	-342.923	113.2887	1.172884	2.872523	3.57646	0.5688349
7122	-240.8361	-353.2288	112.3927	1.766784	1.969227	6.220833	0.5314073
7128	-237.1629	-349.591	112.4281	1.529139	2.906533	4.950818	0.6867468
7134	-236.8473	-350.2534	113.4061	1.290808	3.097205	1.936241	1.12535
7140	-239.6988	-353.8875	114.1887	0.7558197	3.392061	1.270737	1.215569
7146	-239.9477	-352.8349	112.8872	0.9492256	4.133766	2.521124	1.265992
7152	-228.3502	-340.9865	112.6363	0.5187593	5.074806	2.740777	1.497103
7158	-227.2189	-339.927	112.7082	0.6833817	5.074806	2.901782	1.254534
7164	-223.0701	-336.0792	113.0091	0.9945153	3.474211	2.685727	1.254534
7170	-228.3708	-341.0276	112.6568	1.158766	3.474211	3.709216	1.053295
7176	-222.4217	-335.9046	113.4829	0.576881	3.474211	2.832542	1.149292
7182	-224.5567	-336.4692	111.9125	1.081485	5.397284	4.685985	0.9561493
7188	-233.4098	-345.835	112.4252	1.013742	4.820639	3.068481	1.215375
7194	-240.6827	-353.7498	113.0671	0.7978897	6.387021	2.093913	0.869395
7200	-245.1959	-358.181	112.985	0.784406	9.63297	1.43413	0.7418597
7206	-235.2981	-349.2939	113.9958	0.916542	3.023045	1.43413	1.258179
7212	-248.5778	-361.2818	112.704	1.136724	4.737056	2.968913	0.8942943
7218	-241.2084	-354.5172	113.3088	0.6566084	3.770734	1.695783	1.621186
7224	-233.975	-347.4594	113.4843	0.7775488	3.637012	2.549648	1.027839
7230	-232.3785	-344.811	112.4325	0.6927254	4.10367	4.049525	1.354657
7236	-234.8125	-346.8174	112.0049	0.7127383	5.371434	4.032687	1.386064
7242	-219.7513	-331.9341	112.1829	0.9516058	3.973599	5.399759	1.040402
7248	-225.5209	-337.4777	111.9568	0.8204823	3.015233	5.399759	1.621813
7254	-226.2484	-339.8181	113.5697	0.6447882	2.621462	1.228172	2.015397
7260	-231.532	-344.1749	112.6429	0.6133638	2.621462	3.077001	1.939887
7266	-227.61	-340.4631	112.8532	0.4198256	2.621462	3.651652	1.775841
7272	-230.9934	-344.3652	113.3718	0.6173398	3.315093	2.019067	1.580745
7278	-234.783	-346.4066	111.6236	0.9973349	2.833055	7.025705	1.51353
7284	-241.2997	-351.7682	110.4685	0.9208683	4.065102	8.699082	1.825595
7290	-226.7146	-338.2141	111.4995	0.6325869	3.903189	5.51813	1.816907
7296	-221.5633	-333.9765	112.4132	0.763419	3.52515	5.51813	1.120665
7302	-229.0979	-340.7285	111.6306	0.9457637	5.767106	5.51813	1.048939
7308	-239.053	-351.8317	112.7787	0.8705301	3.237446	4.25587	1.121239
7314	-235.7269	-348.9532	113.2263	0.873298	3.237446	3.025286	1.121239
7320	-231.8926	-346.1925	114.2999	0.8208608	2.659087	1.604557	1.110382
7326	-235.6363	-348.0207	112.3843	0.4768198	4.427022	3.557997	1.606553
7332	-232.5376	-345.7782	113.2407	1.475374	2.688209	3.151358	0.5347597
7338	-227.8413	-340.838	112.9967	0.9439673	4.942723	3.003657	0.6400138
7344	-229.6582	-342.477	112.8188	0.9397178	3.013699	5.168804	0.8237093
7350	-238.7741	-351.8476	113.0735	0.6770458	3.013699	3.928494	1.207996
7356	-236.6235	-349.9113	113.2878	0.8630456	3.454977	2.401796	1.252704
7362	-228.6002	-341.6296	113.0294	0.1504307	5.374165	2.370105	1.55181
7368	-228.6531	-341.4287	112.7756	0.7452823	5.521514	2.370105	1.256482
7374	-233.7292	-346.4099	112.6807	0.5449201	4.180064	2.370105	1.768855
7380	-227.8073	-341.2407	113.4334	0.7762842	5.080328	1.883965	0.9861941
7386	-229.1949	-341.9389	112.7441	0.3913587	5.859071	1.883965	1.691551
7392	-232.0414	-344.272	112.2306	0.7118221	5.859071	3.766792	1.174246
7398	-238.785	-352.7032	113.9182	1.173743	3.474678	1.40633	0.9467994
7404	-235.8732	-348.209	112.3358	0.7287452	3.023102	4.206437	1.662493
7410	-232.0348	-344.8942	112.8593	0.7367624	2.788705	3.92251	1.414124
7416	-231.7718	-343.3832	111.6114	0.8389139	3.000062	9.381936	1.244255
7422	-240.8577	-352.0533	111.1956	1.102109	4.54442	9.381936	0.8611119
7428	-225.7747	-338.5028	112.7281	1.06479	3.966568	3.319791	1.046098
7434	-226.5378	-339.846	113.3082	0.8169713	4.249412	2.080425	1.186351
7440	-228.7956	-342.4637	113.6682	0.7148545	2.477678	2.08021	1.535653
7446	-234.0115	-348.0289	114.0174	0.8578379	1.43607	3.231594	1.216182
7452	-226.6672	-339.2108	112.5436	1.132815	4.312149	4.282787	0.6011646
7458	-239.942	-352.5452	112.6031	1.602675	5.890644	2.02535	0.5297457
7464	-230.5905	-342.673	112.0825	1.612792	5.890644	2.878682	0.3228275
7470	-228.2882	-340.3324	112.0442	1.73551	5.890644	2.381084	0.2309989
7476	-234.6777	-347.7568	113.0791	1.186601	3.333522	3.60485	0.5411375
7482	-227.852	-341.3877	113.5357	1.32001	3.333522	2.263031	0.4786998
7488	-226.6201	-339.9945	113.3743	1.235389	2.67276	3.315406	0.6755152
7494	-225.8877	-339.8191	113.9315	1.340522	4.331037	0.9420438	0.8802124
7500	-224.8238	-338.541	113.7173	1.034556	4.515239	0.9450964	1.308295
7506	-232.362	-345.7535	113.3914	0.6300064	3.376293	2.088819	1.509642
7512	-234.3519	-347.2458	112.894	0.6217281	4.07723	2.088819	1.69527
7518	-229.3469	-341.5395	112.1925	1.089806	4.07723	5.111093	0.9341129
7524	-226.4886	-339.9875	113.4989	0.9453324	3.520272	1.734056	1.306797
7530	-233.5876	-346.9988	113.4112	0.5512246	2.290562	3.087584	1.557394
7536	-234.4021	-348.2487	113.8467	0.6346148	2.290562	3.087584	1.14351
7542	-222.7615	-335.1959	112.4345	0.8491346	4.291705	4.151217	1.14351
7548	-225.5682	-338.5296	112.9613	0.9130177	7.337248	1.474881	1.062023
7554	-234.2182	-347.2025	112.9843	0.8269869	6.546579	1.474881	1.266012
7560	-233.0651	-347.0143	113.9492	0.43739	4.083008	1.474881	1.33963
7566	-224.1783	-337.2918	113.1135	0.8067623	5.196634	1.60704	1.369733
7572	-225.634	-339.0337	113.3997	0.9159732	2.8023	2.322528	1.369733
7578	-219.7002	-332.4896	112.7893	0.8979254	2.8023	3.551985	1.44076
7584	-222.2156	-334.7899	112.5743	0.9607963	4.98382	2.150193	1.453115
7590	-216.1589	-329.2444	113.0854	0.7983898	5.275023	2.150193	1.099174
7596	-221.8417	-335.0683	113.2266	0.6965836	5.275023	2.150193	1.062581
7602	-224.1587	-338.7469	114.5882	1.069027	2.525755	1.368005	0.7936534
7608	-230.8213	-344.3731	113.5519	1.282763	3.591559	1.368005	1.177777
7614	-226.3866	-339.5904	113.2038	1.216615	3.815504	2.526359	0.7922546
7620	-224.2079	-337.0538	112.8459	1.312805	4.425465	2.760969	0.7191184
7626	-233.8468	-346.0465	112.1997	1.839679	4.282879	3.208826	0.3610887
7632	-233.4706	-346.493	113.0224	1.756001	3.261106	2.443169	0.4214838
7638	-228.8977	-342.289	113.3913	1.45579	3.261106	2.308967	0.4214838
7644	-234.5874	-347.6532	113.0657	1.421885	3.261106	3.094847	0.5674362
7650	-242.919	-354.2015	111.2825	1.712115	3.850252	6.80742	0.2494728
7656	-238.668	-352.0096	113.3416	1.991345	4.364937	0.876012	0.2494728
7662	-241.8117	-354.4006	112.5889	0.9274992	4.287566	4.469131	0.7967425
7668	-235.6387	-349.1124	113.4737	0.8302023	3.381231	2.808536	0.9607054
7674	-225.3547	-339.0159	113.6612	0.7333025	3.381231	1.319529	1.614489
7680	-235.0574	-348.6586	113.6013	1.214087	3.357382	2.312005	0.5576805
7686	-233.8802	-347.1185	113.2382	1.214087	5.866513	1.439948	0.8232855
7692	-232.4612	-345.7289	113.2677	0.4513826	5.699823	1.450215	1.510055
7698	-226.9154	-339.8071	112.8917	0.5627477	5.699823	1.450215	1.702293
7704	-225.9052	-339.349	113.4438	0.6573968	4.354521	1.450215	1.506479
7710	-225.2054	-337.9798	112.7744	0.6450668	4.354521	2.602316	1.506479
7716	-222.6889	-335.4585	112.7695	0.6009064	4.146436	4.274143	1.070851
7722	-228.6072	-342.4234	113.8162	0.9057371	3.616184	1.565672	1.138949
7728	-234.0351	-347.868	113.8329	0.8706629	2.501402	1.695683	1.463921
7734	-241.6617	-353.3362	111.6745	2.502286	3.441855	1.809471	0.08930304
7740	-236.9901	-350.0953	113.1052	0.5477888	5.684841	2.495471	1.046717
7746	-232.7482	-345.6169	112.8686	0.6387817	7.461479	2.02068	1.046717
7752	-237.287	-349.9565	112.6695	0.2666728	8.369379	2.079635	1.358713
7758	-229.9268	-343.2765	113.3497	1.05423	7.28892	1.083069	0.8602354
7764	-235.4219	-348.5356	113.1137	0.9737393	3.572262	2.150961	1.375838
7770	-231.5894	-345.4441	113.8548	0.6885138	2.621193	2.050836	1.373308
7776	-243.4856	-356.2464	112.7607	0.6446872	2.383456	5.310702	1.388391
7782	-235.0662	-347.4732	112.407	0.2434245	2.383456	5.230064	1.945355
7788	-231.798	-345.4508	113.6529	0.1823282	3.894684	2.383543	1.386585
7794	-237.8316	-350.2613	112.4298	0.6341583	4.187626	4.17906	1.347669
7800	-232.774	-346.2742	113.5002	0.5566428	5.303299	1.41869	1.347669
7806	-223.0815	-336.4692	113.3876	0.947016	5.303299	1.339597	1.168395
7812	-227.018	-340.2443	113.2263	0.7592781	5.303299	2.067985	1.039905
7818	-233.0674	-345.4202	112.3529	0.8168624	4.887487	4.206984	1.067086
7824	-226.7357	-340.0345	113.2987	0.7598696	4.887487	2.001733	1.114791
7830	-219.0659	-332.692	113.6261	0.9597939	5.454073	1.43296	0.7920231
7836	-225.9691	-339.5314	113.5623	0.9017355	5.053573	1.485874	1.007253
7842	-230.7501	-343.5631	112.813	1.146504	3.701914	3.385719	0.945657
7848	-232.1759	-345.1448	112.9689	0.7465388	3.296095	3.520552	1.262989
7854	-234.2409	-346.7198	112.4789	0.6230389	6.047854	2.104874	1.589183
7860	-229.7769	-342.5555	112.7786	0.557761	6.047854	2.337152	1.314163
7866	-228.4222	-341.9005	113.4783	1.075305	4.016094	1.433892	1.246754
7872	-233.2879	-347.1485	113.8606	1.167245	4.016094	1.433892	0.7662093
7878	-226.4383	-339.7596	113.3212	0.6871542	4.979612	1.307864	1.520404
7884	-235.4548	-348.472	113.0172	0.4041761	5.884253	1.793855	1.520404
7890	-239.0995	-351.8749	112.7754	0.8574908	5.490933	1.350344	1.668399
7896	-241.6928	-355.408	113.7152	0.9895802	6.813569	0.6471391	1.152142
7902	-236.8242	-350.369	113.5449	1.176181	4.830493	1.562297	0.702333
7908	-238.1252	-350.4258	112.3006	0.7343884	5.958801	3.559242	1.137359
7914	-230.966	-343.1278	112.1618	0.2983424	2.710936	6.471279	1.756794
7920	-236.078	-349.9832	113.9053	1.164058	3.384314	1.779444	0.6749715
7926	-237.2102	-350.5948	113.3846	0.9813908	2.484474	3.853386	0.8698328
7932	-237.9528	-351.903	113.9502	0.929141	2.484474	1.598778	1.385858
7938	-242.2877	-355.8597	113.572	0.5465905	3.315284	2.249765	1.385858
7944	-239.3325	-353.728	114.3955	1.28601	2.383974	1.108877	1.08261
7950	-233.707	-345.2221	111.5151	1.111907	4.545166	6.089331	1.178744
7956	-228.5026	-341.1152	112.6126	0.7768115	5.056231	3.093169	1.191822
7962	-231.3194	-344.2966	112.9772	0.692981	4.281506	3.093169	1.147755
7968	-235.329	-348.3539	113.0248	1.128176	4.223129	2.492072	0.9641202
7974	-236.5753	-350.3141	113.7387	0.9183377	3.577098	1.763826	1.08895
7980	-238.9449	-351.6365	112.6916	0.7250021	3.963487	2.514377	1.633334
7986	-235.443	-348.1852	112.7421	0.815525	7.357046	1.863939	1.107432
7992	-236.7039	-348.5819	111.878	0.8490366	6.2168	3.114199	1.478684
7998	-239.9199	-351.5074	111.5874	1.195145	6.257192	5.262904	0.7579986
8004	-239.747	-352.0323	112.2853	1.195145	5.468541	3.874337	0.6009305
8010	-233.586	-347.5682	113.9823	1.142451	2.345181	2.27997	0.8446924
8016	-230.0066	-342.322	112.3154	1.30395	3.60541	4.685316	0.8769098
8022	-238.4513	-350.7599	112.3087	1.449496	4.31452	4.077056	0.5353926
8028	-228.437	-340.4281	111.9911	1.726947	3.839281	4.077056	0.2465492
8034	-235.1492	-348.1921	113.0429	1.586409	2.840033	3.132594	0.3911998
8040	-242.4807	-355.1162	112.6355	1.566238	4.291612	2.906873	0.5699141
8046	-229.1394	-342.14	113.0005	1.362234	2.736573	3.42737	0.9135523
8052	-219.3831	-332.0179	112.6348	1.082354	3.249936	4.96894	0.8234785
8058	-224.4757	-337.1753	112.6997	1.043127	3.249936	4.925663	0.806163
8064	-225.3779	-338.9087	113.5308	0.9637963	3.010011	2.478212	1.073718
8070	-220.3555	-333.9605	113.605	0.8930234	3.010011	2.478212	1.070534
8076	-222.0055	-335.4015	113.396	1.012844	5.305013	1.382036	1.070534
8082	-229.4506	-342.4006	112.95	0.9633328	4.112779	2.841187	1.074516
8088	-238.3672	-349.6437	111.2764	0.8956085	4.730449	9.376484	0.940954
8094	-226.0107	-337.613	111.6024	1.07128	4.437121	7.198124	0.9306239
8100	-237.2943	-350.3644	113.0701	0.9717234	4.331077	2.881533	0.8475808
8106	-242.3376	-356.3497	114.0121	1.088927	2.480045	2.053953	0.936005
8112	-230.7343	-343.2912	112.5569	1.464315	2.480045	5.652881	0.4678952
8118	-231.5583	-344.191	112.6326	0.5705518	2.348844	5.652881	1.488806
8124	-230.836	-342.9984	112.1623	0.1316203	3.404123	5.652881	1.806339
8130	-230.2814	-342.5135	112.2322	0.5626817	3.912316	3.429226	1.806339
8136	-232.121	-345.11	112.9889	0.8113357	2.540398	3.429226	1.482828
8142	-221.8301	-334.0611	112.231	0.5973709	4.565215	4.135786	1.449983
8148	-220.4084	-333.2148	112.8063	0.9289663	5.151853	2.693927	1.010695
8154	-228.5425	-340.4302	111.8877	1.353943	5.151853	4.831733	0.6543264
8160	-228.0646	-339.7029	111.6384	1.059362	7.403391	4.831733	0.6864138
8166	-228.4307	-341.9105	113.4798	1.275784	4.761447	1.541504	0.3404346
8172	-228.7243	-341.3785	112.6541	1.235616	4.456107	3.108575	0.8673493
8178	-225.2699	-338.3457	113.0759	0.9693585	2.821934	3.108575	1.288045
8184	-230.3892	-343.6392	113.25	1.151186	2.641211	2.961371	1.10649
8190	-230.5072	-343.4643	112.9571	1.151186	2.62697	4.124292	0.9762625
8196	-232.6417	-345.7993	113.1576	1.191818	4.668112	1.889517	0.9604805
8202	-234.5784	-347.3124	112.7341	0.7266485	4.668112	1.953121	1.658762
8208	-240.8581	-353.5652	112.7071	0.7998183	4.668112	1.953121	1.625573
8214	-240.0728	-353.0583	112.9855	0.5265405	5.392827	2.798577	1.115402
8220	-236.8799	-350.2783	113.3984	0.8906253	4.215428	1.955692	1.115402
8226	-246.6665	-359.7861	113.1196	0.8163968	4.215428	2.745615	1.062242
8232	-249.9502	-363.4329	113.4826	0.6764992	3.458708	1.615629	1.602994
8238	-241.5579	-355.1922	113.6343	1.010984	3.083033	1.615629	1.347647
8244	-238.5951	-352.3007	113.7056	0.8787905	4.160554	1.349064	1.236273
8250	-245.2	-358.6877	113.4877	0.8465886	4.313899	2.198072	0.9015756
8256	-233.6367	-346.7825	113.1458	0.8949684	5.441486	1.896247	1.049329
8262	-238.3153	-351.5611	113.2458	0.9755312	5.441486	1.896247	0.8589764
8268	-235.5672	-349.0258	113.4586	1.151302	5.441486	1.431413	0.7646797
8274	-228.7637	-341.3953	112.6316	1.553685	6.478415	1.747783	0.3525569
8280	-241.2803	-352.37	111.0897	1.334759	6.761105	6.644808	0.4408613
8286	-239.5142	-351.2243	111.7101	0.80034	3.433841	6.764273	1.452968
8292	-236.3442	-348.4001	112.0559	1.067779	3.433841	6.276039	1.028688
8298	-226.8963	-340.0537	113.1575	1.067779	3.224704	3.150367	0.9544928
8304	-235.5965	-349.3389	113.7423	1.13927	3.224704	2.092885	0.7746106
8310	-248.7558	-362.2991	113.5433	1.781458	1.825651	2.576257	0.299367
8316	-235.9413	-349.2208	113.2796	1.781458	2.347646	2.576257	0.3274361
8322	-235.3576	-347.5398	112.1822	1.992625	1.878064	5.445488	0.2313284
8328	-239.0127	-351.3248	112.3121	1.992625	2.144144	4.55581	0.2476285
8334	-232.8313	-345.6776	112.8463	1.845002	2.498516	3.046584	0.2671932
8340	-227.6266	-339.1555	111.5289	1.627581	6.621272	3.910314	0.3549548
8346	-228.5865	-339.6264	111.0399	1.567836	3.669037	10.36913	0.5147485
8352	-226.2922	-337.4221	111.13	1.430802	3.669037	10.68073	0.5147485
8358	-230.0817	-342.4358	112.3541	1.122596	3.723255	5.678847	0.6092392
8364	-232.3318	-344.6315	112.2997	1.108139	3.954279	5.678847	0.5711506
8370	-236.9169	-349.5424	112.6254	1.326777	3.954279	3.842291	0.5574813
8376	-229.3142	-342.258	112.9438	1.263146	3.954279	3.102105	0.6366421
8382	-221.935	-333.4173	111.4823	1.197547	4.85336	7.740012	0.518199
8388	-230.0158	-342.0616	112.0458	1.235337	4.029405	6.114215	0.5461001
8394	-224.6363	-336.1996	111.5633	0.9548914	5.225769	5.618846	1.204543
8400	-240.0294	-352.7331	112.7037	1.081602	2.732786	5.618846	0.7952734
8406	-235.8573	-347.7157	111.8584	1.081602	4.353038	5.618846	1.053798
8412	-231.3285	-344.7312	113.4027	0.9015293	2.913404	3.141258	1.010145
8418	-225.1675	-338.6006	113.433	1.208431	2.753922	3.141258	0.6767553
8424	-224.8738	-338.1187	113.2449	1.54036	2.256239	3.141258	0.8282886
8430	-224.2749	-336.2495	111.9746	1.106863	2.581704	7.350652	1.185236
8436	-231.2353	-343.2623	112.027	0.9118341	2.778186	7.350652	1.228998
8442	-223.0888	-335.7731	112.6843	0.7921056	2.541209	3.034567	1.828321
8448	-224.8352	-337.5162	112.681	0.4775541	3.235709	3.034567	1.83699
8454	-227.296	-339.93	112.634	0.2763378	2.83157	3.034567	2.117274
8460	-234.5116	-348.0313	113.5196	0.57867	4.679412	1.172817	1.602455
8466	-233.3725	-345.858	112.4855	0.5656493	7.09206	3.546206	0.8698308
8472	-229.5827	-342.0497	112.467	0.8746565	4.323462	4.106265	1.095259
8478	-232.8395	-345.3614	112.5218	0.5954187	2.351797	4.753551	1.727698
8484	-227.3179	-339.2929	111.9749	0.4678663	2.534314	4.892158	2.095753
8490	-224.352	-336.9059	112.5539	0.2658853	2.986142	2.318096	2.348116
8496	-224.3406	-336.548	112.2074	0.3235483	3.532161	3.874656	1.968324
8502	-237.8185	-350.481	112.6625	0.8587007	2.617987	5.679547	1.115525
8508	-242.314	-354.5831	112.2691	0.891495	2.531743	5.679547	1.446426
8514	-231.2872	-343.5375	112.2503	0.5847381	1.936984	5.679547	1.908259
8520	-236.4417	-348.4452	112.0035	0.5915128	3.163982	6.54028	1.506799
8526	-245.4076	-358.4658	113.0582	1.144816	3.163982	3.405041	0.8956601
8532	-237.5195	-350.095	112.5755	1.156626	5.163895	3.405041	0.6019771
8538	-231.1068	-343.8945	112.7877	0.9542689	3.332836	4.367752	0.9614901
8544	-237.9944	-351.7141	113.7197	1.010556	3.332836	2.007629	0.9614901
8550	-239.9599	-354.28	114.3201	1.300823	2.685802	0.9057705	1.186437
8556	-233.6212	-347.1568	113.5356	1.134279	2.685802	1.479025	1.537436
8562	-236.2443	-348.1865	111.9422	0.6212824	3.855743	5.028177	1.616906
8568	-231.2586	-343.978	112.7194	0.5831708	5.201721	1.922461	1.676759
8574	-232.2736	-345.6532	113.3796	0.6555691	3.411827	1.922461	1.561547
8580	-238.002	-351.175	113.173	0.6862549	3.325347	3.174323	1.245886
8586	-233.2203	-346.0312	112.8109	0.3362888	5.60149	3.174323	1.245886
8592	-240.4114	-353.056	112.6446	0.5025947	5.60149	3.174323	1.245886
8598	-243.2524	-355.0439	111.7916	0.522295	5.60149	4.801927	1.466697
8604	-237.3457	-349.5371	112.1913	0.9612754	3.888741	4.250291	1.338262
8610	-242.6806	-355.4389	112.7583	0.8425581	3.306352	2.003534	1.863414
8616	-237.4071	-350.1397	112.7325	0.7176166	3.617778	3.587863	1.358675
8622	-241.0953	-354.3066	113.2113	0.73313	3.553551	2.180341	1.478789
8628	-228.875	-342.0064	113.1314	0.5818051	3.773923	2.180341	1.591178
8634	-241.1391	-354.3178	113.1787	1.007174	5.018685	1.729999	1.118567
8640	-239.3571	-352.2287	112.8716	1.114463	3.917094	3.184471	0.9214545
8646	-228.2836	-341.6931	113.4095	1.210322	2.688615	2.146896	1.241786
8652	-229.8127	-342.9481	113.1354	0.792118	3.242139	4.107272	0.8895905
8658	-228.1092	-341.0094	112.9002	1.218661	3.242139	4.107272	0.5804567
8664	-233.3136	-346.4169	113.1033	1.006061	3.17412	3.25197	1.049708
8670	-235.2836	-347.2558	111.9721	1.343748	3.841475	5.553225	0.8532467
8676	-225.1316	-337.0979	111.9663	0.9017501	4.954201	5.952368	0.8532467
8682	-232.1924	-345.2016	113.0092	0.7539961	2.912117	3.797551	1.271939
8688	-230.578	-343.4582	112.8802	0.9982144	2.912117	3.797551	1.174409
8694	-228.4887	-342.4504	113.9616	0.6567979	2.452967	1.412176	1.692458
8700	-225.59	-339.1636	113.5736	0.4003713	4.265815	1.825977	1.428246
8706	-228.8702	-341.6971	112.8269	0.2115162	3.39405	2.850291	1.930651
8712	-229.4969	-341.414	111.9171	0.8309111	4.982807	5.677595	1.044259
8718	-222.0747	-335.4796	113.4049	0.9882353	4.982807	1.796753	0.8763546
8724	-221.0165	-334.712	113.6955	1.122131	6.542118	0.817215	0.8882456
8730	-228.1243	-341.432	113.3076	0.9059123	6.704403	1.443792	0.8733523
8736	-227.7234	-340.8507	113.1272	0.8840324	4.161203	3.029092	0.8733523
8742	-227.1577	-340.1158	112.9581	1.198274	3.467504	2.976043	1.002773
8748	-228.0671	-341.2596	113.1924	1.184124	3.467504	2.976043	0.7422876
8754	-228.0515	-340.9181	112.8666	1.399686	2.573462	4.55359	0.5933691
8760	-227.7685	-339.9136	112.1451	1.632708	3.79214	4.55359	0.4471383
8766	-225.1831	-338.4538	113.2707	1.061372	1.995752	4.55359	0.9477576
8772	-233.3663	-344.6714	111.3051	0.6607985	2.595152	11.54031	1.510259
8778	-232.6663	-345.1084	112.4421	0.896423	2.595152	7.248474	0.957092
8784	-231.7357	-344.7742	113.0385	0.7860126	4.414192	1.988602	1.431021
8790	-227.739	-340.4482	112.7092	0.7899182	4.414192	3.713539	1.047313
8796	-229.5229	-341.9425	112.4197	0.7892741	5.339491	3.713539	1.07075
8802	-240.0565	-352.4338	112.3773	0.8383744	4.906895	3.713539	1.172043
8808	-227.3708	-340.5144	113.1436	0.8718633	3.492138	3.084308	1.085317
8814	-236.4699	-349.2173	112.7474	0.5567365	4.376096	2.93971	1.473056
8820	-244.1034	-357.6012	113.4978	0.2312713	3.178948	2.93971	1.472952
8826	-234.5905	-348.2606	113.6701	0.1887029	3.125032	2.93971	1.39018
8832	-244.9998	-358.4246	113.4247	0.8378368	3.479514	2.311409	1.189718
8838	-245.2487	-358.5161	113.2673	1.128745	3.479514	1.728114	1.36068
8844	-242.7544	-355.7168	112.9624	0.9971527	3.479514	3.646496	0.9286444
8850	-239.0961	-351.6748	112.5788	1.378715	3.07505	4.546497	0.7616414
8856	-235.0454	-347.3831	112.3377	1.219247	4.401307	4.546497	0.6268025
8862	-232.8992	-345.3687	112.4695	1.241623	5.469475	3.274366	0.5691924
8868	-227.9756	-341.7854	113.8098	1.241623	2.799314	2.257667	0.6361844
8874	-225.7458	-339.8556	114.1098	1.382135	3.382318	1.06855	0.8615415
8880	-229.1792	-342.7482	113.5691	1.465224	3.178514	2.036453	0.5728187
8886	-227.8539	-339.6805	111.8266	1.465224	3.178514	7.463243	0.4276515
8892	-237.5281	-350.6101	113.082	1.573578	2.499971	3.536048	0.4636075
8898	-241.1141	-354.7621	113.648	1.600526	5.900853	0.7400517	0.4203305
8904	-227.2824	-341.5957	114.3133	1.044148	4.051198	0.9061722	0.9286191
8910	-235.3038	-348.5371	113.2333	0.9055315	4.051198	2.730562	0.9184724
8916	-237.8323	-350.4677	112.6354	0.7383355	5.626327	2.730562	1.210788
8922	-233.7177	-346.9245	113.2068	0.5236503	5.626327	1.29421	1.605828
8928	-234.756	-347.7973	113.0414	0.5638395	5.626327	1.29421	1.695645
8934	-232.4557	-344.9403	112.4846	0.6950559	5.136253	2.326963	1.615039
8940	-238.0563	-350.7015	112.6452	0.8241951	2.984178	4.704318	1.248261
8946	-232.0366	-346.4795	114.4429	1.106107	3.133243	1.232589	0.7164964
8952	-224.5754	-338.0836	113.5082	1.228224	3.133243	2.541282	0.6920803
8958	-228.2561	-341.1517	112.8956	0.666984	6.16124	2.465871	1.035979
8964	-233.2984	-346.0554	112.757	0.4605145	6.660985	2.126324	1.386616
8970	-235.8337	-348.8897	113.056	0.4935951	6.281504	2.376475	1.064488
8976	-235.1061	-348.2085	113.1024	0.5116242	6.24263	0.951294	1.805399
8982	-239.3074	-352.7495	113.4421	0.3794337	6.265797	1.063769	1.574619
8988	-234.7929	-348.8587	114.0658	1.1168	2.84759	0.8713681	1.507434
8994	-234.1234	-348.1194	113.9959	0.9815521	2.84759	1.135391	1.46282
9000	-229.6748	-342.8741	113.1993	0.7511686	2.84759	1.065673	2.216552
9006	-234.5364	-348.0801	113.5437	0.9375518	2.882106	3.000978	0.9000553
9012	-228.8539	-341.3172	112.4632	1.401286	4.376566	3.6314	0.6356111
9018	-225.1873	-338.5017	113.3143	1.170946	4.376566	2.272802	0.5379209
9024	-227.6841	-341.0276	113.3435	1.282947	4.529762	1.925205	0.5777289
9030	-226.941	-339.6272	112.6862	1.107168	5.934009	2.312258	0.9365742
9036	-220.7801	-334.0866	113.3065	0.8630721	5.490577	1.908439	0.8955842
9042	-239.1543	-351.948	112.7936	0.703145	7.447117	1.684408	1.24527
9048	-248.1282	-361.2622	113.134	0.6114327	7.447117	1.485564	1.152032
9054	-244.6035	-356.9823	112.3789	0.9783759	6.658052	3.02783	0.8608243
9060	-225.8994	-338.9271	113.0277	0.6837779	5.341786	3.02783	0.8167076
9066	-227.6602	-340.4531	112.7929	0.5934666	5.341786	3.02783	1.150671
9072	-228.0214	-341.6165	113.5951	0.7712699	4.141894	1.698939	1.210502
9078	-232.0135	-344.9129	112.8994	0.7489987	2.855598	3.541257	1.455369
9084	-226.3684	-339.439	113.0706	0.6317189	2.855598	3.075824	1.552037
9090	-228.672	-340.8408	112.1689	0.6323848	4.009825	4.619014	1.48995
9096	-234.7577	-347.5851	112.8273	0.5797821	4.574972	3.862277	1.038186
9102	-243.6845	-356.1522	112.4677	0.1707185	7.563904	3.216177	1.287917
9108	-238.6275	-351.2557	112.6282	0.3670602	7.563904	1.47551	1.7194
9114	-250.4628	-362.9985	112.5357	0.8332775	7.790616	1.654122	1.3112
9120	-232.1416	-344.4189	112.2773	0.8896282	7.790616	3.142417	0.7376901
9126	-241.7046	-355.6511	113.9465	0.8639846	3.449579	2.107779	0.7376901
9132	-237.7466	-350.0606	112.314	0.8381304	3.30918	6.00887	1.106766
9138	-237.5539	-349.8346	112.2806	0.9182381	5.785568	2.355691	1.464206
9144	-224.9321	-338.4526	113.5205	0.8678576	3.291535	2.215888	1.18756
9150	-226.0076	-339.652	113.6445	1.074768	3.377652	2.16415	0.8553689
9156	-228.1	-341.3227	113.2227	0.8577528	5.581471	2.003764	0.9055105
9162	-237.5999	-349.7222	112.1222	0.9940809	5.581471	4.004115	1.001866
9168	-234.7264	-347.6657	112.9393	1.209256	5.581471	2.210607	0.638383
9174	-234.2349	-347.9988	113.7639	1.028382	5.581471	1.142104	0.7940395
9180	-224.3612	-336.7408	112.3796	0.5240655	4.155302	3.525286	1.647011
9186	-229.3507	-342.0511	112.7004	0.1608812	3.659586	3.110915	1.908166
9192	-235.8138	-348.4305	112.6168	0.1403933	4.222215	2.903776	1.908166
9198	-243.8036	-356.3654	112.5618	0.4282857	2.959075	2.561167	2.167892
9204	-231.4797	-344.4658	112.9861	0.2251857	2.959075	2.133966	2.167892
9210	-236.1528	-349.5822	113.4294	0.922781	4.654972	2.056713	0.850857
9216	-227.8469	-339.9277	112.0809	1.301158	2.942718	6.748091	0.850857
9222	-224.1126	-337.6131	113.5006	1.471026	3.059588	2.249135	0.5404481
9228	-238.3272	-350.8271	112.4999	1.48765	3.901192	3.810291	0.4935578
9234	-228.0106	-341.0395	113.0288	1.271527	4.41985	2.619588	0.5157628
9240	-232.3628	-345.6966	113.3339	0.9127406	8.157782	1.099886	0.825147
9246	-224.2819	-337.5555	113.2735	0.4755578	5.090179	1.344805	1.665206
9252	-233.979	-347.0427	113.0637	0.2919748	4.693172	2.409585	1.547504
9258	-223.4578	-336.3802	112.9224	0.3879841	4.863428	2.041702	1.688231
9264	-225.0882	-338.1078	113.0196	0.4979889	1.810343	3.154644	2.03941
9270	-222.2949	-335.4174	113.1226	0.6525404	2.77045	3.154644	1.502081
9276	-228.2465	-340.3835	112.137	0.4688174	2.597225	7.708153	1.502081
9282	-236.911	-351.1127	114.2017	0.7706194	1.671787	2.485876	1.270512
9288	-232.1392	-346.3616	114.2224	1.093544	2.434037	1.918596	0.8038603
9294	-226.5625	-339.3648	112.8023	1.093544	4.09146	3.119128	0.9828265
9300	-235.7345	-349.0263	113.2917	1.201008	2.999236	3.119128	0.7592291
9306	-236.8589	-349.6419	112.783	1.27436	3.844218	3.570075	0.647199
9312	-239.1976	-352.138	112.9404	1.578249	2.760842	3.570075	0.5452863
9318	-238.1745	-350.7527	112.5781	1.53326	4.965263	2.609747	0.3825616
9324	-249.3737	-361.79	112.4163	1.403925	6.14228	2.609747	0.405637
9330	-243.4515	-356.0271	112.5756	1.525091	4.891124	2.748549	0.4987013
9336	-235.7881	-349.4486	113.6605	0.8546055	4.891124	1.535053	0.9654405
9342	-229.0975	-342.9848	113.8872	1.37768	2.348958	1.873814	0.9462951
9348	-225.6496	-339.799	114.1494	1.33292	2.348958	1.873814	0.649231
9354	-230.9394	-344.024	113.0846	1.089158	2.348958	4.003272	1.085196
9360	-227.5264	-340.651	113.1246	1.361646	2.348958	3.881534	0.7924778
9366	-227.4366	-339.7785	112.3419	1.138743	1.826444	7.923188	1.097043
9372	-226.9071	-339.713	112.8059	0.8661147	2.728134	4.219169	1.297751
9378	-230.3438	-343.5218	113.1781	0.9480018	1.372393	4.481925	1.503088
9384	-231.6553	-345.2503	113.595	0.9480018	1.372393	4.481925	1.16887
9390	-253.0119	-364.7638	111.7519	1.021578	2.779817	4.897868	1.794496
9396	-243.1964	-354.7371	111.5407	0.5247036	2.779817	9.045458	1.656387
9402	-244.8491	-357.23	112.381	0.4281186	5.079691	3.085092	1.640045
9408	-241.561	-354.0361	112.4751	0.256171	5.035744	3.085092	1.704249
9414	-245.0324	-358.2037	113.1713	0.2628547	3.153162	3.085092	1.652301
9420	-240.7928	-353.4403	112.6475	0.06991067	2.687964	6.198959	1.626319
9426	-244.6444	-357.5698	112.9254	0.1263171	4.655613	2.641187	1.693722
9432	-241.9484	-355.1906	113.2422	0.07602799	4.069259	2.669016	1.625361
9438	-242.1171	-354.7897	112.6725	0.1465028	4.069259	3.926002	1.625361
9444	-244.3104	-357.7361	113.4257	0.6558216	2.145189	4.042369	1.24998
9450	-234.3275	-347.6743	113.3467	0.2341342	5.247427	1.098855	1.899651
9456	-232.4822	-344.9083	112.4261	0.5778793	5.247427	3.201149	1.426021
9462	-236.3315	-348.5009	112.1694	0.63015	5.028744	3.201149	1.622902
9468	-233.9069	-347.1938	113.2869	0.4711132	5.028744	1.200993	1.755672
9474	-227.8941	-340.2309	112.3367	1.227582	5.032838	3.962742	0.6105315
9480	-242.4922	-355.0392	112.5469	0.9259518	4.243159	4.335512	0.9163136
9486	-238.6097	-350.8194	112.2096	0.8442051	2.558689	4.335512	1.78852
9492	-231.8602	-344.4692	112.609	1.041841	3.385689	4.973023	0.8384897
9498	-239.2066	-351.9857	112.7791	1.19681	4.720406	3.09963	0.6120646
9504	-225.2145	-337.8906	112.6761	1.367587	5.903506	2.31378	0.530743
9510	-222.2161	-335.111	112.8949	1.110703	5.903506	2.31378	0.6548912
9516	-220.1018	-332.7369	112.6351	1.40306	5.903506	2.31378	0.5630356
9522	-225.3406	-338.139	112.7984	1.426834	4.652117	2.31378	0.8349305
9528	-222.9512	-335.8153	112.8641	1.157721	4.125944	3.184174	0.7945304
9534	-223.7838	-335.8273	112.0435	1.072418	4.125944	5.918438	0.8679438
9540	-227.371	-340.0101	112.6391	0.9878677	4.125944	3.753737	0.9982887
9546	-227.734	-341.1217	113.3878	0.6532312	4.125944	2.864693	0.9324099
9552	-225.6603	-338.3782	112.7179	1.508642	4.251795	2.864693	0.5925466
9558	-226.8081	-340.4885	113.6804	1.424618	3.52632	1.62796	0.6957477
9564	-224.3144	-338.2874	113.9731	1.524183	2.593593	1.62796	0.6957477
9570	-229.06	-341.937	112.877	1.135137	3.257513	2.877572	1.245207
9576	-235.618	-348.8511	113.2331	1.601215	2.681069	2.877572	0.4604569
9582	-244.6752	-357.5166	112.8414	0.5253906	3.866952	2.048564	1.86433
9588	-239.1696	-352.2846	113.115	0.2114196	4.388782	2.048564	1.774025
9594	-241.1509	-354.6937	113.5427	0.3353131	2.887272	2.048564	1.774025
9600	-235.6512	-348.9227	113.2715	0.4133219	3.276491	1.606547	1.98562
9606	-232.5008	-346.0062	113.5054	0.5535681	4.547447	1.606547	1.407092
9612	-225.9887	-339.227	113.2383	0.7065913	5.779764	1.386326	1.358904
9618	-233.5756	-346.2899	112.7143	0.5740671	4.895656	1.386326	1.997462
9624	-236.0624	-348.9652	112.9029	0.5006886	9.586453	1.386326	1.178334
9630	-239.8365	-353.1714	113.335	0.5390485	9.586453	0.8073764	1.244567
9636	-243.1341	-356.9061	113.7719	1.18894	2.557083	1.979055	1.0812
9642	-246.7833	-360.6335	113.8503	1.18894	2.453649	1.931134	1.082195
9648	-238.0674	-351.8375	113.7701	1.251894	4.024309	0.9642453	1.197443
9654	-235.485	-348.0051	112.5201	0.5620327	3.007447	0.9642453	2.77941
9660	-235.155	-347.7308	112.5758	0.769407	4.001407	1.091852	2.304447
9666	-234.9553	-347.8269	112.8715	0.8728395	2.704005	1.155049	2.337279
9672	-237.3672	-350.8157	113.4485	0.8828264	3.460713	1.75157	1.404923
9678	-225.2988	-339.0343	113.7355	1.022731	3.460713	1.405756	1.258983
9684	-223.9892	-336.7716	112.7824	1.134161	4.414529	2.961646	0.9217026
9690	-224.6786	-338.6339	113.9554	0.9187174	3.580538	1.580686	0.998092
9696	-224.6014	-338.1457	113.5443	1.072002	3.580538	1.980681	0.998092
9702	-229.5081	-342.5181	113.0101	0.9801895	5.89666	2.124403	0.8376221
9708	-225.7769	-338.9939	113.2169	0.5827129	5.35775	1.979196	1.239068
9714	-225.8958	-338.7302	112.8344	0.3020748	8.82001	1.979196	1.174554
9720	-233.9159	-346.6543	112.7383	0.2779746	8.82001	1.654443	1.43912
9726	-234.8924	-347.8839	112.9915	0.2875023	8.82001	1.654443	1.228762
9732	-229.8138	-343.2244	113.4106	0.4391753	9.679465	1.052196	1.019824
9738	-228.3322	-341.5126	113.1804	0.4181956	9.369702	1.052196	1.287315
9744	-226.0596	-339.2731	113.2135	0.4031797	9.055284	1.052196	1.315695
9750	-232.5596	-345.696	113.1364	0.1712222	8.943596	1.437733	1.315695
9756	-225.3964	-338.5095	113.1131	0.2133686	9.01514	1.437733	1.290362
9762	-227.9619	-341.155	113.1931	0.3371911	7.017885	1.514906	1.385429
9768	-224.0208	-336.7946	112.7737	0.4963789	6.03305	1.842907	1.582448
9774	-238.8277	-351.6513	112.8236	0.3422594	6.03305	1.842907	1.657827
9780	-242.7413	-356.1746	113.4333	0.1484551	6.915736	1.842907	1.17961
9786	-238.4397	-351.4454	113.0057	0.2023567	5.726062	1.842907	1.681476
9792	-233.9752	-347.0312	113.056	0.3303345	7.778183	1.842907	1.196317
9798	-222.6436	-335.8998	113.2563	0.6457162	3.377222	3.163666	1.196317
9804	-241.6067	-354.5613	112.9547	0.6846744	3.147821	3.163666	1.479401
9810	-227.8125	-340.1481	112.3357	0.5680306	3.275992	4.937869	1.54361
9816	-228.9629	-341.5455	112.5826	0.5889807	3.715217	4.937869	1.202015
9822	-230.8208	-343.0252	112.2044	1.064319	3.838848	4.415593	1.214086
9828	-222.8172	-334.8571	112.0398	1.040418	5.498929	4.009557	1.055875
9834	-228.6174	-341.7847	113.1673	0.2689424	5.498929	1.343491	1.808853
9840	-234.3825	-347.6674	113.2849	0.3971344	2.305778	2.00755	2.109643
9846	-231.3873	-343.7979	112.4106	0.709028	2.305778	6.436873	1.426172
9852	-235.9208	-348.388	112.4672	0.7220257	3.257271	2.087779	2.118888
9858	-235.4267	-347.1223	111.6956	0.4837179	6.398203	3.603475	1.708831
9864	-232.8395	-344.9007	112.0612	0.9388587	6.398203	3.603475	1.059431
9870	-232.9793	-345.1846	112.2054	0.8906449	4.059141	5.981694	0.8986584
9876	-227.6375	-339.2754	111.6379	1.268872	6.232227	5.194808	0.501372
9882	-228.3951	-340.1844	111.7893	1.327068	7.006729	3.925451	0.5440486
9888	-235.116	-347.7312	112.6152	1.223887	3.494044	3.925451	0.9466503
9894	-243.9204	-356.6861	112.7657	0.7020531	2.729292	3.925451	1.530976
9900	-231.7095	-343.7174	112.0079	0.7054538	4.818345	5.30331	1.20545
9906	-238.1588	-350.8339	112.6751	0.745436	4.818345	3.142916	1.20545
9912	-231.6628	-344.6975	113.0347	0.704598	2.270142	3.904497	1.502518
9918	-236.8179	-349.428	112.6101	0.619273	3.087506	2.768183	1.909242
9924	-236.9563	-350.9488	113.9924	0.7091842	2.733842	1.436963	1.520836
9930	-228.6701	-341.381	112.7109	0.6514933	3.415151	3.45902	1.520836
9936	-230.2955	-342.6575	112.362	0.8062054	5.037862	3.45902	1.260612
9942	-220.8982	-333.923	113.0248	0.9363732	5.45447	2.550431	0.7256017
9948	-237.4713	-350.7801	113.3087	1.158504	4.813798	1.936956	0.7256017
9954	-232.3091	-345.0672	112.7581	0.7589397	4.488058	3.668885	1.023467
9960	-238.0228	-352.0221	113.9993	0.8453934	2.875702	1.934123	1.077695
9966	-232.7918	-346.7874	113.9956	0.8787608	2.875702	1.934123	1.04971
9972	-233.8737	-348.1198	114.2461	0.7385462	2.342771	1.619272	1.348095
9978	-231.1215	-343.858	112.7365	1.054134	3.293024	4.119278	1.008859
9984	-237.3946	-350.3338	112.9393	0.8939099	4.198768	2.604701	1.217286
9990	-237.652	-349.6518	111.9998	1.108679	2.976422	4.99671	1.470124
9996	-234.4013	-347.1104	112.7091	1.194961	3.133102	4.313522	0.8907121
10002	-230.6939	-343.3104	112.6166	0.9659489	4.596772	3.743544	0.8923271
10008	-230.5007	-343.0333	112.5325	0.9037151	4.70068	4.079821	0.8923271
10014	-230.858	-343.2144	112.3564	1.177835	3.967411	3.980983	1.063313
10020	-232.0756	-345.5174	113.4418	1.008651	4.272722	1.497661	1.222806
10026	-230.6982	-345.0544	114.3561	0.9791135	3.037989	0.8131987	1.378331
10032	-233.7141	-346.9018	113.1877	1.071139	8.883307	0.516179	1.351971
10038	-232.5147	-346.4623	113.9476	1.214811	6.43581	0.516179	0.9840316
10044	-240.0842	-354.5088	114.4246	1.330852	3.049289	0.9969933	0.7853896
10050	-232.8741	-346.5459	113.6718	0.9685302	3.732004	1.560378	1.177274
10056	-227.4906	-340.4852	112.9946	0.8424868	3.308314	3.04971	1.311789
10062	-227.138	-340.4201	113.2821	0.8424868	3.674286	2.307583	1.247529
10068	-233.5769	-346.9836	113.4067	1.066475	5.922182	1.177814	1.020572
10074	-228.7127	-341.37	112.6573	0.9770328	3.470359	2.905542	1.469564
10080	-232.8207	-345.6702	112.8495	0.8376655	3.470359	3.901941	1.111271
10086	-233.02	-346.0329	113.0129	0.5714943	3.750947	3.901941	1.111271
10092	-238.3431	-351.538	113.1949	0.7914887	3.750947	1.585899	1.665238
10098	-236.5728	-349.164	112.5912	0.7107916	3.30738	2.869614	1.76723
10104	-241.5076	-353.6476	112.14	0.2915265	2.81027	4.011323	2.196732
10110	-254.5787	-366.7456	112.1669	0.2970408	2.410598	5.270814	2.053183
10116	-238.412	-351.8701	113.4581	0.5745704	2.410598	2.201939	1.762738
10122	-233.5062	-346.2859	112.7797	0.1830524	5.016824	2.201939	1.837911
10128	-230.0047	-342.8244	112.8196	0.1893592	5.016824	2.201939	1.80605
10134	-231.7455	-344.6497	112.9042	0.1048052	5.016824	2.201939	1.80605
10140	-227.4095	-339.6859	112.2763	0.3483287	5.157069	3.34466	1.682087
10146	-232.2433	-345.2238	112.9805	0.4192816	4.547585	2.914565	1.366872
10152	-236.1067	-347.6081	111.5014	0.576793	4.365653	4.112429	2.027183
10158	-226.7709	-340.3129	113.5419	0.4222019	4.482002	1.576764	1.510344
10164	-238.1385	-350.9155	112.7769	0.4758951	2.812755	3.828313	1.68395
10170	-240.1834	-353.9934	113.81	0.6205444	2.698319	2.650595	1.180602
10176	-235.8583	-349.1991	113.3408	0.8962258	2.858516	3.176292	1.083906
10182	-230.3002	-343.7883	113.4881	1.133317	2.641616	2.83846	0.9433633
10188	-243.892	-357.3791	113.4871	0.7913953	3.945634	2.421274	0.9659006
10194	-242.1158	-355.5039	113.3881	1.018897	3.644834	2.342627	0.9837346
10200	-238.4582	-351.351	112.8928	0.6514428	2.121385	4.024164	1.674508
10206	-228.7452	-340.7554	112.0102	0.4202717	3.338344	4.610781	1.926394
10212	-224.283	-337.7886	113.5056	0.8458216	3.338344	1.980037	1.314201
10218	-231.4571	-344.9036	113.4465	0.8913806	3.058726	1.626255	1.583345
10224	-229.214	-341.8457	112.6317	0.7934421	3.57265	4.38733	1.169123
10230	-243.0934	-355.1303	112.0369	0.9266952	6.389285	4.448748	0.7901299
10236	-235.2493	-348.2638	113.0145	0.9204435	10.47748	0.9960582	0.8530101
10242	-230.1902	-343.718	113.5278	0.6251765	5.806634	1.864246	0.8530101
10248	-221.7511	-334.6089	112.8578	0.7707682	5.806634	2.524886	1.02697
10254	-224.2798	-337.2187	112.9389	0.7760017	5.467061	2.524886	1.02697
10260	-228.4559	-341.2446	112.7887	1.071092	6.360778	2.464822	0.5119374
10266	-234.7805	-347.1669	112.3865	1.263856	7.304021	2.464822	0.4509242
10272	-241.8778	-356.0808	114.203	1.392929	2.750069	1.466664	0.4509242
10278	-237.4145	-349.7908	112.3763	1.671767	2.750069	4.79253	0.3253975
10284	-238.3597	-350.7285	112.3689	1.320743	3.724215	4.79253	0.3614352
10290	-226.9872	-340.9986	114.0113	1.320743	2.409729	2.040889	0.6877229
10296	-238.5845	-351.6159	113.0314	1.045475	2.409729	4.918669	0.8611558
10302	-237.6025	-350.6785	113.076	1.068099	2.185847	4.606486	1.013373
10308	-248.0127	-361.3766	113.3638	1.241674	2.175414	3.84362	0.7735583
10314	-244.9172	-357.4734	112.5563	1.149584	3.597503	4.912911	0.6600323
10320	-243.3343	-355.9548	112.6206	0.9532073	2.930203	2.511004	1.802017
10326	-254.4409	-368.1903	113.7494	0.5349186	2.71978	2.511004	1.34884
10332	-243.3704	-356.8984	113.528	0.3024054	3.753419	1.623364	1.756399
10338	-237.6418	-350.6774	113.0356	0.8924086	3.939968	1.823957	1.544842
10344	-225.0049	-338.9335	113.9286	1.013055	2.407469	1.466624	1.441339
10350	-232.9461	-345.5769	112.6308	0.07476202	3.931455	2.382869	2.168977
10356	-229.2213	-342.5019	113.2805	0.1128458	3.899672	2.427366	1.69636
10362	-234.8	-347.3425	112.5424	0.1131197	5.05189	2.427366	1.95978
10368	-227.6025	-340.1288	112.5262	0.4821785	3.77571	2.427366	1.990335
10374	-239.9684	-352.5576	112.5893	0.7029562	3.77571	3.05493	1.593467
10380	-238.5561	-350.7995	112.2434	0.542109	2.205188	5.739022	1.827245
10386	-235.0999	-347.6518	112.5519	0.7387168	2.761165	5.739022	1.245142
10392	-231.7434	-344.4056	112.6622	0.6463051	5.822399	2.710141	1.23231
10398	-235.3899	-348.4441	113.0542	0.5158107	4.754516	2.710141	1.253337
10404	-240.9951	-353.4615	112.4664	1.038871	6.762302	2.598318	0.8859146
10410	-232.5302	-346.1234	113.5932	0.8084116	3.074841	1.853261	1.418987
10416	-236.8032	-348.5207	111.7175	0.5575349	4.912725	3.659582	1.890221
10422	-229.4103	-342.3961	112.9858	0.1500776	5.259802	2.240408	1.655339
10428	-237.4409	-350.9429	113.502	0.2500346	5.096528	1.893187	1.376756
10434	-223.655	-337.1159	113.4609	0.7475143	5.096528	1.268786	1.367056
10440	-222.5267	-335.9522	113.4255	0.6435636	6.499002	1.490271	1.037005
10446	-231.7789	-343.2948	111.5159	0.1112236	5.673747	4.818977	1.937665
10452	-227.8843	-341.4638	113.5796	0.1502135	8.601747	0.9365857	1.381233
10458	-228.9188	-342.1322	113.2134	0.2703538	8.891347	0.9365857	1.529781
10464	-235.6051	-348.9219	113.3168	0.6310268	8.891347	0.4022082	1.730449
10470	-226.5788	-340.0853	113.5066	0.6912453	8.891347	0.8082964	1.060796
10476	-224.4845	-337.4437	112.9592	0.3693469	4.736806	2.847237	1.401645
10482	-234.5266	-346.7969	112.2703	1.048987	3.293719	6.921051	0.6764016
10488	-236.3999	-348.3702	111.9703	1.096622	3.293719	6.921051	0.9961976
10494	-232.5989	-345.2256	112.6267	1.092745	2.218702	5.642068	1.127429
10500	-230.1276	-342.8584	112.7308	0.8893958	3.915083	3.589998	1.127429
10506	-224.5219	-337.8632	113.3413	0.8093645	2.92689	2.304227	1.46223
10512	-225.3554	-338.1291	112.7737	0.8093645	5.107567	2.314949	1.31925
10518	-222.7077	-335.803	113.0954	0.3814001	3.160702	2.65019	1.755779
10524	-223.5883	-336.947	113.3587	0.891383	4.597297	2.205375	0.8934975
10530	-228.9977	-343.1804	114.1827	1.368021	3.127931	1.207838	0.7507438
10536	-235.5262	-349.8423	114.3161	1.485062	2.660386	1.207838	0.67397
10542	-233.6888	-346.9966	113.3078	1.485062	5.807517	1.207838	0.4331187
10548	-241.152	-354.2734	113.1214	1.439438	5.859434	1.30496	0.2753141
10554	-221.2565	-334.2166	112.9602	0.9371651	6.454291	1.694123	1.073873
10560	-225.9182	-338.5084	112.5902	0.8547318	5.759468	1.91608	1.468734
10566	-230.3339	-344.0717	113.7378	0.2873085	4.326637	1.608606	1.48409
10572	-239.3179	-353.2632	113.9452	0.570584	2.296298	1.98794	1.545382
10578	-231.202	-345.1291	113.9271	0.4552419	2.428823	1.98794	1.593315
10584	-225.1386	-338.107	112.9684	0.2309387	4.208021	2.703948	1.666498
10590	-241.677	-354.0126	112.3356	0.6781504	5.190477	2.538393	1.647352
10596	-238.0318	-350.6725	112.6407	0.4992445	3.874693	2.538393	1.840764
10602	-238.3021	-350.9281	112.626	0.2461321	3.874693	4.857396	1.41773
10608	-231.8028	-343.949	112.1462	0.510703	3.463566	4.857396	1.68645
10614	-222.7931	-334.7359	111.9428	0.387714	3.463566	4.857396	1.912513
10620	-231.0152	-344.037	113.0218	0.1045808	6.967688	2.34216	1.313895
10626	-230.1935	-343.2653	113.0718	0.1320032	4.869724	3.320663	1.313895
10632	-234.9873	-348.594	113.6067	0.1057654	4.869724	1.973351	1.419616
10638	-235.9228	-348.3466	112.4238	0.219054	2.686449	5.214296	1.853336
10644	-232.4333	-346.6201	114.1868	0.8993171	2.657459	1.430035	1.251359
10650	-236.9229	-350.0367	113.1138	1.055739	2.657459	3.878396	0.9836238
10656	-234.1885	-346.5756	112.3871	0.5566041	2.657459	3.878396	1.934779
10662	-243.047	-356.5959	113.5489	1.202374	2.657459	2.142784	1.143054
10668	-239.355	-353.9409	114.5858	1.202374	3.00218	0.722607	1.103229
10674	-229.3124	-341.9764	112.6641	0.7778211	3.955037	3.207473	1.386805
10680	-241.0416	-354.9798	113.9383	0.9396986	2.54522	2.60749	0.8227836
10686	-233.8648	-347.8995	114.0347	0.8493103	2.54522	1.439143	1.449026
10692	-244.307	-357.4185	113.1115	0.724835	4.329153	2.981796	1.022979
10698	-246.6907	-359.4697	112.7791	0.9577024	4.004484	3.495083	1.022979
10704	-238.3042	-350.975	112.6708	1.174021	4.39388	3.495083	0.7521371
10710	-233.0135	-346.1957	113.1822	1.067726	3.821158	2.95656	0.7521371
10716	-232.023	-344.7808	112.7579	1.05186	4.960346	2.95656	0.861891
10722	-229.1442	-342.1523	113.0081	0.6416834	4.783894	2.95656	1.079859
10728	-230.6754	-342.808	112.1326	0.9338994	4.783894	2.836225	1.591835
10734	-231.5389	-344.1979	112.6589	0.4924207	4.783894	2.140386	1.776855
10740	-234.372	-347.2878	112.9158	1.09416	2.683356	4.37924	0.9662258
10746	-242.0979	-355.7894	113.6915	1.534607	4.035076	1.243723	0.6818099
10752	-237.0154	-350.9273	113.9119	1.352998	1.547051	3.024604	0.8347937
10758	-239.3021	-352.6821	113.38	1.167594	3.048835	3.024604	0.7014175
10764	-244.4703	-358.6447	114.1744	0.8879825	3.048835	1.309635	1.205237
10770	-229.6339	-342.5922	112.9583	1.212171	1.966768	3.777753	1.335006
10776	-224.7934	-337.4139	112.6206	0.7535617	3.756519	3.777753	1.32499
10782	-240.0932	-352.2145	112.1213	0.6062024	4.06116	4.95948	1.45793
10788	-233.0529	-346.7038	113.6509	0.678673	4.06116	2.034848	1.081862
10794	-235.0923	-347.7902	112.6979	0.1723939	5.140382	3.728493	1.397398
10800	-230.4986	-342.7395	112.2409	0.378182	3.042274	4.355838	1.932722
10806	-228.1464	-340.5492	112.4028	0.2405282	3.042274	2.651621	2.340359
10812	-227.6584	-339.3318	111.6734	0.4507568	4.498945	2.651621	2.340359
10818	-235.0356	-347.2229	112.1872	0.1910731	3.822712	3.122525	2.186292
10824	-231.3454	-344.2121	112.8667	0.1703438	6.654257	2.18067	1.50273
10830	-231.2476	-343.9501	112.7025	0.9395203	5.503757	2.218979	1.225474
10836	-228.8064	-341.717	112.9106	0.5583126	6.206343	2.218979	1.225474
10842	-232.7843	-345.3349	112.5506	0.5008951	8.21055	2.218979	1.225474
10848	-231.1072	-344.0755	112.9683	0.840784	8.051899	1.045413	1.311304
10854	-245.5647	-359.1287	113.5641	0.7039255	8.051899	1.045413	0.8855711
10860	-230.0346	-342.9369	112.9023	0.7996117	8.995262	1.045413	1.259835
10866	-231.1393	-345.2213	114.082	0.6062711	4.46135	1.045413	1.291499
10872	-228.5029	-341.5939	113.0911	0.7126105	11.29643	1.003403	0.8575571
10878	-234.2733	-347.6048	113.3314	0.5034017	6.972011	1.003403	1.491782
10884	-230.1213	-343.0802	112.9589	0.4371978	4.362567	2.688231	1.491782
10890	-231.6782	-345.1869	113.5087	0.1223367	4.358445	2.197389	1.501345
10896	-224.6548	-337.4549	112.8001	0.1881025	4.725999	2.019064	1.947186
10902	-234.6871	-347.804	113.1169	0.250828	7.936539	1.618782	1.309111
10908	-230.2057	-343.2446	113.0389	0.1789068	9.459661	1.451937	1.309111
10914	-227.9414	-341.2409	113.2994	0.5988917	8.013216	1.451937	0.920741
10920	-228.0232	-340.6876	112.6644	1.00862	8.013216	2.085925	0.6627602
10926	-239.3591	-352.2288	112.8697	0.4965062	8.424454	1.30212	1.42616
10932	-236.45	-349.3633	112.9133	0.7384635	6.656674	1.30212	1.478419
10938	-229.3432	-342.5691	113.2259	0.5303108	6.656674	1.684896	1.165967
10944	-236.7003	-350.2531	113.5528	0.4632711	7.082813	1.007094	1.330318
10950	-240.1818	-352.7883	112.6065	0.6633419	3.961631	2.465446	1.755026
10956	-237.9986	-351.4574	113.4588	1.251361	5.448588	0.9633064	1.102561
10962	-243.2548	-355.9017	112.6469	0.2722297	4.716552	2.235912	1.913864
10968	-234.0695	-347.3355	113.266	0.8747414	3.844497	2.235912	1.215145
10974	-227.2775	-339.7625	112.4849	1.658612	2.534884	5.055649	0.5792113
10980	-230.4046	-343.0921	112.6875	1.352506	7.142393	1.822277	0.4407089
10986	-226.163	-338.3632	112.2002	1.352506	5.73816	3.49159	0.5909979
10992	-235.2554	-348.8017	113.5463	0.8197676	5.21081	1.580069	0.9940541
10998	-234.1144	-347.3915	113.2771	0.8407681	5.543353	1.580069	1.144848
11004	-223.4522	-337.0899	113.6376	1.154973	3.737565	1.83235	0.8412189
11010	-226.8165	-340.0752	113.2587	1.154973	3.737565	2.625877	0.7734671
11016	-225.6771	-339.1171	113.44	1.538309	2.611305	2.625877	0.5604429
11022	-234.4091	-347.4186	113.0095	1.75868	1.941347	4.07533	0.5443734
11028	-228.9565	-342.7733	113.8168	1.75868	1.941347	2.073276	0.3549962
11034	-243.0803	-355.7127	112.6324	1.572731	2.311367	5.116346	0.3637253
11040	-245.6068	-358.8156	113.2088	1.44811	4.650477	1.790064	0.3904565
11046	-235.0595	-348.2279	113.1684	1.310136	4.650511	2.008851	0.7158054
11052	-240.0263	-353.9414	113.915	1.332567	2.650645	2.008851	0.6600488
11058	-238.5257	-351.5657	113.04	1.375662	3.7732	2.788785	0.6091046
11064	-243.4914	-356.0734	112.582	1.470827	3.82976	3.607073	0.6381535
11070	-243.9428	-356.7205	112.7777	1.112238	3.019096	4.376022	0.9370472
11076	-243.3336	-354.916	111.5824	1.135677	5.755725	6.229795	0.6616263
11082	-240.2562	-353.6763	113.4201	0.6470926	5.428967	1.553691	1.230448
11088	-239.8907	-353.5934	113.7028	0.9529796	5.428967	1.019266	1.105547
11094	-235.5829	-348.4315	112.8486	1.397045	6.193684	1.833371	0.4513407
11100	-232.4053	-345.7627	113.3575	1.354592	4.451443	1.833371	0.5561392
11106	-228.1557	-340.4115	112.2558	1.514347	5.071859	3.269342	0.3477753
11112	-239.963	-352.5956	112.6325	0.6588575	7.541105	1.907721	1.281566
11118	-235.4025	-348.714	113.3116	0.7358017	6.116981	1.525948	1.115526
11124	-234.9405	-347.4523	112.5118	1.490166	3.520083	4.05763	0.3749258
11130	-228.1611	-341.5957	113.4346	1.5588	2.405376	2.573152	0.7834183
11136	-230.4423	-344.914	114.4717	1.432241	2.827078	0.7636128	1.017421
11142	-242.8483	-354.0383	111.1901	2.032551	2.694975	7.402332	0.204719
11148	-240.3806	-351.8601	111.4795	1.710783	2.694975	8.876561	0.3483219
11154	-230.5141	-343.0857	112.5716	0.8325483	3.425396	3.121112	1.585498
11160	-243.2467	-355.946	112.6993	0.7312584	5.40824	3.121112	1.058744
11166	-235.9203	-349.3895	113.4691	0.8657844	4.545179	1.919906	0.9940924
11172	-248.153	-361.5095	113.3565	0.9708823	3.043632	3.272316	0.869311
11178	-241.6671	-354.1539	112.4867	1.372361	6.117033	2.583533	0.4966168
11184	-225.2318	-338.0054	112.7736	1.311339	6.117033	2.007292	0.7250563
11190	-227.9948	-341.8882	113.8934	0.563932	6.117033	0.8974314	1.238774
11196	-226.7353	-339.7109	112.9756	0.4737484	6.932404	0.8974314	1.851961
11202	-228.3787	-341.1121	112.7334	0.2833551	6.932404	2.416623	1.376805
11208	-236.8846	-349.196	112.3114	0.5721246	7.578272	2.416623	1.376805
11214	-244.7382	-357.2161	112.4778	0.4240612	6.950941	2.846272	1.303275
11220	-242.4837	-356.3922	113.9085	1.00821	5.881375	0.8023123	0.9679169
11226	-227.9039	-342.1216	114.2177	0.7420983	4.563506	0.8023123	1.255382
11232	-237.3157	-349.5837	112.268	0.5979922	5.150088	4.271511	1.251619
11238	-233.9045	-347.4666	113.5622	0.7376275	3.258331	2.264582	1.251619
11244	-230.5772	-343.8502	113.273	0.7215101	4.259041	1.805255	1.424191
11250	-232.4419	-345.7681	113.3263	1.37419	4.259041	1.805255	0.7517323
11256	-231.7716	-344.4843	112.7127	1.249076	5.28177	2.772995	0.4071156
11262	-235.9164	-347.8432	111.9269	1.131882	4.286627	6.634122	0.6153605
11268	-239.7778	-352.9197	113.1419	1.166382	4.887824	2.225678	0.679233
11274	-230.102	-343.001	112.899	0.9150778	6.360171	2.440173	0.6909799
11280	-240.3604	-352.7389	112.3785	0.606873	3.61536	1.569508	2.373061
11286	-226.0207	-339.4647	113.4439	0.8659154	2.493993	2.655093	1.359046
11292	-230.3583	-344.4831	114.1248	1.322471	3.292041	0.8156342	1.1998
11298	-231.7817	-345.2922	113.5105	1.476064	6.647121	0.8156342	0.5792276
11304	-228.5497	-341.9854	113.4356	1.545733	6.647121	0.8261339	0.5482289
11310	-231.0793	-344.3142	113.235	1.652185	3.111323	2.08378	0.8350024
11316	-239.3655	-352.853	113.4875	1.550294	3.111323	2.08378	0.4450771
11322	-236.1292	-349.3032	113.174	0.6353012	4.082755	2.143417	1.456247
11328	-235.8305	-348.9602	113.1296	0.7114711	3.486279	2.143417	1.589204
11334	-224.3317	-338.1325	113.8009	0.9986883	3.202283	2.149558	0.8517018
11340	-230.5307	-343.874	113.3433	0.7025605	2.713535	1.606575	1.904117
11346	-224.2415	-338.1868	113.9453	0.6469327	2.713535	1.606575	1.517464
11352	-227.7623	-340.7137	112.9515	0.4909143	6.337419	1.606575	1.517464
11358	-226.341	-339.7704	113.4295	0.1324029	4.749146	1.606575	1.728454
11364	-227.6182	-340.8812	113.263	0.4244475	4.902727	1.474397	1.67549
11370	-228.0959	-341.3189	113.223	0.361294	4.902727	1.474397	1.748343
11376	-233.3402	-347.0116	113.6713	0.6265704	3.142117	1.719085	1.541324
11382	-227.7873	-341.6482	113.8609	0.5369086	2.919341	1.719085	1.536898
11388	-237.4793	-349.9633	112.484	0.6464345	2.919341	6.046442	1.257306
11394	-233.9752	-346.5426	112.5675	0.5648348	2.92235	3.457073	1.828782
11400	-232.3463	-344.7851	112.4388	0.6714779	2.77112	5.204665	1.493649
11406	-233.3077	-344.9616	111.6539	0.3545637	3.531632	5.980074	1.913219
11412	-232.9865	-347.3528	114.3663	1.173796	3.74771	0.8614093	0.8963503
11418	-234.1758	-347.7227	113.5469	1.012014	7.044727	0.8614093	0.9938504
11424	-244.5109	-358.1156	113.6048	0.7744247	3.307404	2.331294	1.136386
11430	-235.7879	-348.8254	113.0375	0.8398317	3.288757	3.566455	1.110695
11436	-233.289	-345.5322	112.2433	0.3135693	4.002393	3.554434	1.915972
11442	-229.3174	-342.2819	112.9645	0.08683351	3.647271	3.313493	1.723791
11448	-224.7998	-337.4496	112.6498	0.2520198	4.067235	3.313493	1.726482
11454	-226.547	-339.172	112.625	0.3698798	3.613657	3.313493	1.77194
11460	-229.1631	-341.2768	112.1137	0.7353431	3.613657	5.493099	1.372862
11466	-230.2842	-342.7303	112.4462	0.6824071	2.730862	5.493099	1.435531
11472	-232.7299	-346.4663	113.7364	0.4274613	2.730862	1.257176	1.998816
11478	-231.107	-343.48	112.373	0.1892163	2.966567	3.522293	2.179794
11484	-234.8341	-346.6977	111.8636	0.2367181	2.966567	5.639692	2.058957
11490	-238.4595	-350.647	112.1874	0.318634	3.00913	2.795485	2.394345
11496	-236.1855	-347.9663	111.7808	0.5224659	3.00913	8.038836	1.54219
11502	-235.8833	-348.0184	112.1351	0.2436777	2.969623	7.73356	1.54219
11508	-233.1779	-346.0396	112.8617	0.7847306	2.326599	3.933446	1.54219
11514	-230.3704	-344.7088	114.3385	0.9541382	1.934397	1.314724	1.462834
11520	-235.5759	-348.7731	113.1973	0.8824063	1.934397	3.558809	1.481805
11526	-240.1537	-352.8236	112.6699	1.048134	4.102827	3.088761	1.15818
11532	-232.0252	-345.2214	113.1961	0.2107195	3.771068	2.360985	1.742259
11538	-237.0575	-349.9168	112.8593	0.06602102	4.394095	2.898804	1.756553
11544	-235.119	-348.3644	113.2454	0.6843809	4.394095	2.201581	1.256055
11550	-234.5354	-347.346	112.8106	0.379609	7.913812	2.201581	1.162462
11556	-230.2116	-343.8127	113.6011	0.4556995	5.748932	1.498072	1.203986
11562	-229.863	-342.9662	113.1033	0.6849571	8.403202	1.608476	0.8325901
11568	-234.266	-347.5913	113.3253	1.110011	5.25757	1.904678	0.5588769
11574	-243.2602	-356.073	112.8128	0.9955554	5.175197	2.968434	0.7808606
11580	-234.4825	-347.509	113.0265	0.9775302	4.514504	2.968434	0.7734766
11586	-225.9284	-339.4187	113.4903	1.051689	4.924294	1.76773	0.724083
11592	-229.6565	-343.3553	113.6988	0.8819835	3.057156	2.32587	1.04658
11598	-234.9417	-348.4967	113.555	1.206922	3.057156	2.32587	0.8547791
11604	-233.8394	-345.9801	112.1407	1.206922	3.057156	6.689991	0.8490861
11610	-230.6912	-342.2867	111.5955	1.44216	3.493134	6.307284	1.082168
11616	-243.2022	-355.5787	112.3765	1.067423	2.790829	6.307284	0.966957
11622	-247.5952	-360.1721	112.5769	1.749402	5.156181	1.763234	0.23202
11628	-249.3312	-361.4617	112.1305	1.864419	6.37025	1.763234	0.2205878
11634	-240.7746	-352.9221	112.1475	2.101214	5.442378	1.763234	0.2315586
11640	-246.0888	-359.3257	113.2368	2.00884	2.697468	1.763234	0.2602088
11646	-238.1579	-350.7122	112.5543	2.283545	2.78354	1.927819	0.1648761
11652	-228.4016	-340.445	112.0434	2.230309	3.962985	1.928046	0.1417854
11658	-232.4427	-343.7898	111.3472	2.072379	4.787848	2.865755	0.1213924
11664	-242.1341	-354.0885	111.9544	1.297681	5.166271	4.69811	0.7013044
11670	-231.5876	-343.6998	112.1121	0.7807215	4.715277	5.363942	1.056897
11676	-235.0164	-347.5867	112.5703	0.7423476	3.894756	5.363942	0.8932349
11682	-240.0267	-349.735	109.7084	2.650018	4.808639	4.56876	0.07073354
11688	-243.7182	-353.5729	109.8547	2.76036	4.648296	3.460364	0.05858628
11694	-242.5612	-351.742	109.1808	2.813749	4.9792	4.714279	0.0519089
11700	-246.9939	-358.7338	111.7399	0.5881691	4.484594	4.357477	1.779178
11706	-239.9337	-352.2899	112.3562	0.6033012	4.484594	3.328193	1.585624
11712	-241.7545	-354.4282	112.6738	0.5376027	4.484594	2.732103	1.585624
11718	-235.5894	-348.5599	112.9705	0.4602703	4.135587	2.502609	1.585624
11724	-239.4285	-351.766	112.3375	0.2512629	4.381201	2.502609	2.110256
11730	-226.263	-339.5276	113.2646	0.777835	4.381201	2.502609	1.019825
11736	-230.1254	-343.2977	113.1723	0.5267664	3.581804	2.502609	1.529597
11742	-235.5688	-348.5682	112.9993	0.7684922	3.943411	2.173642	1.510211
11748	-235.8691	-349.9589	114.0899	0.8273318	2.778457	2.003204	1.010365
11754	-240.528	-352.1756	111.6475	2.004518	3.465248	4.747375	0.2499658
11760	-234.5161	-346.2925	111.7765	0.5778068	2.254995	8.139996	1.748813
11766	-242.684	-356.3716	113.6875	0.4923966	4.08048	1.064608	1.748813
11772	-237.192	-351.396	114.204	1.036486	3.71374	0.5705026	1.496068
11778	-230.4293	-343.8152	113.3859	0.9349612	2.715437	1.345137	1.848821
11784	-235.5877	-348.1286	112.5409	0.3734527	2.471486	2.61106	2.345633
11790	-228.1407	-340.9223	112.7817	0.2530791	3.440374	3.058813	1.860161
11796	-221.8682	-334.8668	112.9986	0.4185161	3.563592	2.162709	1.860161
11802	-226.7247	-339.9751	113.2504	0.5869555	3.213477	2.162709	1.660807
11808	-232.9576	-345.5922	112.6345	0.4281044	3.846549	3.106454	1.724732
11814	-230.6481	-343.033	112.3849	0.7184772	3.730546	3.106454	1.724732
11820	-229.7666	-343.5239	113.7574	0.2857154	3.158249	1.34012	1.910229
11826	-220.846	-334.0038	113.1579	0.311376	4.575612	1.436854	1.912887
11832	-224.9874	-338.181	113.1936	0.6948941	4.575612	1.489494	1.591623
11838	-232.1655	-345.6652	113.4997	1.247224	4.575612	1.365428	0.953693
11844	-227.5387	-341.1729	113.6341	1.401973	4.47019	1.365428	0.5491564
11850	-229.6386	-341.7896	112.151	1.380162	4.501806	4.614315	0.4696967
11856	-228.3022	-340.8239	112.5217	1.555461	2.758767	4.787718	0.3598012
11862	-231.268	-344.6823	113.4143	1.463049	3.622101	2.0294	0.4913037
11868	-238.7882	-352.1373	113.3491	1.463049	2.698794	2.898045	0.438502
11874	-231.7133	-345.4123	113.6989	1.659201	2.163176	2.333048	0.5219622
11880	-233.4538	-346.5616	113.1078	1.659201	2.361526	3.432222	0.4956213
11886	-238.9656	-352.3149	113.3494	1.660673	3.26283	2.027513	0.4504913
11892	-232.5912	-345.4691	112.8779	1.665586	2.739013	3.511016	0.4296992
11898	-238.2858	-350.4389	112.1532	1.532782	5.465799	3.363507	0.4998642
11904	-239.7216	-352.2116	112.49	1.24039	5.284904	3.363507	0.4600449
11910	-239.4313	-352.6408	113.2095	1.510301	5.902853	1.2738	0.4600449
11916	-236.0554	-349.6538	113.5984	1.713885	4.740757	0.965733	0.5543398
11922	-235.8311	-349.253	113.4219	1.278778	4.740757	1.715311	0.4454135
11928	-237.8777	-351.1215	113.2438	1.160971	4.052801	2.624828	0.5801511
11934	-229.3468	-341.3509	112.0041	0.9328275	5.854487	4.790399	0.8556523
11940	-237.1746	-349.2674	112.0928	0.6694597	5.854487	4.782256	1.04336
11946	-232.4393	-345.1809	112.7416	0.6075339	5.854487	2.47326	1.285918
11952	-236.6481	-348.6542	112.0061	0.3591632	6.205302	4.909108	1.285918
11958	-237.8267	-350.4135	112.5868	0.8864062	4.654097	3.878868	0.9415746
11964	-227.1902	-340.3239	113.1337	0.713811	3.970537	2.967469	1.12788
11970	-229.2299	-341.7858	112.5559	0.189566	7.306194	2.967469	1.32692
11976	-231.5872	-344.3508	112.7635	0.5304811	3.538746	2.967469	1.680623
11982	-226.8888	-338.8463	111.9576	0.5287755	4.928387	2.967469	1.928438
11988	-228.7317	-341.3267	112.595	0.3612294	4.066481	2.967469	1.787746
11994	-238.3221	-351.4469	113.1248	0.8266222	4.679695	1.792175	1.363406
12000	-238.0412	-350.9039	112.8626	1.053871	3.576646	3.771332	0.8864934
12006	-231.5461	-344.2091	112.663	1.071748	3.889329	3.771332	0.9631239
12012	-237.4406	-350.2459	112.8053	1.022508	3.896538	3.771332	0.856978
12018	-242.6932	-355.2632	112.57	1.364434	4.095706	3.771332	0.4734847
12024	-246.7276	-360.2396	113.512	0.7687578	2.01038	3.468892	1.316366
12030	-237.9738	-351.2414	113.2676	0.9767259	2.611259	3.190209	1.173924
12036	-242.0985	-354.9369	112.8384	0.5445591	2.930559	3.190209	1.724576
12042	-232.5174	-345.2322	112.7148	0.4591272	2.901885	3.777273	1.724576
12048	-232.7896	-346.9255	114.1359	1.142582	2.720735	1.852852	0.7163288
12054	-234.319	-348.7013	114.3823	1.127115	2.747437	1.185429	1.013533
12060	-241.1328	-355.3925	114.2597	1.266139	2.747437	1.465881	0.7226966
12066	-248.4786	-361.987	113.5084	1.401682	4.747317	1.367691	0.6667945
12072	-234.2698	-348.1353	113.8656	1.401682	3.581197	1.367691	0.7114642
12078	-235.4855	-348.6811	113.1956	1.719413	3.249463	2.182355	0.4102067
12084	-234.7355	-349.0571	114.3216	1.558182	2.490618	1.214283	0.6688561
12090	-229.4562	-343.615	114.1587	1.595125	2.688529	1.214283	0.7242675
12096	-232.7202	-347.0555	114.3353	0.9363692	2.723979	0.8242395	1.52233
12102	-241.6543	-355.4464	113.792	0.67656	3.807761	1.964237	1.071496
12108	-232.9987	-346.3032	113.3044	0.5862924	4.532565	2.157218	1.273228
12114	-225.3055	-337.7506	112.4451	0.7600599	4.965792	3.15526	1.343897
12120	-232.5438	-345.1874	112.6436	0.5781349	4.665959	3.86044	1.182763
12126	-228.199	-341.2344	113.0353	0.6305086	4.949968	2.145161	1.361252
12132	-222.8233	-336.2417	113.4184	0.9510042	4.538566	2.145161	0.8105114
12138	-238.3371	-351.7259	113.3888	1.260101	3.074198	2.742486	0.7215004
12144	-238.4775	-351.3332	112.8557	1.234552	4.933714	2.742486	0.5238896
12150	-236.3337	-349.8263	113.4925	1.307463	2.835519	2.772076	0.5897666
12156	-239.7362	-353.0679	113.3317	1.307463	4.165987	2.092463	0.5911732
12162	-227.999	-341.2147	113.2157	0.9254442	4.075039	2.498103	1.021841
12168	-235.5241	-347.289	111.7649	0.7054531	8.34388	4.431059	0.9107723
12174	-231.2474	-343.6812	112.4338	1.300746	3.855536	4.431059	0.7019664
12180	-243.0794	-355.8171	112.7377	0.7851167	3.855536	4.020943	1.097182
12186	-248.8152	-361.8522	113.037	0.6698198	4.34361	2.413913	1.359332
12192	-248.8628	-362.3119	113.4491	1.442465	10.49708	0.391822	0.6453714
12198	-240.6937	-353.9117	113.218	1.433559	12.28885	0.391822	0.4017532
12204	-246.5807	-359.2047	112.6241	1.17592	20.30737	0.391822	0.6202097
12210	-236.5952	-349.8802	113.285	1.226215	10.27973	0.4112099	1.100244
12216	-241.5588	-355.0619	113.5031	1.183107	10.27973	0.2813938	1.190873
12222	-247.7142	-361.9006	114.1865	1.0134	6.983231	0.2813938	1.25811
12228	-238.0404	-352.0168	113.9764	0.9460708	9.032713	0.3629005	0.9914667
12234	-243.4837	-356.8261	113.3424	0.7816187	14.39152	0.3629005	1.040002
12240	-240.3555	-353.5016	113.1462	1.423071	6.541834	1.276985	0.528706
12246	-238.509	-351.8013	113.2924	1.395126	6.220173	1.20637	0.4132113
12252	-235.1179	-348.0112	112.8932	1.199886	5.636535	2.346761	0.5305181
12258	-229.1866	-342.2952	113.1086	1.425105	6.149985	1.404677	0.3960734
12264	-229.7565	-342.993	113.2365	1.641587	4.78205	1.404677	0.3734966
12270	-228.235	-341.1967	112.9617	1.556249	5.472665	1.678045	0.4264656
12276	-221.6559	-334.0432	112.3873	1.454884	5.824112	2.764964	0.5420684
12282	-232.6644	-345.0056	112.3412	1.454884	5.896364	2.764964	0.3845151
12288	-226.8235	-339.7671	112.9436	1.573866	4.604645	1.971808	0.3361023
12294	-225.167	-338.4603	113.2933	1.355092	6.347112	1.223853	0.4277868
12300	-233.849	-347.7119	113.863	1.337343	3.510558	1.580806	0.5495902
12306	-234.4854	-348.4525	113.9671	1.246971	4.621562	1.030088	0.7186154
12312	-234.8342	-348.9484	114.1142	1.034517	4.517368	1.025509	0.8577953
12318	-228.9243	-342.0732	113.1489	0.7931551	4.517368	3.05218	0.8082992
12324	-237.6685	-350.5115	112.843	0.6008563	6.216887	2.990113	0.8955302
12330	-240.0316	-352.2178	112.1862	0.7682964	4.137062	5.416206	1.151986
12336	-233.3233	-346.9044	113.5811	1.028796	4.462579	1.843337	0.7557193
12342	-231.5244	-344.9788	113.4543	1.162462	2.16162	2.790462	1.197983
12348	-229.2017	-341.6616	112.4599	0.6777757	3.111509	4.57902	1.496947
12354	-222.9779	-335.5224	112.5445	0.7229363	4.486918	3.976589	1.155298
12360	-229.9072	-343.8281	113.9209	0.8817805	2.344735	1.872729	1.360309
12366	-231.9786	-344.287	112.3084	0.7780765	4.618183	3.09768	1.530625
12372	-243.1816	-355.4012	112.2196	0.5852893	3.151859	4.158299	1.818184
12378	-239.1659	-351.3694	112.2035	0.5058821	2.600092	3.798166	2.126752
12384	-231.7004	-344.427	112.7266	0.799487	3.450726	2.905933	1.555827
12390	-229.7141	-342.428	112.7138	0.5599033	4.363749	2.436893	1.66973
12396	-232.4679	-345.3893	112.9213	0.9531771	4.0774	2.218012	1.375582
12402	-226.1541	-339.8509	113.6968	0.745032	3.512607	1.663363	1.348833
12408	-225.99	-339.7635	113.7734	0.8286075	3.104911	1.663363	1.348833
12414	-240.7613	-353.4035	112.6422	1.295634	7.014021	1.920069	0.7216223
12420	-228.6666	-342.6633	113.9967	0.8320208	2.694084	1.904014	1.18196
12426	-239.9832	-352.9987	113.0155	0.6620884	3.886969	2.23069	1.568425
12432	-238.5062	-350.2148	111.7086	0.6027461	3.543631	5.177341	1.844161
12438	-230.0446	-342.6741	112.6294	0.6253381	3.543631	3.234948	1.628114
12444	-241.0854	-354.3783	113.2929	1.212427	4.321065	1.988602	0.8371553
12450	-239.3035	-352.5828	113.2794	0.902699	5.915131	1.876884	0.7700769
12456	-230.3775	-343.2877	112.9102	0.8801802	5.915131	2.393143	0.8990679
12462	-234.1162	-347.9425	113.8264	1.133967	3.651443	1.326124	1.075071
12468	-231.4297	-343.9703	112.5406	1.133967	4.033736	3.489309	1.075071
12474	-223.6963	-336.4866	112.7903	0.9730391	4.033736	2.829214	1.23485
12480	-222.2599	-335.2596	112.9997	0.9634656	4.070052	2.319078	1.262869
12486	-226.2255	-339.693	113.4675	0.9370269	4.070052	2.319078	0.8359187
12492	-222.4603	-334.8531	112.3928	0.5830692	3.752467	2.924968	1.861018
12498	-225.824	-338.8373	113.0133	0.5104982	6.27937	1.550132	1.4964
12504	-231.7993	-344.1118	112.3125	0.6794938	5.150743	4.298123	1.135729
12510	-227.9049	-340.8562	112.9513	0.7024637	4.909827	2.864727	1.079649
12516	-223.8779	-336.2396	112.3617	0.5453583	8.488072	2.864727	1.026409
12522	-224.0356	-336.9308	112.8953	0.4936132	9.347203	1.691191	1.026409
12528	-227.6895	-340.626	112.9365	0.6290131	9.783134	1.323554	1.047533
12534	-238.9826	-352.0769	113.0942	0.836175	3.826185	2.867158	1.137133
12540	-244.1287	-356.9486	112.82	0.8652768	7.726487	2.068336	0.753286
12546	-232.6908	-345.666	112.9752	1.028828	4.6252	2.92315	0.753286
12552	-231.1661	-344.5517	113.3856	1.231807	2.35763	2.92315	1.050419
12558	-229.2894	-342.9574	113.668	1.345111	3.666372	1.186084	1.129738
12564	-237.7566	-350.8172	113.0607	0.4719613	7.076787	1.65324	1.295995
12570	-223.7641	-336.9624	113.1983	0.9168168	10.37728	0.7501536	0.9729676
12576	-229.4784	-341.7394	112.261	0.7064023	7.476557	3.256996	0.9949492
12582	-225.6538	-338.4564	112.8026	0.786792	5.217782	3.256996	0.8910062
12588	-234.0817	-347.1289	113.0471	1.001653	3.873924	1.875708	1.446888
12594	-234.8396	-349.3046	114.465	0.9629614	2.855439	1.278421	0.966578
12600	-236.0205	-349.7727	113.7522	0.4926252	3.39848	2.399887	1.192309
12606	-231.8575	-343.8834	112.0258	0.6330069	6.334256	3.897156	1.279754
12612	-233.1334	-345.2828	112.1494	0.9526565	6.334256	2.877018	1.239937
12618	-234.1156	-346.9849	112.8693	0.6809978	6.334256	2.325005	1.077338
12624	-230.033	-343.3389	113.3059	0.8281518	3.901212	2.325005	1.163385
12630	-224.2281	-336.9516	112.7235	0.8364395	8.914055	1.834847	0.8172636
12636	-221.4504	-333.9408	112.4905	0.7070321	4.485548	4.043382	1.19695
12642	-227.3929	-339.966	112.5731	1.040893	3.730229	4.527023	0.8858178
12648	-228.5922	-342.3827	113.7905	1.582675	3.078821	1.349205	0.8573699
12654	-227.4492	-341.3726	113.9233	1.619823	3.078821	1.349205	0.5541226
12660	-230.1081	-343.9206	113.8126	1.468709	2.958352	1.774335	0.5899919
12666	-243.4405	-356.3439	112.9034	1.296767	2.958352	3.867133	0.7986291
12672	-234.6817	-348.9175	114.2358	1.738692	2.34237	1.150068	0.733101
12678	-232.9826	-347.745	114.7624	1.807076	2.975251	0.4801055	0.5040753
12684	-235.2949	-349.3229	114.028	1.444905	2.013012	1.746463	1.004923
12690	-237.2225	-350.7088	113.4863	0.7710046	3.151838	0.9297804	2.020212
12696	-224.5871	-337.2912	112.7041	0.5541378	2.580251	3.832236	1.755034
12702	-234.8931	-346.727	111.834	0.2976948	3.354034	3.702012	2.312828
12708	-219.5627	-332.8819	113.3192	0.225328	5.947943	1.570031	1.529174
12714	-222.2254	-335.1597	112.9343	0.3631737	5.519504	2.186408	1.508454
12720	-222.1384	-335.0315	112.8931	0.5181778	6.528754	2.186408	1.226473
12726	-220.7456	-333.8272	113.0815	0.3082405	5.890685	2.186408	1.365987
12732	-225.7628	-337.933	112.1702	0.1735008	5.890685	3.635882	1.669004
12738	-226.4132	-339.4701	113.0569	0.1460355	4.335971	3.223382	1.469891
12744	-227.9296	-341.8756	113.9459	0.3235656	4.573237	1.296368	1.419364
12750	-227.9739	-340.9471	112.9732	1.085421	5.7663	1.910311	0.9392495
12756	-224.9904	-338.2709	113.2805	1.081091	5.876762	1.763629	0.5728296
12762	-220.1622	-332.7835	112.6214	1.387243	7.441357	1.763629	0.4178787
12768	-231.3392	-343.6216	112.2824	1.444093	4.679672	3.466833	0.810692
12774	-234.0732	-347.2634	113.1902	1.029496	2.612711	3.118578	1.219617
12780	-239.9437	-352.9417	112.998	0.8707831	4.069637	3.118578	1.017335
12786	-232.1885	-344.6349	112.4464	0.7539369	4.33814	3.642043	1.347533
12792	-227.2914	-339.6437	112.3523	0.6514891	2.59797	4.56547	1.760843
12798	-230.0872	-343.074	112.9868	0.2415621	4.058912	2.62815	1.705758
12804	-224.7622	-337.8581	113.0959	0.2734506	3.65276	2.62815	1.705758
12810	-227.6204	-340.0167	112.3963	0.254809	2.382393	2.20544	2.666742
12816	-227.5876	-339.9947	112.4071	0.5404382	2.382393	3.511117	2.109249
12822	-225.302	-337.7093	112.4073	0.6426946	2.913235	3.511117	1.873966
12828	-233.4254	-346.377	112.9516	0.2821635	2.913235	2.26551	2.119477
12834	-230.8486	-343.9781	113.1296	0.5004606	3.600948	1.903834	1.807485
12840	-236.2469	-349.7309	113.484	0.2672163	3.311209	1.903834	1.799646
12846	-242.1612	-353.2311	111.0699	0.6408668	3.311209	5.891815	2.180254
12852	-242.5398	-353.7827	111.2429	0.3920557	3.311209	5.891815	2.229285
12858	-228.6885	-341.441	112.7525	0.1489993	3.77083	2.656254	1.988669
12864	-225.7528	-338.1353	112.3825	0.3687733	3.77083	2.326664	2.194305
12870	-234.7714	-348.0522	113.2808	0.3963625	3.613687	2.966107	1.375238
12876	-233.5356	-345.8668	112.3312	0.6738579	4.551976	2.966107	1.645053
12882	-232.1445	-343.9977	111.8531	0.1755294	4.483459	6.704287	1.555602
12888	-229.4351	-341.1303	111.6953	0.5409534	4.483459	6.704287	1.398633
12894	-241.8234	-354.9076	113.0842	1.120107	4.100985	2.732963	0.8205831
12900	-238.6648	-351.7345	113.0697	1.357941	5.687457	1.654991	0.6987815
12906	-235.4665	-347.8729	112.4064	1.507837	3.410536	4.380438	0.6987815
12912	-242.8251	-355.41	112.5849	1.209732	4.719966	3.454276	0.6987815
12918	-228.8355	-342.3327	113.4972	0.9706383	4.719966	1.560081	1.044088
12924	-231.0509	-345.0824	114.0314	0.9248883	3.887846	1.269115	1.044088
12930	-232.8682	-347.0748	114.2066	1.028864	2.882379	1.205617	1.193073
12936	-228.9093	-343.2134	114.3041	0.9662471	3.165052	0.8534221	1.351674
12942	-230.4623	-343.9927	113.5305	1.30845	2.220562	3.409457	0.5784198
12948	-234.6816	-347.5526	112.871	1.062792	3.678036	3.409457	0.9718924
12954	-246.5537	-359.1544	112.6007	1.053843	4.990095	3.06734	0.9718924
12960	-239.9452	-352.8683	112.9231	0.2526804	7.414845	1.999823	1.350877
12966	-245.277	-358.1452	112.8683	0.243904	9.34763	1.999823	1.105091
12972	-238.8243	-351.8694	113.0451	0.6586946	9.34763	1.327433	0.9782372
12978	-227.5985	-340.0547	112.4561	0.8750901	7.015112	2.670725	0.9782372
12984	-220.7664	-334.158	113.3916	0.6560347	7.015112	1.358446	1.045918
12990	-229.1135	-341.871	112.7575	0.3537514	7.015112	2.347799	1.315593
12996	-225.5873	-338.6126	113.0253	0.6563093	3.74637	2.347799	1.556184
13002	-228.9912	-340.9402	111.949	0.2293179	3.018069	3.295919	2.465848
13008	-235.9923	-349.3742	113.3819	0.2196079	4.257066	2.809573	1.315147
13014	-235.0302	-347.9139	112.8837	0.486664	4.644604	3.397609	1.205583
13020	-233.834	-346.5398	112.7058	0.4091458	3.267285	2.977634	1.874771
13026	-234.0219	-346.93	112.9081	0.2008892	3.551853	2.744038	1.874771
13032	-233.5095	-346.3613	112.8518	0.3994623	3.551853	3.302	1.60921
13038	-220.9735	-334.1045	113.131	0.3169402	3.279881	3.302	1.54141
13044	-222.5624	-335.6421	113.0797	0.5283113	3.249105	2.572629	1.663915
13050	-227.3926	-339.7171	112.3245	0.4750289	4.445103	2.485905	1.962879
13056	-225.0356	-337.8124	112.7768	0.3827696	2.916944	2.485905	2.093063
13062	-221.3337	-333.7505	112.4167	0.7920129	3.009887	4.43879	1.507586
13068	-227.078	-339.3766	112.2986	0.5503999	3.060217	3.868271	1.880663
13074	-237.7639	-351.8615	114.0976	0.4421716	3.060217	1.141657	1.711627
13080	-226.241	-339.0402	112.7992	0.7372514	5.767823	1.914385	1.397598
13086	-225.1829	-337.6688	112.4859	0.3456984	5.715625	3.880298	1.264878
13092	-241.84	-354.0489	112.2089	0.4157322	5.715625	3.880298	1.429499
13098	-239.2586	-352.1504	112.8918	1.245314	5.715625	2.108008	0.7052764
13104	-245.1686	-358.4244	113.2558	1.245314	4.198264	2.33736	0.5731373
13110	-243.7419	-357.0381	113.2961	0.7529084	3.724183	2.894323	1.050003
13116	-241.6446	-353.6701	112.0255	0.9353358	2.795384	6.394343	1.372577
13122	-254.7123	-367.1769	112.4646	0.7816047	1.718259	6.994538	1.498744
13128	-248.033	-362.0427	114.0097	0.8094072	1.885702	2.659554	1.213629
13134	-230.0536	-343.0975	113.0439	0.6025326	3.076867	1.913363	1.931987
13140	-229.6905	-342.3131	112.6225	0.2242629	3.162845	3.609032	1.916001
13146	-226.3075	-337.8032	111.4957	0.2408663	3.551001	6.438151	2.018606
13152	-221.7096	-334.3574	112.6479	0.5975865	3.278203	2.664355	1.87824
13158	-229.5032	-342.6511	113.1479	0.6723311	2.175959	4.258603	1.389847
13164	-231.5952	-344.5677	112.9725	0.7593783	2.975556	3.407126	1.389847
13170	-233.4379	-345.8611	112.4232	0.9414619	3.290162	4.075378	1.389847
13176	-231.9331	-344.0399	112.1069	0.9414619	3.290162	5.941392	1.218772
13182	-234.1103	-347.1423	113.032	0.1724646	4.332064	2.311809	1.77077
13188	-228.0602	-340.451	112.3908	0.284917	2.246992	4.241317	2.167917
13194	-232.8014	-345.2284	112.4269	0.5365471	2.585893	2.993369	2.167917
13200	-240.2993	-353.0569	112.7575	0.5421313	2.765576	1.99892	2.215993
13206	-229.1534	-342.1799	113.0265	0.4915538	5.220247	1.99892	1.481975
13212	-230.5899	-342.8703	112.2804	0.5415526	4.042278	4.549352	1.481975
13218	-232.9192	-345.8964	112.9771	0.3878162	4.156784	2.816608	1.520613
13224	-228.8787	-341.5627	112.684	0.6862573	3.641769	3.794835	1.356106
13230	-233.5507	-346.848	113.2973	0.3525881	1.910109	3.0695	1.933016
13236	-236.8604	-349.2785	112.418	0.1068481	2.955404	5.318506	1.83263
13242	-232.7783	-344.8633	112.085	0.5756719	2.956147	4.827836	1.83263
13248	-220.9936	-333.7146	112.721	0.7873163	3.923989	3.403798	1.280417
13254	-229.0751	-342.2157	113.1406	0.7143875	4.008886	2.686162	1.219444
13260	-227.4045	-339.6204	112.2158	0.820385	3.514782	4.600086	1.449093
13266	-225.756	-339.1248	113.3688	0.4018255	3.930021	1.316383	1.913056
13272	-232.8263	-344.4245	111.5982	0.6420398	4.377516	4.808433	1.768781
13278	-237.7697	-350.8206	113.0509	0.9652248	4.486198	2.593735	0.9692608
13284	-223.6266	-335.7071	112.0805	1.089379	5.474801	4.919549	0.5076381
13290	-229.3354	-342.6784	113.343	0.1681883	4.39994	2.010927	1.656517
13296	-229.8068	-343.2725	113.4658	0.1948261	4.39994	1.51359	1.779451
13302	-238.1445	-350.2974	112.1529	0.6152076	5.050256	4.320073	1.341235
13308	-239.0731	-351.9545	112.8814	0.1854355	5.259827	2.81428	1.500482
13314	-229.2669	-342.5037	113.2367	0.2592174	3.515106	1.663262	2.024334
13320	-233.3745	-346.4087	113.0343	0.4223788	3.09656	2.969747	1.687622
13326	-222.1359	-335.4706	113.3347	0.2819461	4.154538	2.369473	1.492854
13332	-228.8168	-341.4927	112.6759	0.362696	4.879829	3.335411	1.436914
13338	-238.8241	-350.9971	112.173	0.1149903	4.121789	2.940871	2.228657
13344	-229.1243	-342.4229	113.2986	0.4018403	4.064812	2.940871	1.237874
13350	-227.7929	-341.4009	113.608	1.143545	4.064812	1.843264	0.7336977
13356	-235.403	-349.4661	114.0631	0.8632318	2.866069	1.843264	1.057394
13362	-232.8462	-345.7775	112.9313	1.310549	3.488189	3.256659	0.7590729
13368	-233.4316	-345.8823	112.4507	1.429053	3.321566	4.794802	0.5614895
13374	-227.6968	-340.2712	112.5745	1.574509	3.417835	3.828576	0.4415958
13380	-238.2387	-351.5948	113.3561	0.5606941	2.463678	3.582794	1.377943
13386	-234.7248	-348.5624	113.8376	0.6362734	3.771929	1.491564	1.344957
13392	-235.9316	-349.8317	113.9001	0.4895961	3.795204	1.597409	1.344957
13398	-232.0283	-345.3407	113.3124	0.5482654	4.632921	1.597409	1.542538
13404	-231.648	-344.6216	112.9736	0.5215331	3.999352	3.248878	1.319534
13410	-229.1405	-341.4991	112.3586	1.585835	5.178681	2.768626	0.338698
13416	-226.8702	-341.1944	114.3242	1.726309	5.178681	0.3405175	0.6573183
13422	-228.0644	-342.2475	114.1831	1.526779	6.445922	0.3526469	0.6573183
13428	-233.007	-346.9467	113.9397	0.9520497	6.445922	0.6074851	1.10783
13434	-226.2563	-340.1605	113.9042	1.299081	4.576831	1.047421	0.7305224
13440	-219.4068	-333.1162	113.7094	1.112684	5.581953	1.047421	0.8677336
13446	-222.0398	-335.8339	113.7941	0.8086811	6.226076	1.047421	0.9368474
13452	-229.6604	-342.804	113.1437	1.068639	5.165093	2.211864	0.7245113
13458	-235.6187	-349.6536	114.035	0.8537804	5.722995	0.8124743	1.023492
13464	-242.8251	-356.5403	113.7152	0.4955979	3.016943	1.159145	1.939955
13470	-242.2813	-355.3353	113.054	0.4955008	3.016943	1.897579	2.020129
13476	-239.8658	-353.4568	113.5909	0.6784482	3.177347	2.394752	1.247645
13482	-233.5979	-346.2994	112.7015	0.3486071	2.960889	2.394752	2.181932
13488	-239.7162	-352.7587	113.0425	0.2206257	2.264129	2.338952	2.27715
13494	-224.6068	-337.7333	113.1265	0.5543235	6.570395	1.051254	1.635062
13500	-242.2378	-355.4995	113.2617	0.3974123	2.00138	2.842654	1.955784
13506	-236.6945	-349.5183	112.8238	0.4637615	3.548794	2.552207	1.814884
13512	-238.8137	-350.9616	112.1479	0.717563	2.343354	6.646345	1.567071
13518	-232.1466	-344.04	111.8934	0.7785421	3.3253	4.92501	1.699776
13524	-225.6948	-339.339	113.6442	0.8005386	3.24744	2.331212	1.098605
13530	-230.7737	-344.0948	113.3211	1.06457	3.070894	2.331212	1.214118
13536	-229.7328	-342.8455	113.1127	1.06457	3.604159	3.18856	0.8253551
13542	-235.9663	-348.0912	112.1248	1.006129	3.604159	6.097502	1.000157
13548	-237.589	-350.1218	112.5328	1.17895	3.324516	3.95842	1.12227
13554	-243.6861	-356.6437	112.9577	0.44492	4.369735	1.842063	1.811234
13560	-235.6203	-347.502	111.8817	0.8241168	7.320206	3.131883	1.300897
13566	-231.691	-344.5017	112.8107	0.3631868	4.932139	2.361253	1.647433
13572	-234.4694	-346.7114	112.242	0.2552757	7.284798	2.587082	1.647433
13578	-236.0776	-349.5992	113.5217	0.3127481	4.935143	1.758164	1.414097
13584	-233.5327	-346.5152	112.9825	0.1409466	2.482066	2.9265	2.115232
13590	-230.589	-343.6372	113.0482	0.616608	2.482066	2.9265	1.749696
13596	-233.5148	-346.3008	112.7861	0.5762692	4.288072	3.450534	1.287039
13602	-246.0902	-359.8084	113.7182	0.9756513	4.417842	1.340006	1.07373
13608	-234.2713	-346.546	112.2747	1.459709	4.335439	4.113735	0.5631957
13614	-235.2857	-347.7051	112.4194	1.504265	4.905364	2.742294	0.8577565
13620	-230.3174	-342.4436	112.1262	1.158137	3.104064	6.842546	0.8616649
13626	-232.0152	-344.8118	112.7966	0.9012454	6.148195	2.531322	0.8616649
13632	-227.0503	-339.7183	112.668	0.850556	4.194144	4.039635	0.985992
13638	-227.7185	-340.1049	112.3864	0.7902407	4.194144	3.885442	1.334393
13644	-234.208	-346.5325	112.3245	0.7018346	4.019643	3.885442	1.49523
13650	-230.7187	-343.4676	112.7488	0.4622456	7.888874	2.419586	1.043213
13656	-226.15	-338.4795	112.3295	0.9422124	4.660689	5.018985	0.7528481
13662	-227.8865	-339.5458	111.6593	0.8270266	6.1755	5.591402	1.022124
13668	-218.1361	-330.9043	112.7681	0.8591848	7.313843	2.224418	0.8267419
13674	-223.4261	-336.2656	112.8395	0.8879198	7.313843	1.997451	0.8605542
13680	-229.5065	-341.396	111.8896	0.8879198	5.94204	5.269913	0.8605542
13686	-232.339	-345.0143	112.6752	0.9161786	9.098918	1.961674	0.5350362
13692	-242.1377	-353.6007	111.4631	1.615927	3.673306	7.632191	0.4723283
13698	-241.8287	-354.3921	112.5633	1.601802	3.673306	3.533086	0.4633913
13704	-228.2273	-339.746	111.5187	1.854768	3.183118	7.099472	0.4633913
13710	-223.4302	-336.2302	112.8	1.501395	2.829225	4.116669	0.4945466
13716	-223.4134	-337.0845	113.6711	1.51615	2.829225	2.018849	0.5925871
13722	-236.046	-348.8871	112.8412	1.468723	2.148883	5.176812	0.5811038
13728	-234.5531	-347.8693	113.3162	1.462224	3.163872	2.526132	0.5811038
13734	-228.8855	-342.1248	113.2394	1.550548	3.163872	2.526132	0.4860614
13740	-242.3232	-355.1386	112.8154	0.7382842	6.426113	1.539538	1.454036
13746	-232.07	-345.0359	112.9659	0.3675656	6.426113	1.870053	1.454036
13752	-227.9712	-340.7997	112.8285	1.361143	4.70909	2.425716	0.7843219
13758	-233.9492	-346.3784	112.4292	1.31021	4.70909	3.722477	0.613872
13764	-231.7842	-343.4112	111.6271	1.612151	4.5044	5.681858	0.4972227
13770	-237.848	-351.0863	113.2383	1.997165	3.810043	1.361757	0.3973294
13776	-236.2488	-349.5458	113.2971	1.928046	8.569698	0.3989575	0.5521904
13782	-231.3096	-344.3675	113.0579	1.461626	8.569698	0.8215144	0.7417808
13788	-232.1522	-346.2171	114.0649	1.046003	2.816481	0.8980727	1.549267
13794	-237.7112	-350.2126	112.5014	0.903078	3.384454	0.8980727	2.52995
13800	-238.4471	-351.1791	112.732	0.704713	4.408515	3.609317	1.141184
13806	-231.5757	-344.3915	112.8159	0.7273204	4.408515	3.609317	1.042918
13812	-234.2607	-348.0104	113.7497	0.8479972	5.628829	1.043389	1.089828
13818	-235.8483	-350.3299	114.4816	0.8323061	2.803448	1.054593	1.27247
13824	-233.6505	-346.1428	112.4923	0.9250978	3.274658	4.705837	1.19079
13830	-239.0771	-351.7782	112.7011	0.7537723	3.798688	3.802684	1.239446
13836	-244.4119	-357.7472	113.3353	0.8678754	2.043855	4.06516	1.188999
13842	-249.2339	-360.7916	111.5577	1.332844	4.271058	7.143227	0.7380239
13848	-238.6273	-350.8989	112.2716	0.717535	4.271058	4.603196	1.279495
13854	-225.6947	-338.3828	112.6882	0.5526688	2.775076	4.055851	1.64924
13860	-231.0811	-343.884	112.8029	0.6620939	3.614648	4.055851	1.213501
13866	-238.0908	-350.927	112.8361	0.785447	3.614648	2.527179	1.569032
13872	-237.0014	-350.4899	113.4886	0.9610115	3.579071	2.527179	0.8621752
13878	-233.3829	-347.1209	113.738	0.907044	5.129578	0.8629258	1.322622
13884	-239.2044	-352.3762	113.1718	1.118184	5.011188	1.794615	0.9810812
13890	-235.8978	-348.5068	112.609	0.9625619	4.158481	3.093082	1.265832
13896	-231.0946	-344.4103	113.3157	0.9020903	2.7251	3.376671	1.08383
13902	-228.0914	-341.6119	113.5205	1.003456	3.405274	2.132123	1.067182
13908	-222.1643	-335.246	113.0817	0.9109052	4.396258	2.132123	1.234956
13914	-246.9491	-360.1002	113.1511	0.5656045	2.55144	2.675707	1.768428
13920	-244.5991	-357.5726	112.9734	0.06818207	3.302415	2.132123	2.187124
13926	-237.3552	-349.5285	112.1733	0.1652216	3.772759	3.261182	2.187124
13932	-224.3293	-336.6676	112.3384	0.2744255	2.587161	2.978689	2.396142
13938	-225.5313	-337.2696	111.7382	0.3147602	3.160305	3.770876	2.396142
13944	-231.8556	-344.1096	112.254	0.535082	2.25695	5.181518	1.905165
13950	-228.7719	-341.8457	113.0737	0.5461249	3.596856	2.913067	1.442227
13956	-221.3523	-334.0011	112.6488	0.6422852	4.339236	3.026547	1.46364
13962	-219.0353	-332.2298	113.1944	0.6143576	4.339236	1.947205	1.479637
13968	-225.1097	-337.4815	112.3718	0.4060393	4.339236	4.389694	1.479637
13974	-222.4939	-335.5402	113.0463	0.617623	2.960515	2.945556	1.587157
13980	-226.7527	-339.7089	112.9562	0.4864868	4.075624	2.542899	1.576984
13986	-223.7135	-336.0321	112.3186	0.6622602	4.075624	4.518963	1.357904
13992	-224.8862	-338.044	113.1578	0.5808738	4.465483	2.28228	1.357904
13998	-233.6498	-346.9038	113.2539	0.8882837	4.503422	1.82521	1.234245
14004	-235.2651	-349.1225	113.8574	0.833112	3.046604	1.820539	1.211718
14010	-234.805	-348.5139	113.7089	1.092992	3.062924	2.387804	0.7566547
14016	-226.1177	-339.5945	113.4768	1.123316	3.45771	1.844903	1.134403
14022	-233.3898	-347.2562	113.8664	1.183465	2.894093	1.576615	1.095926
14028	-228.9299	-342.2105	113.2806	0.4847331	4.315101	2.018033	1.486589
14034	-235.6804	-349.0901	113.4097	0.2893523	3.767082	2.018033	1.669279
14040	-245.8548	-358.9193	113.0645	0.2423232	9.215652	1.675467	1.133245
14046	-243.7192	-357.2265	113.5073	0.2734945	6.95392	1.675467	1.091567
14052	-237.6246	-350.7108	113.0862	0.08035877	4.671394	1.97938	1.852899
14058	-239.6023	-352.8853	113.2829	0.126928	4.243574	1.97938	1.776013
14064	-240.9794	-354.8051	113.8256	1.463796	3.430344	1.504579	0.5172017
14070	-231.6102	-344.9661	113.3559	1.186777	3.564708	2.628668	0.6613324
14076	-223.097	-336.6473	113.5503	1.074587	3.368574	2.628668	0.6441461
14082	-231.5841	-343.5045	111.9205	0.6590839	3.555966	5.203808	1.64791
14088	-245.3453	-357.5689	112.2236	1.027806	2.120798	5.563878	1.561034
14094	-239.0611	-350.8263	111.7652	1.268037	3.344605	8.366687	0.634814
14100	-236.4759	-348.2582	111.7823	0.5646892	4.69145	5.563878	1.473367
14106	-232.3166	-344.559	112.2424	0.3053293	4.169934	5.563878	1.443662
14112	-220.9283	-333.0339	112.1056	0.4136417	4.451642	5.331484	1.443662
14118	-223.0618	-336.1333	113.0715	0.2985868	3.460136	1.789436	2.066309
14124	-233.5507	-346.2491	112.6984	0.6806963	2.839181	4.569319	1.403826
14130	-239.7659	-353.1464	113.3805	0.5454862	7.686908	1.436301	0.9707312
14136	-227.0239	-340.4994	113.4755	0.7188348	6.800445	1.296416	0.9964114
14142	-243.5605	-354.3819	110.8214	1.858031	4.754307	7.540215	0.3362712
14148	-242.3452	-353.1611	110.8159	1.84046	4.723183	7.540215	0.3072567
14154	-239.6694	-353.1742	113.5048	1.41177	2.305256	3.126498	0.5182484
14160	-242.08	-354.947	112.867	1.41177	2.305256	5.026811	0.4922632
14166	-236.8216	-350.865	114.0434	1.396745	1.910033	2.447288	0.562799
14172	-246.7802	-358.9795	112.1993	1.722291	3.471117	4.298026	0.3480585
14178	-237.5	-349.1618	111.6618	1.722291	4.845003	4.298026	0.2769005
14184	-232.1116	-345.1365	113.0249	1.672237	4.025655	1.978231	0.3361707
14190	-227.8497	-341.7514	113.9018	1.181599	2.939123	1.978231	0.7504421
14196	-230.8524	-344.7771	113.9246	1.058804	4.633028	1.258655	0.7504421
14202	-235.4364	-349.6607	114.2243	1.226662	2.608057	1.742583	0.6167521
14208	-237.6623	-351.8918	114.2295	1.410865	1.649784	2.350566	0.6167521
14214	-239.1406	-354.0147	114.8741	1.439447	1.649784	1.251916	0.7033755
14220	-248.1987	-361.8784	113.6796	1.149091	2.038104	3.419639	0.7855941
14226	-246.3472	-360.6204	114.2732	1.321634	3.898048	0.845701	0.7855941
14232	-248.8426	-360.2981	111.4555	1.777453	3.526685	6.323189	0.2563741
14238	-247.4376	-357.6335	110.1959	1.844997	6.34502	6.323189	0.1391539
14244	-236.3954	-348.4837	112.0883	1.163817	3.207861	7.214776	0.7433551
14250	-232.2005	-345.0861	112.8855	0.8480639	6.813363	2.337289	0.7433551
14256	-229.0656	-342.0367	112.9712	1.137321	4.112475	3.25252	0.5954775
14262	-237.8347	-351.1221	113.2874	1.303911	3.442165	2.421559	0.8150115
14268	-235.0432	-347.0335	111.9903	0.9967032	3.442165	6.080206	1.19233
14274	-236.8731	-348.8422	111.9691	1.129914	5.113846	5.065317	0.7955526
14280	-235.7225	-348.5054	112.7829	0.9815433	4.923397	3.16787	0.8217722
14286	-242.7126	-356.297	113.5844	1.074177	4.382026	1.325151	1.127257
14292	-226.176	-339.9073	113.7312	0.9302955	4.134769	1.279036	1.226322
14298	-222.7825	-335.3241	112.5416	0.7704596	5.637931	2.96639	1.171308
14304	-228.0521	-340.107	112.0549	0.7875511	5.637931	2.96639	1.54438
14310	-241.232	-354.4421	113.2101	0.7123432	6.97628	1.459506	1.098036
14316	-245.8661	-359.0929	113.2268	1.048444	3.805167	2.258597	1.098036
14322	-240.012	-352.7164	112.7044	1.027495	4.125351	4.101214	0.7301224
14328	-228.4385	-342.8701	114.4316	1.025077	2.052929	1.845272	0.9326134
14334	-229.0859	-343.0288	113.9429	1.047905	2.563541	2.204938	0.9199276
14340	-237.5953	-351.6968	114.1014	1.054389	2.341518	2.204938	0.8580204
14346	-224.5113	-338.5334	114.0221	1.107935	2.965792	1.812851	0.8104738
14352	-233.6391	-346.9934	113.3543	0.7293615	4.168024	2.31097	1.13553
14358	-247.1423	-358.5915	111.4492	0.7769263	5.700502	4.813612	1.51132
14364	-234.0317	-345.9953	111.9636	0.5974254	4.86438	5.875174	1.199157
14370	-228.9662	-341.2433	112.2771	0.5242727	3.549294	2.660858	2.106571
14376	-231.2459	-344.4102	113.1643	0.2131854	4.977049	2.247626	1.533137
14382	-235.5016	-348.4495	112.9479	0.1424743	5.242652	2.676839	1.533137
14388	-223.4146	-336.4601	113.0455	0.3643029	4.5673	2.203331	1.614561
14394	-234.9283	-347.4402	112.5119	0.08492639	4.045018	3.27254	1.952214
14400	-231.0209	-343.4957	112.4748	0.02729681	2.556677	3.27254	2.398949
14406	-228.7128	-342.7372	114.0244	0.5609103	1.638247	1.614658	1.940378
14412	-239.3177	-351.3822	112.0645	0.3976914	4.393084	2.563668	2.171049
14418	-234.0996	-347.322	113.2224	0.3014839	3.347015	2.563668	1.699412
14424	-234.1088	-347.1736	113.0648	0.2164334	5.290169	2.355432	1.498582
14430	-233.1558	-345.9861	112.8303	0.2798065	7.187271	2.355432	1.283939
14436	-241.1698	-354.042	112.8722	0.4597846	7.187271	2.355432	1.092069
14442	-241.788	-353.8764	112.0883	0.674446	5.18917	5.10149	1.118853
14448	-222.3783	-334.8357	112.4575	0.7260209	3.630168	4.02222	1.444
14454	-228.0241	-340.5107	112.4867	1.053013	3.630168	4.133219	1.120859
14460	-235.0369	-347.8875	112.8506	0.9162687	3.630334	3.950066	0.9607081
14466	-233.3881	-345.4218	112.0336	0.1492145	5.855212	3.428578	1.84161
14472	-242.1704	-355.2585	113.0881	1.518583	2.776064	3.325959	0.5293637
14478	-238.4525	-351.5128	113.0603	1.518583	2.776064	3.325959	0.3881824
14484	-238.0416	-350.8897	112.848	1.585048	2.776064	3.325959	0.25929
14490	-237.5545	-350.3826	112.8281	1.096563	3.064824	4.850282	0.674825
14496	-224.0971	-336.9624	112.8654	1.064383	3.221057	4.342477	0.8046163
14502	-228.8899	-342.8133	113.9234	1.24992	3.221057	1.710974	0.6842319
14508	-224.0895	-336.4288	112.3393	1.036933	3.157223	5.418306	1.093214
14514	-223.0496	-335.5819	112.5323	1.453126	3.88964	3.763778	0.6139309
14520	-231.9988	-344.6941	112.6953	1.508958	3.860387	3.265593	0.512871
14526	-231.9286	-344.9342	113.0056	1.342581	3.254929	3.265593	0.7290851
14532	-226.4407	-338.3423	111.9016	1.210042	8.248311	3.265593	0.4502138
14538	-234.7402	-347.5733	112.8331	0.9817791	8.248311	1.828954	0.5787399
14544	-229.4307	-342.2587	112.828	0.7221008	6.853343	2.326908	0.9627439
14550	-231.7669	-345.3912	113.6243	0.9988493	3.630925	2.326908	0.7397054
14556	-232.9621	-345.9787	113.0166	0.4802686	2.570647	2.255081	2.053087
14562	-230.6995	-344	113.3005	0.8419401	2.798779	2.879674	1.296694
14568	-225.8081	-339.3799	113.5718	0.827959	3.175414	2.419919	1.124525
14574	-225.0938	-338.5797	113.4859	1.18892	3.51634	2.419919	0.6343848
14580	-232.981	-345.6636	112.6826	1.257074	3.51634	3.581483	0.9603169
14586	-231.3506	-344.8577	113.5071	1.524347	3.51634	1.83744	0.4802368
14592	-236.5855	-349.5535	112.9679	1.347203	3.51634	3.167032	0.680633
14598	-237.3574	-351.0521	113.6947	1.64928	4.381118	1.002655	0.3643049
14604	-240.8609	-354.329	113.4681	0.6910739	3.632991	2.460565	1.164011
14610	-239.1332	-352.9052	113.772	0.9735399	3.372141	2.04655	0.9041764
14616	-235.743	-349.0034	113.2604	1.026673	4.740128	2.04655	0.9041764
14622	-251.7105	-364.6931	112.9826	0.6682901	4.740128	2.172698	1.408325
14628	-239.1708	-352.2653	113.0945	0.5703752	3.58952	1.800564	1.830694
14634	-241.9738	-354.7772	112.8034	0.3175096	2.856129	2.08591	2.272611
14640	-244.5805	-357.298	112.7175	0.148965	3.805518	2.566842	2.032157
14646	-242.203	-355.2108	113.0078	0.6537916	3.420459	2.566842	1.578778
14652	-232.6387	-345.8465	113.2077	0.672658	3.445998	3.212224	1.17521
14658	-232.4227	-343.4648	111.0421	0.3789643	2.385348	8.619159	2.26746
14664	-228.5296	-341.3057	112.7762	0.5245651	2.180356	2.589766	2.201706
14670	-239.6392	-351.9357	112.2965	0.7635783	3.206914	2.126771	2.201706
14676	-234.8214	-348.0175	113.1961	1.073336	5.156785	0.9854554	1.506867
14682	-234.5936	-348.6197	114.0261	0.8516197	2.824217	1.19341	1.506867
14688	-237.4198	-351.8231	114.4033	0.7963212	2.824217	1.19341	1.254145
14694	-246.5622	-359.9809	113.4187	0.9747708	4.258092	2.091976	0.9209781
14700	-239.1422	-351.6824	112.5403	1.226268	3.502828	4.371019	0.860963
14706	-234.2122	-347.7866	113.5744	1.477811	3.755807	1.477427	0.8108866
14712	-236.0331	-349.0743	113.0412	1.350357	2.683668	3.803407	0.7314536
14718	-234.3935	-346.6359	112.2424	1.350357	2.944594	6.101059	0.7671378
14724	-244.2002	-357.5551	113.3549	0.9224764	2.9998	2.722818	1.168496
14730	-244.2103	-357.0644	112.8541	0.8913181	1.514386	7.236353	1.171243
14736	-232.0223	-344.0227	112.0005	0.9710972	3.565444	7.236353	0.9179613
14742	-227.0342	-339.1378	112.1036	0.8271293	5.437496	4.775953	0.9833203
14748	-233.5214	-346.7435	113.2221	1.009319	4.870556	2.343459	0.7140111
14754	-228.599	-342.2308	113.6319	1.217697	4.549439	1.346152	0.8653738
14760	-233.5337	-347.6063	114.0726	1.167196	4.328264	0.9534809	0.9042289
14766	-237.9322	-351.4908	113.5586	0.9135384	3.336717	2.163863	1.123138
14772	-246.5911	-359.6019	113.0108	1.110228	5.549722	2.135105	0.7720553
14778	-235.3768	-348.5547	113.1779	0.8837619	5.549722	2.135105	0.8495709
14784	-238.4463	-351.511	113.0646	0.9329874	3.595602	3.692159	0.813742
14790	-244.4989	-356.7847	112.2859	0.7917836	6.930421	3.692159	0.813742
14796	-234.5668	-347.3154	112.7486	0.9599319	5.597024	2.79098	0.8655712
14802	-226.2718	-339.2214	112.9496	0.9692484	4.275176	3.35728	0.775266
14808	-231.8167	-344.7228	112.9062	0.9692484	5.235115	2.876836	0.7150812
14814	-231.3665	-344.3844	113.0178	1.275947	5.235115	2.140887	0.5967049
14820	-231.9471	-343.7461	111.799	0.7325334	8.71987	4.316144	0.7986223
14826	-232.2519	-344.6195	112.3676	0.8624223	4.805307	3.600147	1.220118
14832	-232.4454	-345.7947	113.3493	0.3699533	4.593343	2.868794	1.10303
14838	-235.7614	-349.4045	113.643	0.760872	8.44906	0.8173714	0.9211846
14844	-241.2233	-355.4856	114.2623	0.9370542	6.266264	0.5553916	0.9211846
14850	-235.1489	-348.6704	113.5215	1.046053	10.34224	0.5553916	0.7592592
14856	-232.6369	-344.8215	112.1845	0.8745421	8.409472	3.209508	0.6764867
14862	-223.2391	-335.183	111.9438	1.234964	5.985846	4.294712	0.6764867
14868	-226.0929	-339.1334	113.0406	1.089423	3.749776	3.342878	0.7323158
14874	-233.8934	-347.1549	113.2615	0.9447645	3.720541	3.177182	0.7323158
14880	-233.1389	-346.6439	113.505	0.3451589	2.783443	2.187265	1.771419
14886	-225.4254	-338.3319	112.9064	0.2873858	4.599569	2.187265	1.767248
14892	-234.6666	-347.2939	112.6273	0.4674679	3.583273	3.109661	1.767248
14898	-224.4917	-337.0633	112.5716	0.514966	3.644637	3.109661	1.757288
14904	-235.936	-348.3307	112.3946	0.3236774	3.353372	2.83951	2.156197
14910	-231.3415	-345.2574	113.916	0.5852225	2.655196	1.805112	1.507082
14916	-226.4011	-340.2404	113.8393	0.7479193	2.655196	2.231036	1.243634
14922	-229.9177	-343.3848	113.467	1.17454	4.812687	1.045195	1.243634
14928	-241.6012	-355.8372	114.2361	1.510682	4.787263	0.2862737	1.245198
14934	-232.547	-346.2471	113.7	1.335729	4.909887	0.9015387	0.9938898
14940	-231.6674	-345.8888	114.2214	1.401433	4.787263	0.5410686	0.9017265
14946	-241.153	-355.9093	114.7563	1.496948	3.437797	0.5410686	0.6334466
14952	-234.4525	-348.66	114.2075	1.32942	4.368416	0.8089234	0.7031059
14958	-233.4314	-345.8064	112.375	1.141679	4.529371	4.067759	0.8631333
14964	-225.9251	-338.6008	112.6757	0.5729243	4.925883	4.067759	1.024686
14970	-225.7312	-339.187	113.4558	0.6441268	4.223594	2.054236	1.227763
14976	-231.8638	-345.1938	113.33	0.4874797	4.186426	2.573254	1.246521
14982	-240.7416	-354.3227	113.5811	0.4888733	5.442272	0.8725416	1.683507
14988	-250.3341	-364.2394	113.9053	0.69578	5.442272	0.7379813	1.407588
14994	-235.5639	-349.5513	113.9873	0.4580905	4.193274	0.9241958	1.634325
15000	-229.5135	-342.7057	113.1922	0.4748719	4.541003	1.983235	1.523024
15006	-237.4804	-350.2749	112.7945	0.5478187	2.70361	3.561342	1.723587
15012	-232.5048	-344.7607	112.2559	0.5323179	3.506609	4.497691	1.657207
15018	-227.1704	-339.3635	112.1931	0.1884411	5.32074	3.99084	1.657207
15024	-228.6961	-340.0256	111.3295	0.3998559	5.32074	2.470945	2.496408
15030	-248.399	-361.8125	113.4135	0.02152012	2.466162	2.409968	2.074516
15036	-241.8188	-354.4974	112.6786	0.01442535	3.796022	3.551881	1.872322
15042	-227.8198	-340.6651	112.8453	0.3882844	9.359044	1.231988	1.448114
15048	-226.8903	-339.6905	112.8002	0.3261459	7.178435	1.954236	1.448114
15054	-227.2684	-340.3681	113.0997	0.7561214	5.600257	1.954236	1.14921
15060	-245.4049	-358.1141	112.7093	0.6912668	5.958974	1.607692	1.613423
15066	-230.0177	-343.0887	113.071	0.8402952	4.891439	1.607692	1.442306
15072	-230.1213	-343.1749	113.0536	0.8887286	4.891439	1.599511	1.422863
15078	-242.3627	-355.1956	112.8329	0.8149741	3.218648	4.70679	0.9985348
15084	-236.3207	-350.109	113.7883	0.4449531	4.109238	1.792672	1.279612
15090	-237.4494	-350.8866	113.4372	0.7380769	6.402212	1.162618	1.200979
15096	-231.3921	-344.8249	113.4327	0.9946935	7.35658	1.00719	0.9020113
15102	-228.7714	-341.708	112.9366	1.188368	6.376315	1.951402	0.5777088
15108	-233.542	-346.2012	112.6593	1.181808	6.376315	2.377417	0.6929357
15114	-244.7659	-358.424	113.6581	1.181808	5.095005	1.335712	0.6601269
15120	-238.1784	-351.6782	113.4998	1.250399	5.095005	1.335712	0.8028269
15126	-238.6064	-351.9012	113.2947	1.228249	5.095005	1.772907	0.6668204
15132	-245.4251	-357.7051	112.28	1.087928	4.496852	4.578135	0.8598766
15138	-236.6245	-349.2166	112.592	1.017634	6.291381	2.862906	0.7278223
15144	-222.5438	-335.5043	112.9605	0.4405988	3.181263	3.466736	1.558254
15150	-222.8672	-335.2798	112.4126	0.5408873	4.452571	3.466736	1.558254
15156	-231.0261	-343.7092	112.6831	0.6367898	4.452571	1.844187	1.849507
15162	-233.6886	-346.6614	112.9728	0.4207619	2.707772	2.971504	1.849507
15168	-228.691	-340.7299	112.0389	0.3622481	2.861135	6.487785	1.74806
15174	-232.5739	-345.7146	113.1408	0.3310955	4.081641	2.516224	1.563663
15180	-224.7286	-337.2605	112.5319	0.6180415	4.081641	4.410588	1.246066
15186	-219.0049	-331.7455	112.7406	0.5943476	4.081641	3.290915	1.411107
15192	-227.3876	-339.3269	111.9393	1.039465	4.551825	5.055264	1.100308
15198	-229.497	-341.6216	112.1246	1.321398	4.234211	5.055264	0.6628785
15204	-232.6935	-345.5315	112.838	1.346561	2.777507	4.334079	0.7112458
15210	-239.6607	-353.1547	113.494	0.8650117	3.771636	2.254574	1.0322
15216	-235.4767	-349.3639	113.8871	0.7117167	4.244247	1.091797	1.382182
15222	-235.591	-348.9912	113.4003	0.4866636	3.283451	2.444818	1.495656
15228	-243.5479	-354.8533	111.3054	0.7738914	3.283451	6.318169	1.875431
15234	-240.3542	-352.5924	112.2382	0.3924106	2.432832	4.117325	2.1608
15240	-233.2577	-345.5001	112.2425	0.4519164	3.562457	3.453051	1.953439
15246	-229.2052	-340.8996	111.6943	0.4418985	2.99802	3.453051	2.459491
15252	-227.2488	-339.3795	112.1307	0.4834579	3.891886	3.039682	2.038646
15258	-224.9188	-337.6841	112.7652	0.5735654	3.949881	3.325066	1.431907
15264	-222.6834	-335.0997	112.4162	0.6420572	4.581733	3.325066	1.491511
15270	-225.056	-337.5714	112.5154	0.8067711	5.28235	2.298999	1.491511
15276	-230.4712	-344.2619	113.7908	1.120133	6.304804	0.6239794	1.098386
15282	-225.9219	-339.2912	113.3693	0.984632	6.304804	0.938519	1.251773
15288	-229.5814	-343.9999	114.4185	0.3466602	3.553492	1.488977	1.170167
15294	-231.0904	-344.7571	113.6667	0.7925689	4.067179	1.551379	1.238923
15300	-237.0332	-350.1407	113.1075	0.5964511	8.719049	1.036451	1.304753
15306	-231.3429	-345.5233	114.1804	0.7727812	3.967683	1.199722	1.077233
15312	-236.7826	-349.7954	113.0129	0.5509044	4.564267	1.795765	1.676782
15318	-235.4545	-348.4986	113.0441	0.5196538	4.564267	1.795765	1.676782
15324	-227.2705	-340.4894	113.2189	0.6132817	4.131682	2.627213	1.227546
15330	-230.7127	-342.8324	112.1197	0.3995134	5.105057	4.222466	1.544019
15336	-232.9064	-344.7485	111.8422	0.2134452	4.808679	4.671052	1.83464
15342	-227.5889	-338.7745	111.1855	0.5021335	4.614574	6.425762	1.814385
15348	-225.008	-337.1938	112.1858	0.361342	4.85711	3.275029	1.814385
15354	-239.0961	-351.0781	111.982	0.4623068	2.740974	3.028129	2.443808
15360	-236.6913	-347.7017	111.0103	0.3217906	3.110288	6.212805	2.424675
15366	-233.0911	-345.6444	112.5533	0.8027097	2.717239	3.927393	1.616465
15372	-240.2981	-353.5703	113.2722	1.057677	2.717239	2.713872	1.234044
15378	-240.6657	-352.4295	111.7638	0.8407411	1.855933	9.018397	1.622122
15384	-228.37	-341.2649	112.8949	0.6427726	2.808613	3.17547	1.657074
15390	-229.2837	-341.3485	112.0649	1.088928	2.624317	5.394962	1.473669
15396	-225.9483	-337.59	111.6417	0.8290753	4.843538	5.394962	1.377701
15402	-220.7617	-333.0139	112.2521	0.9989868	2.772416	6.572446	1.103251
15408	-225.0077	-336.5643	111.5565	1.127351	3.596961	6.818667	1.25761
15414	-224.7542	-337.9288	113.1747	1.201898	3.596961	2.445993	0.9789667
15420	-234.4525	-348.5148	114.0623	1.32067	1.789656	1.875368	1.140478
15426	-231.1595	-344.925	113.7656	1.32067	3.079881	2.025635	0.5489832
15432	-230.7624	-343.5193	112.7568	0.740963	3.079881	5.588271	0.9628067
15438	-230.6712	-344.2772	113.6061	0.9514151	4.120427	1.582493	1.119138
15444	-237.8294	-351.4651	113.6357	0.9362494	4.996341	1.461548	0.9309515
15450	-236.5358	-349.4851	112.9493	0.500596	3.597622	2.589905	1.675775
15456	-227.8883	-339.2275	111.3392	1.079032	4.407256	7.576082	1.114897
15462	-225.6659	-337.7339	112.068	1.091243	2.709609	7.576082	1.017163
15468	-235.07	-347.2366	112.1665	0.9407581	2.709609	7.576082	1.067091
15474	-246.7671	-357.9174	111.1503	0.777774	2.424359	8.682419	1.913625
15480	-236.1576	-348.6923	112.5347	0.2228362	3.892672	4.670388	1.540867
15486	-236.6418	-348.0768	111.435	0.4581873	3.892672	5.405189	2.001207
15492	-237.9377	-351.1506	113.2129	0.9480556	2.679475	3.953491	0.9553092
15498	-245.586	-358.546	112.96	1.265747	3.463545	3.556431	0.578122
15504	-230.8684	-343.6783	112.8098	1.299676	2.885265	4.298301	0.7703949
15510	-232.8362	-346.373	113.5367	1.303942	2.460972	2.851976	0.7782369
15516	-234.3079	-347.9357	113.6279	1.250281	2.460972	2.851976	0.7219887
15522	-234.9477	-348.9511	114.0034	1.37353	2.460972	1.755422	0.8395242
15528	-234.0867	-348.0061	113.9194	1.37353	2.855443	1.755422	0.6936388
15534	-233.7589	-347.2208	113.462	1.240999	3.597183	1.228951	1.378243
15540	-246.4419	-359.324	112.8821	0.5207963	3.90437	2.093596	1.813072
15546	-234.7223	-348.1144	113.3921	0.7322711	4.812005	2.174231	0.9788166
15552	-231.3462	-344.7415	113.3952	0.7579751	4.812005	2.174231	0.9488327
15558	-233.6032	-346.9768	113.3736	0.8851125	3.350314	2.165432	1.299777
15564	-245.0404	-359.3829	114.3425	1.422933	3.779852	0.8303179	0.5637945
15570	-238.91	-354.1007	115.1907	1.256824	2.296171	0.6474949	0.8720487
15576	-240.5327	-355.3507	114.818	1.105884	1.489662	1.835884	0.8208974
15582	-241.3041	-355.4073	114.1032	0.9717985	1.728966	3.227523	0.8114583
15588	-237.4138	-350.0765	112.6627	0.8584323	4.35067	3.227523	1.210611
15594	-233.0183	-346.1035	113.0852	0.6308138	4.35067	2.769668	1.210611
15600	-224.5297	-337.7441	113.2144	0.8803334	2.556889	3.575817	1.197106
15606	-229.8867	-343.0631	113.1765	0.8053278	2.498337	3.602939	1.306605
15612	-229.5269	-340.7872	111.2603	1.027647	4.309015	5.733171	1.572472
15618	-227.4797	-338.3948	110.9151	0.7990262	4.309015	9.516177	1.432909
15624	-234.4796	-346.9129	112.4334	0.7990262	2.505149	5.516352	1.433351
15630	-237.2918	-349.0451	111.7533	0.4754596	3.230874	6.432641	1.768753
15636	-234.1994	-346.2704	112.071	0.181349	3.737281	4.704748	1.92753
15642	-234.1295	-346.7938	112.6643	0.5361999	5.940566	2.380322	1.424101
15648	-230.5338	-343.497	112.9632	0.6342639	5.940566	2.380322	1.093604
15654	-227.6194	-340.7055	113.0861	0.618863	2.957153	2.291137	1.780432
15660	-228.9232	-342.479	113.5559	0.4136399	3.977323	1.58756	1.620191
15666	-231.1818	-343.7068	112.5251	0.3054098	5.440959	2.829436	1.633812
15672	-235.9739	-349.0047	113.0308	0.4012552	4.239289	2.829436	1.445514
15678	-233.5293	-345.7908	112.2615	0.2481904	3.912576	5.48908	1.551249
15684	-240.1122	-352.6142	112.502	0.4529717	4.501505	4.138216	1.36621
15690	-243.0947	-355.754	112.6593	0.6838424	4.074945	4.138216	1.15684
15696	-239.0098	-351.3673	112.3575	0.7254011	4.466874	4.138216	1.271772
15702	-233.9436	-346.9352	112.9916	1.033233	4.365437	1.422576	1.575983
15708	-237.9375	-351.0099	113.0724	0.7236082	5.328985	0.9738297	1.820852
15714	-240.1233	-352.5797	112.4564	0.9548727	5.328985	2.844677	1.200889
15720	-236.8304	-349.1587	112.3283	0.9519985	3.478924	4.305241	1.340196
15726	-239.4235	-351.3954	111.9719	0.9907631	3.186767	4.305241	1.664383
15732	-240.3098	-352.1761	111.8663	0.9196689	5.80561	4.845567	1.014185
15738	-242.7201	-354.198	111.4779	0.3475197	4.508713	4.845567	2.015939
15744	-233.5419	-346.1569	112.615	0.542131	5.456216	2.187568	1.623183
15750	-247.2167	-359.0787	111.862	0.6212661	1.367384	6.333661	2.292218
15756	-250.05	-363.1971	113.1471	0.4082734	1.854897	4.172535	1.743166
15762	-246.8516	-359.7454	112.8937	0.8443921	2.158201	3.67552	1.607458
15768	-249.1032	-361.1804	112.0772	1.028423	2.158201	8.189615	1.211027
15774	-238.0489	-350.6038	112.5549	0.4998379	4.098625	3.451803	1.570954
15780	-243.4851	-356.2946	112.8095	0.2406208	4.098625	2.446928	1.881349
15786	-238.5482	-350.5213	111.9731	0.5909107	5.126471	2.006738	2.157202
15792	-232.29	-344.4854	112.1954	1.029684	3.617697	5.074802	1.152807
15798	-232.6413	-344.4771	111.8359	0.9374769	6.432852	4.999532	0.8144467
15804	-233.3316	-346.0709	112.7393	0.6963936	7.336792	2.332096	0.9732549
15810	-231.5453	-344.2947	112.7495	0.9848149	6.851761	2.332096	0.7335893
15816	-229.4743	-342.3932	112.9188	0.6178898	6.444265	2.187495	1.133706
15822	-215.3613	-328.2077	112.8464	0.3342361	3.802809	3.061267	1.665176
15828	-222.5568	-334.4614	111.9046	0.5265322	4.343187	3.858853	1.8518
15834	-237.2752	-349.5775	112.3023	0.0679007	3.691488	3.532875	2.117286
15840	-226.2222	-339.5771	113.355	0.06195528	2.153202	3.532875	1.871659
15846	-227.4313	-340.8483	113.417	0.1444887	3.021454	3.532875	1.469328
15852	-231.0251	-343.9815	112.9564	0.1174958	3.021454	3.532875	1.820158
15858	-218.9672	-331.7328	112.7656	0.308355	3.021454	3.532875	1.820158
15864	-232.0979	-345.1821	113.0843	0.794185	3.571064	2.782089	1.291519
15870	-234.5162	-347.3761	112.8599	0.7778916	5.851398	2.782089	0.8783546
15876	-224.0447	-336.5755	112.5308	0.8164446	5.851398	2.304772	1.357147
15882	-225.199	-337.8451	112.6462	0.6740765	3.301655	2.709466	1.806183
15888	-236.9915	-349.3063	112.3148	1.005458	3.552218	4.53265	1.227199
15894	-237.8405	-351.4569	113.6164	0.900399	2.226159	2.858775	1.227199
15900	-233.7106	-345.5529	111.8423	0.8873794	3.966355	6.256481	1.215936
15906	-229.0798	-342.1926	113.1128	0.8206462	4.228184	2.208493	1.293209
15912	-230.6331	-343.3578	112.7247	1.00306	4.228184	2.614314	1.293209
15918	-238.925	-351.9136	112.9886	0.7099389	2.006327	2.614314	1.997579
15924	-238.1035	-350.5308	112.4272	0.4623018	3.366853	2.881754	2.028003
15930	-228.375	-341.2192	112.8442	0.6531485	4.037774	3.446538	1.244152
15936	-233.1023	-346.1839	113.0816	0.4619646	3.359706	1.402737	2.155773
15942	-227.3443	-341.3442	114	0.5456644	3.359706	1.402737	1.459822
15948	-224.4925	-336.1012	111.6087	0.201162	2.904967	6.712354	2.101019
15954	-233.9513	-346.2585	112.3072	0.04189608	4.305132	6.712354	1.35226
15960	-232.7938	-344.9494	112.1556	0.06388257	4.112434	5.69703	1.674367
15966	-230.5324	-343.0736	112.5412	0.05204927	2.493099	5.001671	1.98897
15972	-226.023	-338.5244	112.5015	0.1463692	2.384275	5.001671	1.98897
15978	-234.4864	-346.8931	112.4067	0.4879859	2.710328	3.718041	1.98897
15984	-228.1112	-341.1584	113.0472	0.5272788	3.696338	1.717141	1.902915
15990	-231.8131	-344.9275	113.1144	0.3435137	3.696338	1.717141	1.981408
15996	-229.3336	-342.0105	112.6769	0.3630426	4.279588	2.200868	1.935363
16002	-239.2559	-351.4317	112.1757	0.3618446	2.731007	4.297434	2.090084
16008	-234.3842	-347.1621	112.7779	0.3911218	2.81377	3.691116	1.776706
16014	-235.6879	-347.9824	112.2945	0.9334962	3.029973	3.285196	1.776706
16020	-229.1323	-340.2666	111.1344	0.5244306	3.341682	6.229806	2.15372
16026	-221.4435	-334.8401	113.3966	0.239647	1.96881	2.690524	2.029921
16032	-227.8794	-338.864	110.9846	0.4089329	2.909336	7.460589	2.267731
16038	-229.3577	-342.4571	113.0994	0.6465622	2.219548	3.40128	1.651202
16044	-234.6325	-346.0272	111.3948	0.960409	3.922935	7.419089	1.328911
16050	-228.9069	-341.6614	112.7545	0.8486405	3.922935	4.121035	0.9642219
16056	-228.2442	-341.3413	113.0971	0.9791995	4.61326	2.314612	1.010382
16062	-222.5902	-336.4054	113.8151	0.7571787	4.166174	1.895217	0.8834758
16068	-243.8406	-357.8135	113.9729	1.093799	7.372687	0.5410493	0.8205232
16074	-236.1675	-349.9369	113.7694	1.097662	4.411563	1.105321	1.10216
16080	-237.5337	-351.1834	113.6498	1.097662	3.380751	1.723293	1.098305
16086	-246.7708	-360.4997	113.7289	1.14542	4.231608	1.2904	0.9949726
16092	-251.6151	-363.9007	112.2856	0.6332533	2.093643	4.956364	1.920349
16098	-251.6373	-364.4863	112.849	1.110981	3.777394	3.711319	0.7665619
16104	-229.3361	-342.0914	112.7553	0.5125545	4.030809	3.421641	1.436753
16110	-231.47	-344.249	112.779	0.375118	4.030809	3.421641	1.52265
16116	-229.6006	-342.1057	112.5051	0.5708007	2.900103	2.314859	2.208922
16122	-221.9787	-335.0672	113.0885	0.2283381	2.900103	2.612058	1.952908
16128	-231.8071	-345.8343	114.0272	0.5066056	1.924315	2.438347	1.506022
16134	-238.3967	-351.5288	113.1321	0.9489685	4.423839	2.864033	0.7680368
16140	-231.8106	-344.6731	112.8625	0.7917004	3.347309	2.864033	1.503842
16146	-235.6169	-347.6161	111.9992	0.5957557	2.467388	8.081504	1.503842
16152	-234.5608	-346.7427	112.1819	0.7634771	3.769359	6.029899	1.134234
16158	-234.4821	-347.7683	113.2861	0.9347353	2.108878	4.088345	1.134234
16164	-241.9941	-355.2801	113.286	1.212698	2.714896	1.483831	1.649777
16170	-242.1399	-355.1502	113.0103	0.7812514	2.419037	1.270858	2.33106
16176	-242.7835	-355.7768	112.9933	0.435002	4.854878	1.339012	1.93656
16182	-244.6104	-357.7968	113.1864	0.02270556	4.854878	2.321761	1.652691
16188	-240.457	-354.0132	113.5561	0.07107165	2.610985	2.321761	1.929696
16194	-245.8623	-359.5021	113.6398	0.2631913	1.843838	2.321761	2.023715
16200	-232.6908	-345.8065	113.1157	0.8197071	3.701389	1.814976	1.604686
16206	-231.718	-344.7201	113.0021	0.8782756	4.34668	2.642779	1.118997
16212	-225.81	-339.0042	113.1941	0.8782756	3.397817	2.947485	1.118997
16218	-230.7688	-342.8407	112.0719	1.112349	3.209213	6.324685	1.044242
16224	-225.4679	-337.9706	112.5027	0.551937	3.209213	2.017193	2.244964
16230	-225.7465	-337.9064	112.16	0.1282497	3.494746	3.252273	2.286974
16236	-234.1586	-347.3632	113.2045	0.07147642	4.043173	2.886229	1.591056
16242	-229.1055	-343.0049	113.8994	0.0751998	2.93229	2.886229	1.381376
16248	-228.7759	-341.3947	112.6188	0.05869254	2.785838	2.658374	2.387427
16254	-228.2151	-341.3301	113.115	0.0685555	2.785838	2.658374	2.060827
16260	-234.3947	-346.7354	112.3407	0.2742972	2.785838	3.067511	2.312358
16266	-231.0563	-343.6549	112.5985	0.5800344	4.26401	3.067511	1.552811
16272	-232.7505	-345.1426	112.3921	0.3798466	4.792677	4.226149	1.419082
16278	-231.5566	-344.6712	113.1147	0.6350458	4.792677	2.058765	1.369097
16284	-231.9628	-345.5246	113.5618	0.4970338	3.347946	1.184039	1.937051
16290	-240.3344	-353.8028	113.4684	0.7688111	3.640377	1.105116	1.788697
16296	-246.9912	-359.8263	112.8351	0.8545807	4.162084	1.105116	2.037967
16302	-244.5742	-358.4416	113.8674	1.520259	3.720954	1.234408	0.56741
16308	-238.8747	-350.7414	111.8667	1.520259	3.720954	6.133555	0.4889388
16314	-234.4471	-347.6457	113.1986	1.017251	4.161101	1.528562	1.422444
16320	-227.2374	-340.8078	113.5704	0.6873187	3.384635	1.528562	1.596736
16326	-237.8766	-350.9215	113.045	0.8299478	5.601175	2.525702	0.8120558
16332	-228.8163	-340.9822	112.1659	1.278772	6.774712	3.113264	0.6317684
16338	-228.0245	-340.5048	112.4803	1.211355	6.774712	2.51907	0.6732613
16344	-228.6543	-341.0021	112.3479	0.855601	7.253069	3.132235	0.8405085
16350	-225.2487	-337.6919	112.4432	0.7687881	7.253069	3.132235	0.8299165
16356	-225.7148	-338.9842	113.2694	0.950542	5.630527	1.790004	0.8813952
16362	-235.7992	-348.8942	113.0951	0.2418261	2.528182	3.228686	1.873637
16368	-240.1413	-354.4437	114.3024	1.103805	2.528182	0.5877485	1.714589
16374	-234.5394	-348.9199	114.3804	1.117312	2.708956	0.5877485	1.58748
16380	-233.6378	-346.4841	112.8463	0.8507342	2.748938	2.913396	1.64105
16386	-239.3808	-352.3714	112.9906	0.4361235	2.279908	2.913396	1.986847
16392	-245.9252	-358.0856	112.1605	0.3410836	3.633155	3.471958	2.059826
16398	-243.1884	-355.3514	112.163	0.5065071	2.949775	2.934288	2.267506
16404	-238.7164	-351.8702	113.1538	0.4247975	3.667082	2.997387	1.426474
16410	-247.6807	-359.2542	111.5735	0.3461731	2.767765	5.230133	2.302657
16416	-238.6825	-351.5695	112.887	0.5993669	2.959116	2.654139	1.806434
16422	-235.793	-348.1314	112.3384	0.766965	3.7597	5.412426	1.132931
16428	-221.3669	-333.8975	112.5305	1.186792	5.377062	3.142794	0.7271319
16434	-222.1716	-335.005	112.8335	1.069237	4.97898	2.886265	0.7747
16440	-217.9914	-331.1203	113.1288	0.8677135	4.139385	2.636745	1.075985
16446	-225.1939	-337.8419	112.648	1.04795	4.815078	2.839777	1.075985
16452	-225.8838	-338.8329	112.9491	1.014746	4.815078	2.839777	0.783322
16458	-227.7572	-340.9485	113.1913	0.7089427	3.018698	3.57243	1.186144
16464	-228.2845	-340.7286	112.4441	1.143596	3.624889	4.407377	0.9939906
16470	-225.317	-339.3269	114.0099	1.100775	3.624889	1.257045	0.9939906
16476	-234.1769	-347.5934	113.4165	0.628364	5.546375	1.257045	1.408881
16482	-225.2846	-339.3638	114.0792	0.7506726	4.066118	1.257045	1.115129
16488	-236.8367	-350.182	113.3453	0.8504242	4.490116	1.510664	1.367314
16494	-236.7116	-349.0405	112.3289	1.122776	4.050841	4.861874	0.8294386
16500	-238.6835	-351.1623	112.4787	1.122776	4.050841	4.861874	0.5388321
16506	-237.8815	-350.9537	113.0722	1.062098	4.050841	3.134479	0.6910529
16512	-233.9566	-348.0596	114.1029	1.039123	4.191515	1.276624	0.6910529
16518	-231.3301	-344.3955	113.0653	1.228217	6.971061	1.504383	0.44679
16524	-231.9448	-345.4702	113.5253	1.552995	3.97006	1.504383	0.4110342
16530	-229.9867	-343.894	113.9073	1.495271	3.101845	1.504383	0.4110342
16536	-229.8152	-343.8371	114.0219	1.554116	2.754818	1.487834	0.5625424
16542	-224.8004	-339.0411	114.2407	1.446642	2.780557	1.329144	0.5595906
16548	-221.1004	-334.3623	113.2619	1.551794	4.997948	1.457942	0.480474
16554	-220.2754	-333.048	112.7726	1.551794	6.357224	1.457942	0.2764104
16560	-223.661	-335.9771	112.3161	1.322415	5.817092	3.25631	0.4879811
16566	-228.6664	-341.384	112.7176	1.208292	4.176081	3.408082	0.7826965
16572	-234.2406	-347.7141	113.4735	1.578808	3.967221	1.485255	0.6921484
16578	-233.888	-347.6454	113.7574	0.8633364	5.289312	1.485255	0.7485123
16584	-240.0279	-352.7796	112.7517	0.6827919	5.653171	3.207115	0.9572671
16590	-235.2498	-348.2492	112.9994	1.150315	5.653171	1.765598	0.9687126
16596	-236.8428	-349.2863	112.4435	0.7421057	5.783231	1.765598	1.722114
16602	-229.0332	-341.0163	111.9832	0.1761716	5.030317	5.115919	1.62799
16608	-225.2876	-337.5647	112.2771	0.1437191	6.261239	2.341487	1.940491
16614	-228.5037	-341.6738	113.17	0.1435839	3.159001	2.341487	1.971777
16620	-227.9619	-340.4018	112.4399	0.2851382	3.615127	2.817791	2.093669
16626	-233.9052	-345.5772	111.672	0.3222153	3.336425	4.953876	2.149818
16632	-229.9372	-342.9805	113.0433	0.5670438	3.305024	2.644632	1.621681
16638	-237.4428	-350.8273	113.3845	0.9208109	3.305024	1.45933	1.621681
16644	-232.5675	-346.6583	114.0908	0.875142	3.138571	1.187548	1.339215
16650	-243.9539	-357.4752	113.5213	1.419154	3.754969	0.314716	2.023222
16656	-236.8334	-351.1301	114.2966	2.053255	4.408374	0.3001023	0.6865011
16662	-228.3952	-339.8491	111.454	0.9882419	3.701732	8.338297	1.173393
16668	-230.9266	-343.8877	112.9612	0.4521694	3.434857	2.847365	1.660739
16674	-227.247	-340.3881	113.1411	0.8583281	3.762941	2.847365	1.102735
16680	-227.5368	-339.1942	111.6575	0.7471066	3.762941	4.153281	1.934061
16686	-229.4431	-342.3448	112.9016	0.5739392	5.121655	2.495843	1.328821
16692	-229.5751	-342.3134	112.7382	0.4383434	6.742655	2.495843	1.24898
16698	-226.3129	-338.2798	111.9669	0.6791448	6.742655	3.777075	1.24898
16704	-235.1916	-348.4553	113.2637	0.7804742	3.567739	2.621425	1.216466
16710	-232.1917	-346.265	114.0733	1.036887	3.044532	1.195445	1.247722
16716	-237.3308	-352.2447	114.9139	0.9946454	2.019218	1.195445	0.9794308
16722	-230.5748	-345.2499	114.6751	0.9617678	2.019218	1.195445	1.228602
16728	-227.2417	-341.6684	114.4267	1.210156	2.019218	1.195445	1.228602
16734	-233.2021	-345.7293	112.5272	1.24587	2.924175	3.903734	1.228602
16740	-236.6124	-348.18	111.5676	1.092625	2.924175	5.260192	1.759031
16746	-226.3453	-338.2313	111.886	0.5747021	3.532669	5.260192	1.72767
16752	-234.1182	-345.8581	111.7399	0.718349	3.532669	6.320304	1.539077
16758	-235.0537	-348.7933	113.7395	0.5172302	3.612713	1.972324	1.310654
16764	-231.5137	-344.8427	113.329	0.8302162	4.810106	1.629587	1.251485
16770	-227.2521	-340.2696	113.0174	0.3726544	6.777058	1.899367	1.334787
16776	-240.0676	-352.8058	112.7383	0.1814137	3.054523	1.899367	2.416075
16782	-227.4142	-340.2546	112.8403	0.2589427	3.994552	3.576221	1.529361
16788	-225.3009	-337.9761	112.6752	0.4248706	3.994552	3.97515	1.422198
16794	-232.5528	-345.035	112.4822	1.059466	3.174337	4.810941	1.088488
16800	-226.5928	-339.14	112.5473	0.2326347	4.675709	2.132494	2.052863
16806	-236.3055	-349.6703	113.3649	0.4694292	3.191525	2.132494	1.681267
16812	-239.3846	-352.11	112.7254	0.6486413	2.776906	2.911187	1.859087
16818	-241.0629	-354.3594	113.2964	0.4846892	5.183807	1.528413	1.521467
16824	-245.9216	-357.7807	111.8592	0.9981392	4.174016	5.275411	1.256711
16830	-225.5939	-337.8231	112.2293	0.7134288	4.174016	5.275411	1.18438
16836	-219.5369	-332.4515	112.9146	0.8780725	3.480155	3.362232	1.188728
16842	-229.5512	-341.3314	111.7803	0.727562	2.928594	4.697633	1.970169
16848	-224.0628	-337.364	113.3011	1.003715	3.819491	1.418454	1.504724
16854	-235.9154	-348.1307	112.2153	0.6784864	4.807155	4.639908	1.213912
16860	-227.1329	-340.9666	113.8337	0.4904516	4.807155	1.46322	1.213912
16866	-238.7194	-352.1655	113.446	0.7792142	4.807155	1.46322	1.296106
16872	-232.9648	-345.6135	112.6487	0.5856948	4.576748	1.668891	1.959026
16878	-233.4222	-346.1734	112.7512	0.7901185	5.153444	2.610055	1.222104
16884	-224.45	-337.6186	113.1686	0.3004134	7.11168	1.778884	1.274033
16890	-228.0867	-341.1587	113.072	0.519248	4.777726	2.478964	1.320743
16896	-220.0002	-333.0302	113.03	1.139792	4.777726	2.156821	0.9519042
16902	-222.4596	-335.8967	113.4371	0.9851839	2.482776	2.553722	1.31218
16908	-231.2385	-344.8429	113.6044	0.6255417	4.096366	1.370183	1.518449
16914	-230.0572	-343.1864	113.1291	0.5692087	4.244818	2.112152	1.513237
16920	-224.4315	-337.6732	113.2417	0.9580968	4.244818	2.112152	1.105526
16926	-224.2979	-337.8744	113.5765	0.6072381	5.916064	0.9883175	1.420814
16932	-219.4367	-332.9469	113.5102	0.6564394	5.737797	1.640197	1.014304
16938	-226.5417	-339.1162	112.5745	0.6691154	5.81999	2.268769	1.458286
16944	-220.2705	-332.4621	112.1916	1.04304	5.790282	4.228066	0.7009225
16950	-222.7615	-335.9359	113.1744	1.187632	3.900401	2.402719	0.9027236
16956	-222.2776	-334.8749	112.5972	0.7075254	5.615655	2.402719	1.397228
16962	-224.9011	-337.9289	113.0279	0.587557	5.615655	1.47364	1.589376
16968	-234.8863	-348.235	113.3487	0.7154365	3.107552	1.741785	1.709669
16974	-235.2293	-348.6461	113.4168	1.448085	3.6511	1.993476	0.61512
16980	-224.5364	-338.39	113.8536	1.725914	3.265964	1.185177	0.6333491
16986	-223.8295	-336.4989	112.6694	1.521848	5.475075	2.217027	0.4215461
16992	-229.9251	-343.7004	113.7753	1.741342	5.288595	0.654976	0.4215461
16998	-227.7823	-341.2189	113.4366	1.741342	4.41487	1.213568	0.4510333
17004	-222.3444	-335.7318	113.3873	1.741342	3.175917	1.787169	0.3375498
17010	-224.8294	-337.6299	112.8005	1.770657	3.631726	2.315712	0.2765612
17016	-225.4745	-338.3291	112.8546	1.770657	2.178886	3.915159	0.3413321
17022	-225.6858	-338.1817	112.4959	0.5602473	3.644563	3.001459	1.80991
17028	-228.3253	-340.929	112.6037	0.7624597	3.644563	2.585321	1.724457
17034	-225.3011	-337.6354	112.3343	0.3505498	2.808297	5.345342	1.7616
17040	-237.4685	-350.475	113.0065	0.6840248	4.576377	1.607446	1.673238
17046	-231.4377	-344.2688	112.8311	0.5327855	5.770214	1.607446	1.673238
17052	-229.9144	-342.979	113.0646	0.1459441	5.770214	1.607446	1.781174
17058	-229.9036	-343.0745	113.1709	0.0395942	5.770214	1.607446	1.781174
17064	-235.0459	-347.8965	112.8507	0.07666771	4.777436	2.377242	1.845654
17070	-234.9539	-347.6998	112.746	0.1813756	4.777436	2.377242	1.845654
17076	-235.7891	-347.9298	112.1407	0.2564351	4.777436	3.08534	1.984073
17082	-236.0424	-348.3145	112.2722	0.248157	2.801312	3.357434	2.293891
17088	-241.8036	-354.4172	112.6136	0.2247073	2.701495	2.78624	2.272199
17094	-247.1776	-360.0252	112.8476	0.1060924	4.781205	2.59739	1.751354
17100	-238.2143	-351.7515	113.5372	0.6505742	2.217209	3.741394	1.214584
17106	-245.3094	-358.4007	113.0913	0.4559578	3.525267	2.277509	1.736874
17112	-240.5793	-353.6606	113.0812	0.5098814	3.489826	2.675342	1.573559
17118	-233.6198	-346.8646	113.2448	0.4600715	3.489826	2.675342	1.489059
17124	-237.3145	-350.4782	113.1637	0.1103594	3.216626	3.000446	1.772384
17130	-244.7768	-357.6125	112.8357	0.05141413	2.464022	3.000446	2.253724
17136	-240.5698	-353.4891	112.9193	0.08184504	2.464022	3.000446	2.180118
17142	-242.5134	-355.186	112.6726	0.3609268	2.808617	2.727445	2.131627
17148	-231.0254	-343.6685	112.6432	0.2252098	4.416853	2.727445	1.844161
17154	-230.6493	-343.7355	113.0861	0.23028	3.616036	3.343449	1.532211
17160	-236.2549	-348.5489	112.294	0.681131	5.469604	2.938697	1.48658
17166	-220.4971	-334.0875	113.5904	0.6925634	3.575227	2.255153	1.166834
17172	-229.8578	-343.6032	113.7454	0.778238	3.292966	2.34876	0.997098
17178	-235.4253	-348.7902	113.3649	0.7705052	3.292966	2.34876	1.338385
17184	-238.82	-349.5234	110.7034	1.202294	4.269737	8.477961	1.432753
17190	-242.6134	-356.6264	114.0129	0.7961529	2.186591	2.540846	1.119387
17196	-241.4846	-356.1906	114.7061	0.8746688	2.186591	1.29086	1.124873
17202	-238.867	-352.2917	113.4246	0.8716403	4.122224	1.548371	1.358483
17208	-234.3669	-347.9294	113.5625	0.6848646	3.60951	1.419563	1.601869
17214	-221.0626	-334.0164	112.9538	0.2190657	3.535384	3.549914	1.601869
17220	-231.941	-343.5884	111.6474	0.4400923	5.812793	6.005698	1.354725
17226	-231.0113	-343.7426	112.7313	0.4898127	3.882691	4.840473	1.131594
17232	-231.2838	-343.8831	112.5993	0.515402	3.130758	3.815527	1.688442
17238	-224.4783	-335.9276	111.4492	0.5445308	3.130758	7.711918	1.772693
17244	-227.8519	-340.406	112.5541	0.3518217	3.130758	4.076921	1.772693
17250	-230.8594	-343.6284	112.769	0.2920635	5.265927	2.072196	1.772693
17256	-237.3714	-350.8243	113.4529	0.5729472	2.463459	2.444368	1.659474
17262	-238.5026	-351.0508	112.5482	0.7526168	4.134694	4.002209	1.215466
17268	-226.6732	-339.0048	112.3315	1.019036	3.756131	5.360853	0.9059469
17274	-233.9283	-347.3923	113.464	0.7502125	2.585467	3.193495	1.209267
17280	-228.5292	-341.1882	112.6591	0.9224009	2.520669	3.388655	1.661787
17286	-234.9311	-346.7445	111.8134	0.2642728	2.540745	3.388655	2.640294
17292	-244.0692	-355.8147	111.7455	0.8536172	3.548104	5.329831	1.611442
17298	-246.1869	-358.7632	112.5764	0.5835947	3.548104	2.699736	1.854806
17304	-233.5583	-346.0895	112.5312	0.04081423	4.295662	2.747526	2.062783
17310	-226.8638	-340.2208	113.357	0.05208107	3.832832	2.747526	1.591535
17316	-237.2968	-350.0485	112.7517	0.08886982	6.171148	1.600352	1.970555
17322	-231.7475	-344.156	112.4085	0.06485338	4.744384	2.583918	2.087992
17328	-236.8506	-349.5059	112.6553	0.06737635	3.620164	2.583918	2.164693
17334	-227.9502	-340.3755	112.4253	0.09486548	2.560631	2.583918	2.573786
17340	-236.808	-350.2603	113.4522	0.09596602	2.560631	2.52422	1.930386
17346	-234.4387	-347.6303	113.1916	0.01290973	1.91311	3.814507	2.039603
17352	-238.5396	-351.1716	112.6319	0.009527666	2.624104	3.754091	2.173702
17358	-235.1282	-348.4674	113.3392	0.01075915	2.970082	1.968141	2.136667
17364	-221.7321	-334.8097	113.0776	0.04287409	2.970082	2.313912	2.160736
17370	-223.0408	-335.1062	112.0653	0.2162296	3.821683	3.345426	2.191428
17376	-226.8854	-339.4116	112.5262	0.09872866	4.259913	3.14358	1.920917
17382	-228.4746	-341.0392	112.5645	0.06041638	4.259913	3.14358	1.920917
17388	-226.6443	-339.3197	112.6754	0.06692659	3.427688	3.14358	2.036533
17394	-232.0486	-344.7323	112.6837	0.7187405	3.752386	2.558489	1.680563
17400	-236.2283	-349.31	113.0817	0.02411431	3.024057	3.00039	1.941797
17406	-236.3637	-348.6453	112.2815	0.04473913	3.453693	3.00039	2.338648
17412	-239.8751	-351.9057	112.0306	0.8992878	2.906057	6.108528	1.410533
17418	-236.8838	-349.4142	112.5304	0.8992878	3.512835	3.446537	1.44582
17424	-235.2886	-348.7127	113.4241	0.8800726	3.944347	1.314765	1.534068
17430	-225.9858	-338.3272	112.3414	1.107972	3.944347	4.684134	0.9335189
17436	-229.4517	-342.6693	113.2176	1.038613	3.302341	3.049266	0.9332747
17442	-228.2139	-341.2581	113.0443	1.038613	4.058079	3.049266	0.8168714
17448	-231.978	-344.744	112.7659	1.038613	4.058079	4.013015	0.6947483
17454	-232.45	-346.2435	113.7935	1.127249	3.093667	2.143378	0.7542693
17460	-228.5081	-341.1198	112.6118	1.196805	4.266117	3.824285	0.6815632
17466	-231.2182	-343.4087	112.1905	1.396949	3.397765	5.589252	0.6815632
17472	-227.3077	-340.6552	113.3474	0.9161158	3.397765	3.446809	0.6538499
17478	-232.1053	-345.3987	113.2934	0.77817	6.736928	1.667244	0.8435622
17484	-224.7281	-337.1201	112.392	0.4768183	3.828855	4.137088	1.597376
17490	-233.6434	-346.7193	113.076	0.5570831	5.574101	1.856357	1.388285
17496	-235.6773	-347.3977	111.7204	0.2859108	3.332198	5.462265	2.052458
17502	-237.7387	-350.4631	112.7244	0.7066884	3.218231	2.525919	1.812652
17508	-229.2513	-342.2909	113.0396	0.4879692	4.147323	2.525919	1.502785
17514	-234.3149	-347.5904	113.2755	0.7255107	2.573167	2.294413	1.693818
17520	-225.0903	-337.5189	112.4286	0.48477	3.502962	3.954239	1.693818
17526	-230.7868	-343.6562	112.8694	0.4747412	6.829669	1.535428	1.546108
17532	-232.4514	-345.3802	112.9288	0.9285729	7.331118	1.339019	1.173477
17538	-235.9883	-348.5042	112.5159	0.3342035	7.331118	2.843313	1.281803
17544	-240.8944	-353.2539	112.3596	0.2357908	9.162867	3.231623	1.064284
17550	-230.0293	-343.477	113.4477	0.5215905	6.722056	1.232296	1.262793
17556	-229.1865	-342.9974	113.8109	0.6558234	6.722056	0.9618185	1.046857
17562	-234.1887	-347.3882	113.1995	0.6891191	6.722056	1.660602	1.046857
17568	-238.0821	-350.9971	112.915	0.7922247	6.705722	2.537139	0.6544813
17574	-233.9276	-346.8089	112.8813	0.8297946	6.705722	2.537139	0.64616
17580	-237.3405	-350.9816	113.6411	0.9380551	8.824431	0.5634413	1.018128
17586	-245.1632	-358.2071	113.0439	1.115008	11.94137	0.6756718	0.7683353
17592	-243.1664	-355.9987	112.8322	1.012644	11.84061	1.044944	0.6003207
17598	-242.1609	-355.1123	112.9514	1.008334	11.84061	0.9452662	0.5401199
17604	-243.5495	-356.5688	113.0193	0.7656773	11.84061	0.9452662	0.8601112
17610	-243.953	-358.0853	114.1323	1.067171	4.215474	0.9452662	0.9939743
17616	-251.5079	-364.8451	113.3372	1.037348	7.547706	0.6667414	1.280279
17622	-238.6185	-352.8724	114.254	0.8429904	6.289701	0.6667414	0.8485537
17628	-233.2043	-346.482	113.2777	1.330061	6.532853	1.234452	0.4798353
17634	-239.4483	-352.5985	113.1502	1.396199	6.121605	1.429051	0.5154867
17640	-236.9044	-349.1117	112.2073	1.429434	8.534935	1.954192	0.3458735
17646	-242.161	-354.2421	112.0811	1.465837	8.593923	1.954192	0.2801921
17652	-240.8565	-352.386	111.5295	1.656946	9.249949	1.954192	0.1787323
17658	-243.6684	-355.7216	112.0532	1.60411	9.52113	1.520283	0.2704019
17664	-238.4173	-351.3561	112.9387	1.718269	4.319384	1.816155	0.2983553
17670	-227.4243	-339.5443	112.12	1.60411	9.141333	1.453397	0.2458268
17676	-244.4488	-357.6453	113.1966	1.609293	4.923613	1.491986	0.455039
17682	-238.7589	-351.893	113.1341	1.530403	1.761347	4.78181	0.5145404
17688	-238.135	-350.885	112.7501	1.530403	2.123185	5.288829	0.3956773
17694	-224.6225	-338.1993	113.5768	1.156689	3.752208	2.183698	0.575228
17700	-227.7209	-340.9213	113.2004	1.621521	3.943808	1.890876	0.3967864
17706	-233.8653	-346.8165	112.9512	1.296331	3.581835	3.317579	0.6465139
17712	-234.0565	-347.4193	113.3628	1.423756	2.834617	2.739731	0.6613203
17718	-240.2196	-352.2924	112.0728	1.167345	4.698756	4.500902	0.9604694
17724	-246.9883	-361.4166	114.4282	1.348318	1.991518	1.591658	0.7938634
17730	-237.2632	-351.3389	114.0756	0.6628497	1.341068	3.211643	1.393699
17736	-239.8145	-355.2858	115.4713	1.154501	1.341068	1.100715	0.779338
17742	-233.4249	-347.9014	114.4764	1.215778	2.022377	1.100715	1.25221
17748	-237.9367	-351.9794	114.0426	1.283421	3.92252	1.216505	0.5913634
17754	-244.1243	-358.6939	114.5695	1.051539	2.798639	1.216505	0.8367602
17760	-235.6472	-349.1485	113.5013	1.104761	2.798639	2.55187	1.020821
17766	-240.3946	-353.8749	113.4803	0.8855433	3.213329	2.859685	0.9411642
17772	-236.0764	-348.7388	112.6624	0.767039	3.832962	2.815973	1.553939
17778	-238.1223	-350.1946	112.0723	0.3854563	3.138971	2.815973	2.38486
17784	-233.768	-346.2738	112.5058	0.7431302	1.869872	3.062733	2.215463
17790	-241.5826	-355.1096	113.5269	0.3701715	1.869872	2.279815	2.031467
17796	-244.6125	-357.2483	112.6359	0.9019713	1.869872	2.279815	2.265667
17802	-236.5206	-348.712	112.1913	0.3669505	2.928596	3.230526	2.265667
17808	-234.724	-346.9285	112.2045	0.6919877	4.440068	2.603317	1.859692
17814	-241.0308	-353.7497	112.7189	0.1501765	2.976237	3.4628	1.989967
17820	-234.7168	-347.0922	112.3753	0.1742191	2.506987	5.349073	1.950188
17826	-234.486	-346.2871	111.8011	0.2574031	3.259228	3.201259	2.502589
17832	-234.2022	-348.0093	113.807	0.8199629	2.713437	1.594986	1.497529
17838	-242.6574	-355.658	113.0006	0.8867323	3.603416	3.497464	1.012469
17844	-234.2217	-347.2713	113.0496	0.8973532	4.529525	2.246825	1.185495
17850	-240.9664	-353.6661	112.6997	0.6899683	4.681006	2.057974	1.66294
17856	-236.7656	-349.7563	112.9907	0.3418731	4.681006	3.298597	1.26065
17862	-236.284	-348.3574	112.0733	1.038602	2.577555	9.306804	0.7842115
17868	-222.5388	-334.4866	111.9479	1.008561	2.577555	6.460421	1.442779
17874	-227.5034	-340.5218	113.0184	1.008561	3.560941	2.395343	1.324232
17880	-222.2436	-335.5865	113.3429	0.8946537	3.560941	2.0086	1.324232
17886	-222.2571	-336.0323	113.7752	0.3811358	3.34638	2.532783	1.228535
17892	-231.959	-345.052	113.093	0.6198724	4.370698	1.317265	1.85376
17898	-233.0199	-346.8434	113.8235	0.5107383	2.464493	1.631664	1.775993
17904	-232.7239	-343.8273	111.1034	0.5820337	3.269095	6.229411	2.155005
17910	-227.6217	-340.9048	113.2831	0.5336199	4.578307	1.880452	1.448447
17916	-241.9614	-354.7078	112.7464	0.2685619	4.578307	1.880452	2.014188
17922	-233.1361	-346.0406	112.9045	0.8111016	3.9667	2.960458	1.245676
17928	-234.8403	-348.359	113.5187	0.7279558	5.960319	1.140178	1.245676
17934	-240.2852	-353.4006	113.1154	0.3404145	4.322214	1.84571	1.783135
17940	-229.8095	-342.9419	113.1324	0.32341	4.322214	1.84571	1.783135
17946	-228.3741	-341.001	112.6269	0.8254896	4.446199	3.546648	1.137393
17952	-232.9442	-345.222	112.2778	0.08854801	6.951756	2.048052	1.98119
17958	-239.4699	-351.3884	111.9185	0.2229592	6.951756	2.048052	2.129819
17964	-233.2047	-345.1194	111.9147	0.4824214	3.34356	4.340176	2.003147
17970	-241.345	-353.7785	112.4335	0.9844905	2.571979	4.340176	1.521771
17976	-238.2347	-350.7908	112.5561	0.52018	3.686273	4.708762	1.343669
17982	-236.2775	-349.1616	112.8841	0.5447496	2.922054	2.734893	1.831358
17988	-242.9088	-354.6361	111.7273	0.3328743	2.743915	9.557304	1.610148
17994	-242.0384	-354.2099	112.1715	0.8271243	2.743915	6.263418	1.384983
18000	-231.4209	-343.7831	112.3621	0.6958529	3.71439	4.560932	1.384983
18006	-234.942	-348.2466	113.3046	0.4289806	4.262204	1.75066	1.643281
18012	-239.7262	-352.4795	112.7533	0.7881036	5.766723	1.75066	1.472956
18018	-239.7099	-351.8969	112.187	0.5649379	3.904165	4.990625	1.472956
18024	-231.5801	-344.517	112.9369	0.3552328	3.904165	3.604962	1.39817
18030	-232.3191	-343.7948	111.4756	0.7295143	2.746786	8.217014	1.672873
18036	-234.4723	-346.6295	112.1572	1.008586	3.74801	5.60606	1.034006
18042	-236.8016	-350.3322	113.5306	1.110679	3.257773	1.886826	1.143725
18048	-236.1681	-349.5909	113.4228	0.8818398	4.720501	2.242292	0.7511763
18054	-234.3923	-347.5687	113.1764	1.048163	4.720501	2.242292	0.8572737
18060	-238.9323	-351.5894	112.6571	0.7899179	4.433345	4.179437	0.93358
18066	-234.8772	-347.0508	112.1736	0.8615039	4.433345	5.273576	1.025083
18072	-224.4383	-336.9275	112.4892	0.462428	6.306402	2.707738	1.426538
18078	-227.8113	-340.2413	112.43	0.8090223	4.778738	4.162956	1.044596
18084	-230.2632	-342.1652	111.902	0.6377182	3.033845	7.680505	1.407643
18090	-227.3408	-340.658	113.3172	0.6414122	3.033845	2.026685	1.681947
18096	-234.0455	-347.5313	113.4859	0.7501034	3.033845	2.026685	1.478946
18102	-238.7107	-352.3516	113.6409	1.279674	3.109436	2.196027	0.6974758
18108	-236.1783	-349.064	112.8856	1.335329	3.306937	3.09383	0.9491132
18114	-237.5345	-349.8481	112.3137	1.107122	3.306937	6.072338	0.8078216
18120	-233.1453	-346.1698	113.0245	0.8845811	2.569107	4.032357	1.213766
18126	-228.4466	-342.5872	114.1405	1.212308	3.524988	0.9212804	1.100397
18132	-230.068	-343.8861	113.8181	0.8946364	3.951045	1.644815	0.9836811
18138	-238.3312	-351.1641	112.8329	0.4738802	5.79712	1.644815	1.69076
18144	-239.1907	-352.1694	112.9787	0.6445824	5.79712	2.299546	1.140029
18150	-224.5249	-337.2855	112.7607	0.895382	5.79712	2.70361	0.9134333
18156	-231.6403	-344.8117	113.1714	0.895382	4.889045	1.816899	1.206109
18162	-232.8742	-344.3393	111.4651	0.2463154	2.089313	7.767823	2.285065
18168	-233.5386	-345.4184	111.8797	0.3711386	2.720806	2.338877	2.768193
18174	-237.3182	-350.1005	112.7822	0.06973768	2.678072	2.338877	2.407766
18180	-240.473	-354.1109	113.6378	0.1893007	3.638182	2.126029	1.565394
18186	-239.8985	-352.1091	112.2105	0.3845281	3.638182	5.395311	1.577695
18192	-236.5702	-349.004	112.4337	0.341367	3.638182	2.767949	2.069955
18198	-240.4969	-352.5685	112.0716	0.5686776	3.638182	3.078377	2.069955
18204	-241.4902	-355.2765	113.7862	1.015328	5.670282	1.140723	0.7506366
18210	-222.6726	-336.2772	113.6046	0.8137729	5.10207	1.530523	1.006861
18216	-224.4761	-337.4746	112.9986	0.4939877	7.492079	1.530523	1.328947
18222	-239.5403	-352.799	113.2587	0.7707902	5.892387	1.796736	1.009787
18228	-239.1571	-353.5736	114.4165	0.8712902	2.682665	1.56932	0.9619898
18234	-232.172	-346.2288	114.0568	1.143371	2.676287	0.8886709	1.538094
18240	-236.4557	-349.6592	113.2035	1.01231	5.048654	1.992465	0.9203563
18246	-239.5959	-353.3653	113.7694	1.27237	3.386669	1.554478	0.9184984
18252	-237.262	-349.2256	111.9635	0.9468498	3.680056	3.565917	1.747002
18258	-228.9461	-341.3806	112.4345	0.6770352	3.558256	3.565917	1.635748
18264	-233.7127	-346.2608	112.5481	0.6570591	3.558256	2.137064	2.013961
18270	-225.0196	-337.7879	112.7683	0.5444777	4.280318	3.428102	1.336009
18276	-220.2284	-333.8997	113.6713	0.4321778	4.280318	2.349275	1.065997
18282	-219.4689	-332.9279	113.459	1.064534	3.608458	2.349275	0.867524
18288	-235.2772	-349.3791	114.1019	1.284931	4.235366	0.9299411	0.7908829
18294	-229.1358	-342.3869	113.251	1.232217	5.177166	1.630758	0.8354985
18300	-232.9309	-345.4071	112.4762	0.9775563	5.366016	3.389216	0.9397104
