Iteration	Posterior	Likelihood	Prior	rate_log_sd	rate_loss	rate_neo	tree_length
0	-238.1384	-349.6996	111.5613	1.256448	4.141575	7.756599	0.723698
6	-236.1199	-348.7746	112.6547	1.224462	4.777682	3.132722	0.7403696
12	-232.153	-344.7977	112.6447	0.9910831	5.637414	3.132722	0.7551053
18	-242.1845	-354.5806	112.3962	0.7871676	6.014492	3.132722	1.141222
24	-238.0501	-350.8811	112.8311	0.9080471	4.429778	3.132722	1.025534
30	-242.0697	-355.2079	113.1381	0.7858458	4.494507	2.075947	1.292844
36	-236.1794	-348.9698	112.7904	0.6527224	6.308926	2.075947	1.292844
42	-233.242	-345.8562	112.6143	0.5877342	3.249197	4.595545	1.401389
48	-233.8433	-346.0202	112.1769	0.8015762	3.249197	4.595545	1.56996
54	-235.3264	-348.7858	113.4594	1.262265	3.249197	1.074616	1.56996
60	-226.616	-339.1319	112.5159	1.167027	5.985408	2.574911	0.8996131
66	-222.0432	-335.118	113.0748	1.134656	2.00284	5.10082	0.9047205
72	-224.528	-336.3799	111.8519	0.3655575	2.472358	5.10082	2.224038
78	-224.4356	-336.7059	112.2703	0.563827	2.472358	5.004705	1.832206
84	-235.9274	-348.0639	112.1365	0.4581317	3.927818	3.186602	2.003177
90	-233.3129	-346.1099	112.797	0.4792914	3.927818	3.186602	1.526426
96	-238.1942	-350.6138	112.4195	0.3048651	5.339913	4.531957	1.259363
102	-244.4776	-356.3981	111.9204	0.803982	5.339913	4.531957	1.259363
108	-243.6743	-356.1776	112.5033	0.7503018	3.223995	2.847618	1.830383
114	-249.362	-361.0602	111.6982	0.8917583	4.033311	3.453775	1.912069
120	-231.5098	-343.9064	112.3966	0.4416574	4.033311	3.453775	1.741093
126	-239.0252	-351.6248	112.5996	0.5671675	4.033311	3.534686	1.480596
132	-236.7956	-349.625	112.8295	0.9596687	4.033311	2.913139	1.18143
138	-242.4026	-356.2784	113.8758	0.9203167	5.532187	1.264442	0.6278233
144	-240.1221	-353.954	113.8319	0.6177953	3.777357	1.264442	1.499646
150	-235.6241	-348.081	112.4569	0.826133	3.777357	3.799397	1.385311
156	-243.5076	-355.5643	112.0567	0.7085176	3.084	6.637058	1.385311
162	-232.6742	-345.1522	112.478	0.3728214	3.882719	4.653554	1.477456
168	-233.006	-346.4821	113.4761	0.269416	6.590936	1.472016	1.313363
174	-236.7323	-349.7212	112.9889	0.9707496	3.06558	3.417015	1.168129
180	-228.9503	-342.9147	113.9645	1.080347	2.415078	2.104907	0.9978879
186	-228.6189	-342.7805	114.1617	1.409397	3.131489	1.086657	0.8658087
192	-233.2411	-347.2639	114.0227	1.178641	5.418625	0.6950335	0.9317527
198	-230.4016	-344.4045	114.0029	1.036306	5.792189	0.6950335	1.001002
204	-225.2879	-338.6937	113.4057	0.9919269	2.899284	2.158087	1.340659
210	-235.3374	-348.0962	112.7587	0.8375578	7.875237	2.158087	0.767423
216	-230.6237	-344.2939	113.6702	0.792505	3.526307	2.249107	1.02078
222	-241.314	-354.894	113.5799	1.598486	2.132732	2.682865	0.3948637
228	-235.0692	-348.4405	113.3713	1.598486	2.22088	3.079648	0.4271832
234	-233.0515	-346.5044	113.4529	0.4895315	3.216101	2.784227	1.349197
240	-226.7162	-339.4406	112.7245	0.5371807	4.949275	2.34355	1.587034
246	-222.1613	-334.6022	112.4409	0.9477921	4.949275	3.045955	1.234729
252	-230.6617	-343.5708	112.9091	0.4553161	4.949275	3.045955	1.254978
258	-234.0286	-346.8539	112.8253	0.8861259	3.840655	3.045955	1.254978
264	-232.4756	-346.3244	113.8487	0.7122616	3.840655	1.924295	0.9939884
270	-227.4657	-341.0313	113.5656	0.6961062	3.068499	2.866645	1.09875
276	-232.9678	-346.9792	114.0115	0.5113865	3.068499	2.088689	1.210173
282	-228.3567	-341.2513	112.8946	0.7297709	2.738272	4.397533	1.286747
288	-239.6698	-351.0518	111.3821	0.6197329	2.5931	6.259603	2.135546
294	-230.213	-342.983	112.77	0.972622	4.999264	2.648251	1.065015
300	-239.6983	-352.5912	112.8928	0.8440824	4.999264	2.648251	1.070365
306	-230.0248	-343.0859	113.0611	0.5893901	5.519519	2.648251	1.018947
312	-230.8299	-343.865	113.0351	0.2347758	4.549944	2.572647	1.582993
318	-225.9388	-338.6362	112.6974	0.4567192	4.549944	3.204382	1.462556
324	-238.6716	-351.9712	113.2996	0.9442701	5.926593	1.928405	0.5824414
330	-234.5173	-348.22	113.7028	1.082594	6.145426	1.03797	0.7451917
336	-233.267	-346.897	113.63	0.89585	3.961171	2.39157	0.6459107
342	-232.1651	-344.8219	112.6568	1.207516	2.543551	5.553985	0.8299504
348	-240.1746	-353.2866	113.1119	0.768266	7.745662	1.491836	0.9632313
354	-232.8252	-345.7116	112.8864	0.277748	6.406948	2.112486	1.477457
360	-231.5902	-344.6889	113.0987	0.7475262	6.406948	1.881968	1.017821
366	-242.3479	-355.3287	112.9808	1.102134	4.74035	2.695091	0.7368697
372	-232.3001	-344.5674	112.2673	0.7811814	5.972563	3.633472	1.097492
378	-221.5053	-334.8448	113.3395	1.031843	5.41697	1.148811	1.249536
384	-223.299	-336.7373	113.4384	0.6177333	6.672356	1.449358	1.041582
390	-222.0109	-335.2502	113.2393	0.7233327	6.672356	1.741254	0.9284398
396	-235.5267	-348.7076	113.1809	0.8327353	6.672356	1.404008	1.113525
402	-235.4902	-348.6496	113.1594	0.6011253	6.672356	1.404008	1.328186
408	-235.4	-348.0079	112.6079	0.8436224	6.672356	2.205589	1.15523
414	-221.7089	-334.5478	112.839	0.3762678	6.672356	2.157633	1.372753
420	-228.7699	-341.753	112.9832	0.6560148	6.672356	1.490465	1.372753
426	-234.4608	-346.0562	111.5954	0.3908232	4.223148	4.921857	1.95373
432	-227.3697	-339.6779	112.3083	0.6262411	4.476885	3.778631	1.48198
438	-235.07	-347.2999	112.2299	0.5403909	2.563901	3.778631	2.10275
444	-233.0766	-346.0183	112.9417	0.522648	4.546165	2.62055	1.420878
450	-223.3856	-336.8911	113.5054	0.4233721	4.546165	1.501072	1.562407
456	-230.0605	-342.9967	112.9363	0.6049738	5.669413	1.608991	1.562407
462	-232.2038	-346.0847	113.881	0.8348535	2.2374	2.413032	1.231737
468	-232.4612	-345.7803	113.3191	1.37469	5.015915	1.383497	0.8539839
474	-231.4093	-344.2135	112.8042	0.8238428	2.302366	6.131877	1.059835
480	-233.1127	-345.8195	112.7068	1.109887	2.302366	6.131877	0.8625844
486	-232.228	-346.6309	114.4029	0.4571692	2.294857	1.572092	1.489169
492	-238.9315	-351.6003	112.6689	0.6958416	3.590012	4.182302	1.270218
498	-235.6809	-347.9379	112.257	0.6105475	2.518589	3.454551	2.130999
504	-230.9011	-342.241	111.34	0.2635718	2.695577	5.957871	2.406097
510	-235.1648	-347.3283	112.1635	0.4338819	2.241624	6.994677	1.743398
516	-232.3102	-343.8235	111.5133	0.6541581	2.653031	5.059815	2.207451
522	-239.4734	-351.3167	111.8433	0.238636	4.116791	4.668931	1.961989
528	-236.7402	-349.5909	112.8507	0.4326754	4.229479	1.751422	1.961989
534	-221.4745	-335.5792	114.1047	1.134763	2.966811	1.316912	1.073026
540	-221.2696	-334.6351	113.3654	0.8494746	5.09963	1.33719	1.316586
546	-229.5542	-343.4012	113.847	1.083832	5.09963	0.9734686	0.9696961
552	-229.1919	-342.5904	113.3985	0.3163394	5.09963	1.574414	1.563242
558	-226.4352	-339.1259	112.6908	0.3158934	5.09963	2.435269	1.706423
564	-232.6556	-345.4792	112.8236	0.3946961	5.09963	2.041712	1.706423
570	-229.2244	-341.4332	112.2088	0.4697324	5.09963	4.172043	1.437589
576	-227.9801	-340.9273	112.9473	0.4404547	5.09963	2.141116	1.543305
582	-222.7262	-335.948	113.2217	0.4539251	6.154216	2.141116	1.091837
588	-228.0952	-341.8243	113.7291	0.767774	3.188107	2.141116	1.164737
594	-229.17	-342.368	113.198	0.6980789	4.236691	2.141116	1.350802
600	-227.4061	-339.9324	112.5263	1.047377	2.80422	4.212224	1.350802
606	-237.6113	-350.9594	113.3482	0.8561724	3.555085	2.820538	0.989925
612	-241.4901	-354.751	113.2608	0.9687421	7.7894	0.6537201	1.372623
618	-231.8888	-345.6836	113.7949	0.9241147	4.978834	0.6537201	1.497612
624	-226.2949	-339.3206	113.0257	0.5783441	4.978834	1.830836	1.543798
630	-224.781	-337.901	113.12	0.6155193	7.338885	0.8229341	1.650497
636	-233.2153	-346.6485	113.4332	0.1477452	8.129285	0.8229341	1.650497
642	-241.0748	-353.9763	112.9015	0.08887633	8.129285	2.044396	1.366986
648	-236.0378	-348.6358	112.598	0.04448983	12.64326	2.044396	1.069512
654	-240.9111	-354.0353	113.1242	1.185329	3.204722	3.497585	0.6757435
660	-240.1454	-353.0639	112.9186	0.1741357	8.749672	2.170354	1.127849
666	-228.0224	-340.5404	112.518	0.5633693	6.923477	1.918318	1.538626
672	-232.328	-344.94	112.612	0.9213091	8.938786	1.918318	0.7782063
678	-230.5965	-344.1295	113.5331	0.9650948	4.452585	1.918318	0.8471373
684	-235.4845	-347.5934	112.1089	0.9441213	1.934972	6.405097	1.635711
690	-232.6242	-346.2622	113.638	0.6690275	4.225572	1.149273	1.567718
696	-224.4155	-337.3373	112.9217	0.7252329	4.213629	1.834464	1.678032
702	-225.1729	-338.2043	113.0313	0.59572	4.213629	1.866462	1.678032
708	-220.4836	-333.9582	113.4747	0.7440204	4.213629	1.437398	1.458987
714	-238.7484	-350.6584	111.91	0.6912219	4.544958	4.488454	1.541338
720	-236.4906	-348.7896	112.299	0.4960139	4.544958	4.278833	1.444861
726	-237.3358	-349.8641	112.5284	0.4539938	2.718727	3.446269	1.994694
732	-235.3457	-347.3606	112.0149	0.1811728	5.07226	3.33743	1.994694
738	-235.1471	-347.3562	112.2091	0.2764908	5.07226	3.119441	1.858138
744	-231.9532	-344.2078	112.2545	0.111303	5.07226	2.776526	2.038221
750	-231.0915	-344.0134	112.9219	0.3691065	2.514218	2.776526	2.038221
756	-234.7377	-347.9831	113.2454	0.6278706	2.035638	3.047031	1.73469
762	-234.714	-347.6103	112.8963	1.149715	5.220641	2.18583	0.9343819
768	-230.817	-343.5456	112.7286	0.5780235	2.232627	2.983678	2.063219
774	-230.4249	-343.1182	112.6933	0.5780235	3.661416	2.978893	1.661232
780	-227.5198	-340.7096	113.1898	0.6937486	3.661416	2.686889	1.295966
786	-238.1524	-351.3142	113.1618	0.6163431	3.377753	2.686889	1.461933
792	-233.4713	-346.4274	112.9561	0.6640356	3.335227	3.084451	1.461933
798	-229.7479	-342.7876	113.0397	0.7446722	3.797577	2.27949	1.492812
804	-242.3355	-354.7186	112.3831	0.6328983	3.797577	4.528283	1.402475
810	-236.7911	-349.4382	112.6471	0.7628903	3.797577	4.528283	1.07034
816	-230.6048	-344.1775	113.5727	0.8527736	3.797577	1.985847	1.102865
822	-227.2045	-340.2337	113.0292	0.8527736	3.822094	3.072029	1.102865
828	-227.0424	-340.8553	113.8129	0.9813523	3.48198	1.231603	1.338088
834	-226.9341	-339.4718	112.5377	0.8853234	5.206444	2.955312	1.177458
840	-227.708	-340.4448	112.7368	0.704479	5.206444	2.955312	1.161506
846	-234.4209	-346.1788	111.7579	0.691095	4.499244	2.955312	2.041336
852	-230.7215	-342.7086	111.987	0.4620002	4.499244	2.955312	2.041336
858	-237.041	-348.9847	111.9436	0.7301951	3.957161	3.47353	1.867414
864	-241.2471	-354.3113	113.0643	0.7069197	4.748419	2.028927	1.375896
870	-243.4179	-357.1121	113.6942	0.8486158	2.768687	1.930122	1.375896
876	-238.2429	-351.2007	112.9579	0.8486158	4.27442	3.165182	0.9940166
882	-234.4974	-347.7396	113.2422	0.9360043	4.27442	2.685282	0.810001
888	-232.7191	-344.9974	112.2783	1.052378	4.27442	4.804648	0.9057088
894	-227.7129	-340.1822	112.4693	0.8613566	4.27442	4.804648	0.9057088
900	-224.2245	-337.1376	112.9132	1.202591	2.897665	3.41151	1.094394
906	-234.9493	-347.4443	112.495	1.081401	5.54948	3.41151	0.7099924
912	-231.0588	-343.8106	112.7518	1.139031	5.54948	2.666429	0.7099924
918	-222.084	-335.3779	113.2939	1.07496	4.32194	2.211002	0.8500497
924	-222.154	-334.5617	112.4078	1.497867	4.32194	3.604795	0.5980803
930	-227.3088	-340.6792	113.3704	1.204465	5.343693	1.598167	0.6627766
936	-230.3993	-343.8517	113.4524	1.108279	4.278372	1.793067	0.9274294
942	-227.817	-341.0851	113.2681	0.5166033	5.768538	1.793067	1.258891
948	-227.6803	-340.7336	113.0533	0.53554	7.62312	1.793067	1.070462
954	-224.9944	-337.9029	112.9085	1.024698	5.422942	2.455322	0.8405913
960	-231.5888	-345.97	114.3812	0.5672216	3.949524	1.353543	0.9623099
966	-235.7444	-347.9156	112.1713	0.7978085	6.863237	3.712597	0.9478853
972	-228.3532	-340.3432	111.99	0.7525825	6.079869	5.110606	0.912261
978	-229.1217	-341.6205	112.4987	1.087469	6.079869	3.092203	0.6853007
984	-236.3603	-349.451	113.0907	0.6295667	2.013564	2.017034	2.186373
990	-232.9311	-346.0304	113.0994	0.2368268	1.52945	3.532153	2.186373
996	-231.4189	-343.7445	112.3256	0.1336649	2.784678	3.532153	2.295265
1002	-221.9358	-334.6064	112.6706	0.09877054	3.181608	3.449499	2.002779
1008	-219.4243	-331.1426	111.7183	0.498043	4.188326	2.956921	2.256386
1014	-224.7688	-337.4891	112.7203	0.4690215	2.167162	2.666668	2.25478
1020	-228.9142	-341.5312	112.6171	0.4593287	2.60498	2.877844	2.120936
1026	-232.604	-344.9658	112.3617	0.3965431	2.821473	2.877844	2.262414
1032	-234.6614	-346.5314	111.87	0.4520195	4.036498	3.877789	1.988423
1038	-235.6769	-347.6601	111.9832	0.7815511	4.036498	5.423677	1.336896
1044	-238.2198	-351.6248	113.405	1.037467	4.665456	1.795481	0.9248306
1050	-226.6118	-340.0658	113.454	0.8726676	4.665456	1.449405	1.255429
1056	-229.4324	-343.1932	113.7609	0.9376166	3.799581	1.449405	1.176663
1062	-236.5542	-350.3353	113.7811	0.7810448	3.815955	1.676472	1.149372
1068	-227.0076	-340.558	113.5504	0.9706432	3.598401	1.676472	1.251411
1074	-229.8111	-342.3026	112.4915	0.735184	4.606416	4.385207	1.037269
1080	-240.909	-353.5668	112.6579	0.7445872	3.581778	4.385207	1.186445
1086	-233.9242	-348.1635	114.2393	0.8909844	3.581778	1.045449	1.168083
1092	-229.6985	-342.9873	113.2888	0.6762694	2.710757	4.012297	1.112012
1098	-236.8486	-348.6314	111.7829	0.6917026	5.223429	3.830122	1.648734
1104	-238.2234	-350.9652	112.7418	0.148966	3.7346	2.1267	2.182106
1110	-232.9613	-345.9207	112.9594	0.860305	3.547484	2.1267	1.594915
1116	-233.5191	-346.9293	113.4102	1.099623	3.547484	2.1267	1.032352
1122	-240.805	-353.2629	112.4579	1.393703	1.837773	6.583509	1.000164
1128	-239.1897	-352.353	113.1633	1.239783	2.355381	2.661097	1.338258
1134	-225.6698	-338.119	112.4492	0.9432015	2.355381	5.455105	1.379988
1140	-241.4735	-354.2624	112.7889	0.7227917	3.910373	2.666198	1.523842
1146	-238.9631	-351.2265	112.2634	0.3239878	3.910373	3.920731	1.827503
1152	-236.8175	-350.173	113.3556	0.5085879	5.170322	1.686388	1.376854
1158	-244.5012	-357.4381	112.9369	0.8110899	5.610603	1.686388	1.376854
1164	-232.2275	-345.6674	113.4398	1.067997	4.65809	1.686388	0.9337318
1170	-229.3771	-343.5881	114.211	1.163597	3.074088	1.267199	0.9337318
1176	-240.2086	-351.9777	111.7691	1.123484	3.074088	9.554883	0.7193053
1182	-240.5536	-353.8356	113.2819	1.20114	3.496369	2.542387	0.8500029
1188	-243.8789	-356.849	112.9701	1.20114	4.786443	2.542387	0.6874261
1194	-243.0312	-355.9473	112.9161	1.20114	3.109039	4.178469	0.6634919
1200	-235.9352	-348.8348	112.8996	0.9766983	3.95805	3.755847	0.7741729
1206	-244.7409	-358.144	113.4031	1.014019	4.733312	2.096215	0.6928387
1212	-246.7317	-359.5193	112.7876	1.239425	5.452994	2.515957	0.6328741
1218	-239.9437	-352.3274	112.3837	1.220409	4.138966	4.724749	0.5778295
1224	-236.258	-349.6725	113.4145	0.9559368	5.422824	1.711097	0.826482
1230	-238.026	-351.6209	113.5948	0.9263957	4.467299	1.711097	0.9631808
1236	-235.7319	-348.397	112.6652	0.5493313	3.376526	3.901002	1.523391
1242	-232.7912	-345.3429	112.5517	0.7597204	3.13292	3.901002	1.523391
1248	-233.6503	-346.2252	112.5749	0.6543566	3.13292	4.146134	1.523391
1254	-231.3832	-344.5529	113.1697	0.5740247	2.973789	2.00142	1.859754
1260	-228.1541	-342.5044	114.3503	0.904948	3.096107	1.187404	1.109027
1266	-228.7595	-342.5729	113.8134	0.7271055	5.962965	1.187404	0.932708
1272	-221.4213	-334.6953	113.274	0.5313687	7.364447	1.053461	1.414579
1278	-224.9217	-338.733	113.8112	0.2087846	5.93636	1.164432	1.414579
1284	-223.5714	-336.8294	113.258	0.5129258	6.860724	1.575026	1.18021
1290	-228.838	-342.4638	113.6259	0.4257759	4.966463	1.575026	1.333832
1296	-233.538	-346.2981	112.7601	0.5505641	6.930562	1.608951	1.51618
1302	-230.7808	-343.2902	112.5093	0.2129384	6.930562	3.263297	1.310686
1308	-234.8743	-347.4458	112.5714	0.4516376	5.909511	3.263297	1.255409
1314	-237.095	-350.544	113.449	0.5617197	4.325536	1.502464	1.551636
1320	-239.7624	-353.186	113.4236	0.2560231	6.241624	1.435549	1.449044
1326	-235.0783	-348.6095	113.5312	0.1479924	6.881668	1.435549	1.337408
1332	-223.5248	-336.6574	113.1326	0.4181566	6.881668	1.634051	1.325517
1338	-228.8752	-341.5912	112.716	0.265585	6.211418	1.634051	1.852838
1344	-227.0634	-340.6625	113.5991	0.8490471	5.875406	1.211491	1.027404
1350	-234.9755	-347.749	112.7735	0.2647692	4.328585	2.362276	1.868071
1356	-231.2937	-344.3465	113.0528	0.4831048	4.328585	2.362276	1.514261
1362	-230.1331	-343.6599	113.5268	0.6108902	2.513657	2.946585	1.383877
1368	-232.15	-345.9697	113.8197	0.7258807	4.752155	1.390287	1.081048
1374	-225.64	-338.6084	112.9684	0.7197128	4.69068	1.390287	1.763519
1380	-226.652	-338.7156	112.0636	1.054116	5.763084	3.528159	1.116658
1386	-231.829	-344.384	112.555	0.6398828	5.763084	2.858858	1.283107
1392	-233.8257	-346.8381	113.0124	0.3993222	6.443992	2.265929	1.206001
1398	-238.6283	-351.4293	112.8009	0.4072758	6.443992	2.265929	1.372389
1404	-236.1763	-349.1217	112.9453	0.6512546	6.443992	2.265929	1.039118
1410	-245.5356	-358.9664	113.4309	0.07325605	3.06677	2.615263	1.775215
1416	-238.5324	-351.8262	113.2937	0.09491766	4.768578	2.615263	1.430159
1422	-231.5982	-344.5057	112.9075	0.1321239	4.095626	3.385046	1.601383
1428	-226.4492	-339.0664	112.6173	0.8332229	4.095626	3.385046	1.286441
1434	-226.7406	-339.5027	112.7621	1.046575	4.112522	3.741685	0.8028257
1440	-221.0486	-333.5744	112.5258	0.7085953	3.706252	4.815608	1.180858
1446	-219.6416	-332.444	112.8025	0.8484561	3.706252	3.618939	1.155669
1452	-221.4971	-334.4221	112.925	0.8484561	6.131781	2.144616	1.001364
1458	-244.9498	-358.5075	113.5578	0.4792585	5.319293	1.045432	1.602116
1464	-243.3783	-356.3822	113.0039	0.9787582	2.309633	3.466393	1.421647
1470	-240.5714	-352.3727	111.8013	0.8611023	2.309633	8.836825	1.409383
1476	-240.3856	-353.2183	112.8326	0.8237922	2.309633	3.066312	1.77527
1482	-237.2069	-350.1477	112.9408	0.8341449	1.808092	5.132446	1.392603
1488	-242.5653	-355.5754	113.0101	0.9330959	2.975854	3.216827	1.280481
1494	-237.0497	-349.5582	112.5085	1.076905	3.978432	3.996689	1.005059
1500	-245.3627	-358.6544	113.2918	0.7414973	3.978432	2.920519	0.9666842
1506	-243.8605	-356.7182	112.8577	0.5390512	2.691692	3.618404	1.674036
1512	-235.3657	-348.6309	113.2652	0.8764705	2.416031	3.618404	1.203078
1518	-231.7179	-345.4379	113.72	0.7253465	2.555605	2.591899	1.248998
1524	-228.4391	-341.8005	113.3614	0.5899224	2.726262	2.485024	1.608169
1530	-228.0692	-341.3904	113.3212	0.4355918	4.109477	1.416442	1.827508
1536	-232.1219	-345.3771	113.2552	0.5871837	3.856229	1.416442	1.827508
1542	-225.0772	-337.7713	112.6941	0.5892784	3.443052	4.863213	1.210446
1548	-227.1852	-339.6556	112.4704	0.9232269	3.013277	4.863213	1.262516
1554	-223.4637	-335.9625	112.4988	0.9060645	5.188872	3.435046	1.020245
1560	-220.4149	-334.0081	113.5931	0.8477183	5.188872	1.625236	0.8867997
1566	-225.7158	-339.3309	113.6151	0.8189637	2.45107	3.145295	1.090144
1572	-227.5057	-340.5236	113.0179	0.8391623	3.639783	4.036376	0.8203781
1578	-226.0834	-339.826	113.7426	1.36065	3.639783	1.356367	0.9106139
1584	-235.9061	-347.4259	111.5199	1.55984	3.706218	7.426244	0.6331131
1590	-228.2975	-340.3593	112.0618	1.207074	2.728099	7.426244	0.9263382
1596	-229.7362	-341.3463	111.61	0.2525251	2.832464	6.415965	2.130884
1602	-226.15	-338.2823	112.1323	0.2000134	2.832464	7.439078	1.662037
1608	-225.4421	-337.5722	112.1301	0.6704569	4.740496	3.396674	1.62613
1614	-233.8006	-347.1745	113.3739	0.1003758	4.068226	2.205683	1.680733
1620	-246.1774	-359.041	112.8636	0.1792622	3.332841	2.269541	2.129938
1626	-251.791	-364.7579	112.9669	0.07786323	5.801966	2.269541	1.608871
1632	-239.4753	-351.725	112.2496	0.144832	5.445852	2.762577	1.956254
1638	-235.7067	-349.2287	113.522	0.7264703	5.445852	1.669177	0.9875091
1644	-237.0328	-350.0114	112.9786	0.7294057	6.560934	2.07517	1.00697
1650	-229.3459	-342.6134	113.2674	1.608814	2.98283	2.491546	0.4451814
1656	-224.386	-337.4228	113.0368	1.458078	2.766791	3.466298	0.70036
1662	-226.8229	-338.0035	111.1806	1.445248	2.766791	11.20858	0.9111626
1668	-226.4399	-337.491	111.0511	1.714682	2.641494	11.20858	0.81345
1674	-230.6488	-342.0748	111.426	1.476495	2.641494	11.20858	0.5429675
1680	-223.456	-335.8216	112.3656	1.002133	3.350553	5.795197	0.9299903
1686	-231.8983	-344.8197	112.9215	1.29382	3.350553	3.357926	0.8132725
1692	-235.0805	-347.9537	112.8732	1.182146	3.227777	3.931029	0.8132725
1698	-229.9202	-342.7613	112.8411	0.8676209	3.564352	4.610331	0.8132725
1704	-244.894	-357.1149	112.2209	1.216285	3.564352	5.864519	0.7140981
1710	-229.9763	-343.1038	113.1275	0.9159063	2.28141	3.685857	1.321807
1716	-238.9138	-351.6032	112.6893	0.9206151	2.782175	3.685857	1.469315
1722	-232.8526	-345.8648	113.0122	0.9611759	4.447754	3.112571	0.7597777
1728	-232.7249	-345.3627	112.6378	0.7876989	4.447754	3.769681	1.088088
1734	-226.827	-340.0432	113.2162	1.06594	2.289475	3.769681	1.088088
1740	-241.5043	-354.7071	113.2028	0.9429029	2.289475	3.769681	1.20898
1746	-233.6556	-346.2868	112.6311	1.158081	2.39486	3.769681	1.451292
1752	-230.5981	-343.5806	112.9825	0.8661751	2.39486	4.214441	1.286148
1758	-225.3959	-337.7253	112.3295	0.6888312	3.051445	4.319138	1.661294
1764	-226.2595	-338.9727	112.7133	0.7532568	3.18519	2.585507	1.777374
1770	-237.1237	-350.1628	113.0391	0.4493924	4.586366	2.585507	1.405688
1776	-232.5521	-345.6371	113.085	0.7390653	5.387232	2.254017	1.074631
1782	-230.8654	-344.3497	113.4843	0.8626011	4.518796	1.695015	1.125849
1788	-233.2981	-345.669	112.3708	0.9606133	4.518796	2.677445	1.507817
1794	-225.5414	-338.0771	112.5357	0.6506103	4.518796	3.819402	1.26226
1800	-235.047	-348.6068	113.5598	0.5569766	5.261919	1.573628	1.214032
1806	-231.7263	-344.0184	112.2921	0.4899962	5.261919	3.46392	1.513444
1812	-228.6045	-341.0421	112.4376	0.6011172	5.260848	3.46392	1.314998
1818	-231.6879	-344.1481	112.4603	0.9963825	4.190642	3.46392	1.230559
1824	-236.0181	-348.321	112.3029	0.9963825	5.126956	3.46392	1.124832
1830	-230.5026	-342.9701	112.4675	0.4231392	5.892973	2.858967	1.495884
1836	-224.3959	-336.2246	111.8287	1.052411	4.539042	5.463952	1.092607
1842	-228.1929	-341.7632	113.5703	0.8865528	5.228355	1.649089	0.8354822
1848	-237.7463	-350.2387	112.4924	0.9056988	10.53078	1.649089	0.8449967
1854	-233.1437	-346.2059	113.0622	0.9599902	5.393922	2.202326	0.899842
1860	-255.2222	-368.6584	113.4363	1.008896	4.918088	1.992483	0.6506119
1866	-254.6886	-367.0222	112.3335	0.9260799	4.554448	4.509474	0.9821466
1872	-238.1592	-351.4922	113.3331	0.9038083	6.484332	1.497044	0.8568045
1878	-229.6177	-343.2193	113.6017	0.8416205	5.884286	1.497044	0.7724338
1884	-239.3128	-352.4068	113.0941	0.9477437	7.814368	1.497044	0.7461667
1890	-231.2321	-344.5816	113.3495	1.053942	3.902873	2.531744	0.7700324
1896	-231.7829	-345.8165	114.0336	1.244014	5.423614	0.7698553	0.7098936
1902	-229.4746	-343.529	114.0544	1.164394	5.423614	0.7698553	0.7974352
1908	-233.1256	-346.239	113.1134	0.7374995	7.353819	0.7698553	1.610483
1914	-227.4394	-340.9203	113.4809	0.6519182	4.624831	1.433471	1.429285
1920	-215.4113	-328.7877	113.3764	0.6325378	2.586583	2.343735	1.665247
1926	-222.3906	-334.8729	112.4823	0.5302261	8.233226	2.910083	0.9465915
1932	-216.468	-329.2713	112.8033	0.6269386	5.095879	2.910083	1.214065
1938	-223.6842	-336.9921	113.3079	0.6665928	4.100444	2.205327	1.295095
1944	-224.2454	-338.5566	114.3112	0.7009833	4.100444	1.134413	1.034255
1950	-221.9317	-334.1373	112.2056	0.8581363	3.731116	3.824359	1.557267
1956	-212.3031	-324.1411	111.838	0.7618081	4.304359	3.824359	1.751837
1962	-212.4298	-326.0183	113.5885	0.8905204	1.759012	3.824359	1.171889
1968	-226.4425	-339.4166	112.9741	0.3511856	1.446268	3.824359	2.164947
1974	-223.3998	-336.3288	112.9291	0.4773435	2.82355	3.824359	1.570577
1980	-223.9437	-336.4527	112.509	1.071346	2.82355	3.824359	1.440294
1986	-226.8176	-339.5034	112.6858	0.7891751	2.846572	3.824359	1.512269
1992	-227.0569	-339.3327	112.2757	0.6079858	2.846572	3.824359	1.929791
1998	-228.436	-340.3269	111.891	0.3967926	3.395473	3.824359	2.174241
2004	-223.8491	-336.0224	112.1733	0.3125752	2.79446	3.824359	2.207604
2010	-229.4647	-341.6089	112.1442	0.4313163	2.79446	5.942173	1.736354
2016	-231.0475	-343.7296	112.6822	0.905627	1.791211	5.942173	1.383894
2022	-247.2118	-359.65	112.4381	0.7896748	1.545188	8.461698	1.383894
2028	-240.762	-353.0151	112.2531	1.596983	1.598092	8.970035	0.5053962
2034	-248.0604	-359.0183	110.9579	1.419292	2.844558	13.38893	0.8220862
2040	-234.1434	-348.2913	114.1479	1.419292	1.542713	2.702081	0.4903389
2046	-245.1653	-359.2837	114.1183	1.386612	1.542713	2.79954	0.6010907
2052	-242.0964	-355.3599	113.2635	1.228039	2.41309	1.837207	1.586293
2058	-228.3135	-342.3632	114.0497	0.8686536	2.41309	1.096537	1.68315
2064	-235.8973	-347.7739	111.8766	0.5956788	1.831761	5.066158	2.295552
2070	-231.8814	-344.6095	112.7282	0.6920641	4.160463	1.439414	2.031608
2076	-234.7769	-348.4483	113.6714	0.204487	4.160463	1.778378	1.550533
2082	-231.8963	-343.9923	112.096	0.7811118	5.168782	3.158846	1.550533
2088	-231.1578	-344.6325	113.4747	1.013278	4.742516	1.694828	0.9221492
2094	-236.3938	-349.761	113.3672	0.8114455	4.030491	2.09509	1.194935
2100	-240.7531	-353.6677	112.9146	0.7726408	6.641512	2.581777	0.6796847
2106	-242.5163	-355.8458	113.3295	1.301987	4.214404	2.088955	0.5692512
2112	-239.4602	-352.9267	113.4666	0.9638103	2.680159	3.189058	0.9690497
2118	-229.4797	-341.8393	112.3595	0.6139964	3.849831	4.262045	1.484522
2124	-235.7411	-348.3606	112.6195	0.6794273	3.27851	4.262045	1.397362
2130	-232.85	-345.6756	112.8255	0.5354496	4.262518	4.262045	1.047939
2136	-227.1693	-341.1169	113.9476	0.7123544	3.020521	2.060295	1.12195
2142	-226.7678	-339.4561	112.6883	0.420247	5.296743	2.060295	1.738488
2148	-233.9156	-347.085	113.1694	0.3491554	3.934828	2.060295	1.738488
2154	-232.4046	-343.541	111.1363	0.7252989	3.263366	6.572907	1.988563
2160	-233.996	-346.4335	112.4375	0.3383718	2.060782	4.281467	2.16145
2166	-227.164	-339.1158	111.9518	0.05554535	3.797718	4.281467	2.16145
2172	-226.7466	-339.9551	113.2085	0.1645952	4.324855	2.304566	1.655959
2178	-232.506	-345.6751	113.1691	0.5600149	4.512032	1.067787	1.961538
2184	-247.047	-359.5194	112.4725	1.191678	5.95517	3.102578	0.5407105
2190	-231.0339	-344.1465	113.1126	1.462768	3.053668	3.102578	0.4687711
2196	-235.5907	-349.7789	114.1882	1.348725	4.251172	0.853819	0.6770116
2202	-228.1795	-341.6836	113.5042	0.8953822	6.975161	1.026685	0.9951702
2208	-228.9635	-341.4214	112.4579	0.9567811	6.732573	2.75769	0.9117701
2214	-227.1163	-339.5649	112.4487	1.15656	4.614423	3.830683	0.8218153
2220	-231.6975	-343.4698	111.7723	1.111252	4.614423	6.804687	0.6931762
2226	-226.9614	-340.1149	113.1535	0.9801614	5.701571	2.012808	0.7974666
2232	-230.4997	-343.6531	113.1533	0.9716114	5.701571	2.012808	0.8089911
2238	-233.6185	-346.2236	112.6051	1.109295	5.701571	2.638698	0.9087822
2244	-231.2632	-344.0051	112.7419	1.105117	5.701571	2.638698	0.7391895
2250	-237.5394	-350.1957	112.6563	0.7066952	7.4198	2.09033	1.150376
2256	-235.2206	-347.4448	112.2242	0.4156925	7.4198	3.716918	1.150376
2262	-233.112	-345.094	111.9819	0.570209	8.347523	3.66943	1.083549
2268	-225.3309	-338.3299	112.999	0.5356331	6.25111	2.058984	1.236249
2274	-236.2277	-349.4055	113.1778	0.5132727	4.468719	1.520546	1.739751
2280	-234.0618	-346.6811	112.6193	0.7809769	4.468719	2.371823	1.578619
2286	-239.8097	-352.3865	112.5767	0.5789259	4.468719	2.474033	1.717242
2292	-242.3016	-355.6413	113.3398	0.2266212	2.505918	2.361076	1.99088
2298	-226.4159	-339.4101	112.9943	0.6347365	5.168925	2.689061	1.109087
2304	-217.6575	-330.2586	112.6011	0.9443259	5.168925	2.689061	1.183221
2310	-224.167	-337.4088	113.2418	0.5158725	6.478183	1.027918	1.610854
2316	-224.9903	-338.0007	113.0105	0.8018663	4.102563	2.571979	1.274008
2322	-226.3536	-339.68	113.3264	0.7156554	4.102563	2.571979	1.073549
2328	-239.4943	-352.4651	112.9708	0.5610051	4.102563	1.754723	1.819758
2334	-227.9414	-341.2433	113.3019	0.3467267	4.553826	1.947054	1.549774
2340	-224.8365	-338.3292	113.4926	0.546347	2.691737	1.895733	1.786443
2346	-232.0835	-345.1902	113.1067	0.2278235	2.691737	4.003001	1.621991
2352	-229.6962	-341.5191	111.8229	0.6477039	3.483624	6.160238	1.571067
2358	-230.508	-343.4652	112.9572	0.7299884	1.972952	6.160238	1.166818
2364	-235.0646	-346.5212	111.4566	0.8479474	1.972952	9.766763	1.696961
2370	-231.5347	-343.0182	111.4835	0.711146	7.498838	5.139187	1.137817
2376	-233.7511	-346.3354	112.5842	0.4688569	4.7482	5.139187	0.9476844
2382	-232.8353	-345.8874	113.0521	0.6911589	3.290216	3.585426	1.221476
2388	-231.3609	-343.9559	112.5951	0.6692323	3.290216	4.857376	1.27729
2394	-236.8904	-349.612	112.7216	0.968174	2.610136	5.552247	0.9893377
2400	-244.2036	-357.1694	112.9658	1.253972	3.021053	3.756785	0.7881645
2406	-234.942	-348.5613	113.6192	1.07942	3.021053	2.587581	0.7881645
2412	-235.272	-348.3268	113.0548	0.9046925	3.465865	2.993492	1.178557
2418	-238.5334	-352.0972	113.5639	1.185953	3.465865	2.318835	0.6242991
2424	-227.4981	-340.8458	113.3477	0.8662175	2.310958	4.097803	1.036039
2430	-232.2759	-345.9821	113.7062	1.075637	1.585883	3.883484	0.978511
2436	-237.0454	-348.5887	111.5432	1.319578	2.809554	9.156699	0.9781596
2442	-233.116	-344.7333	111.6173	1.213621	2.881498	9.156699	0.9781596
2448	-235.1107	-346.4824	111.3717	0.6686936	4.779544	9.156699	1.092915
2454	-235.7972	-347.0696	111.2724	0.8267844	5.114784	9.156699	0.9415883
2460	-230.6945	-342.5619	111.8674	0.8670757	3.576812	7.629472	1.072434
2466	-228.9849	-341.2098	112.2249	1.159201	3.576812	5.992934	0.741623
2472	-232.5208	-344.8405	112.3197	1.353706	5.074202	3.486194	0.7125923
2478	-231.0579	-343.2348	112.1769	1.530283	5.132957	3.486194	0.4046474
2484	-237.0537	-350.9503	113.8966	1.530283	3.759696	1.169178	0.4260555
2490	-231.9351	-344.2213	112.2862	1.530283	5.126822	3.160408	0.3703758
2496	-239.411	-352.2535	112.8425	1.67221	5.126822	1.779718	0.3703758
2502	-243.2557	-355.9593	112.7035	0.6265435	6.221251	2.321388	1.292602
2508	-231.9471	-345.4373	113.4902	0.672298	6.221251	1.122798	1.276973
2514	-234.1685	-348.0522	113.8836	0.8373254	2.706955	1.954941	1.242496
2520	-234.2564	-348.073	113.8166	0.7980027	5.747084	0.951374	1.131203
2526	-241.5094	-355.8087	114.2993	0.5329403	4.409512	0.937627	1.275594
2532	-234.6509	-349.1818	114.5308	0.8267807	2.805968	0.937627	1.331414
2538	-234.9336	-347.7555	112.8218	0.910983	4.112902	2.382766	1.409454
2544	-228.377	-341.4141	113.0371	0.3159112	5.192993	2.923784	1.251651
2550	-237.109	-349.5365	112.4275	0.5514747	6.538429	2.923784	1.286385
2556	-234.5344	-348.9148	114.3804	0.9042479	3.271449	0.9311013	1.236263
2562	-237.4979	-350.8169	113.3189	0.4425095	3.271449	3.178419	1.341582
2568	-223.5596	-335.4521	111.8925	0.8917523	3.271449	5.114868	1.596273
2574	-236.5463	-347.9142	111.3679	0.5327533	3.894882	5.114868	2.04762
2580	-239.0474	-350.4898	111.4424	0.4584492	3.894882	3.301877	2.42911
2586	-234.3715	-346.0824	111.7109	0.6160319	2.771647	3.301877	2.43873
2592	-225.3103	-337.9769	112.6666	0.7710671	2.771647	3.119087	1.755863
2598	-226.1992	-339.0022	112.803	0.536744	3.606732	2.575974	1.755863
2604	-232.5733	-344.9198	112.3465	0.73234	3.606732	2.575974	1.934819
2610	-232.8627	-345.2177	112.355	0.5793074	3.248113	4.472049	1.62964
2616	-239.5468	-351.2723	111.7255	0.4415494	5.698895	4.472049	1.62964
2622	-236.2801	-348.8836	112.6035	1.033246	4.443368	2.941022	1.188833
2628	-229.2686	-342.1444	112.8758	1.147196	3.40374	2.941022	1.163403
2634	-224.8449	-336.4566	111.6117	1.322863	5.243236	6.006451	0.5839315
2640	-232.7336	-344.9658	112.2322	1.321199	2.786851	6.006451	0.9281522
2646	-232.4559	-343.8222	111.3663	1.258365	5.568228	6.006451	0.9273953
2652	-226.7782	-338.9907	112.2125	1.107944	2.983064	6.006451	1.075142
2658	-228.8951	-343.4022	114.5071	1.525678	2.983064	0.8358119	0.6597353
2664	-238.2321	-351.6181	113.3859	1.908012	1.865026	2.45352	0.2578336
2670	-238.2441	-351.524	113.2799	0.7618767	2.983064	3.079289	1.242783
2676	-233.0001	-345.7505	112.7504	0.6912783	2.983064	3.720807	1.520107
2682	-229.8978	-342.3882	112.4904	0.6146605	2.912197	5.168252	1.457716
2688	-238.1442	-350.3756	112.2314	1.003103	3.360663	5.168252	1.206296
2694	-227.992	-341.2327	113.2408	0.7215	3.360663	3.005997	1.206296
2700	-227.5998	-341.6729	114.0731	1.556505	3.360663	0.8117843	1.012735
2706	-233.3599	-347.3486	113.9888	1.171254	4.89665	0.8117843	0.9738379
2712	-237.1798	-350.6571	113.4773	0.7849984	4.89665	1.677916	1.111944
2718	-228.2208	-341.7532	113.5324	0.26236	6.081335	1.677916	1.249899
2724	-217.9849	-331.1057	113.1208	0.4755838	6.081335	1.677916	1.408973
2730	-226.8962	-340.065	113.1688	0.3163147	5.910218	1.677916	1.524797
2736	-224.1457	-337.003	112.8573	0.1345004	7.28105	1.74913	1.626958
2742	-236.3993	-349.5725	113.1732	0.3845513	4.924676	1.74913	1.626958
2748	-233.9282	-347.7137	113.7855	0.5899342	2.671437	1.735351	1.626958
2754	-235.7119	-349.1451	113.4332	0.2446963	4.450653	2.012403	1.522802
2760	-246.5116	-358.6384	112.1268	1.596682	4.301518	4.20294	0.4999233
2766	-237.949	-351.64	113.691	1.139969	4.301518	1.702066	0.6033418
2772	-227.6857	-340.7674	113.0817	1.110052	7.002055	1.482965	0.7825
2778	-228.9903	-342.022	113.0317	0.9600891	7.002055	1.786413	0.7699496
2784	-229.5387	-342.5168	112.9781	0.9600891	4.452752	2.850736	0.937782
2790	-233.9179	-346.5429	112.6251	0.4089224	8.648287	2.260432	1.152692
2796	-232.4846	-345.0002	112.5156	1.003215	5.615658	2.260432	1.285529
2802	-231.7791	-345.6306	113.8515	0.913771	4.737045	1.111276	1.100432
2808	-229.1012	-341.956	112.8548	0.9904537	4.305276	3.063939	0.9871382
2814	-235.4544	-348.4389	112.9844	1.171257	3.934209	3.253077	0.6291026
2820	-238.8679	-350.2691	111.4012	0.8120937	3.934209	10.67289	0.9477003
2826	-237.5462	-350.9001	113.3539	0.858247	2.765399	4.032366	0.820828
2832	-238.6775	-351.1137	112.4362	1.197602	3.165458	5.814337	0.6597318
2838	-235.8169	-349.7471	113.9302	1.238557	3.165458	1.771497	0.6597318
2844	-245.4278	-358.6227	113.1949	0.8476241	2.902307	3.374975	1.170759
2850	-240.1436	-353.3896	113.246	0.7965133	2.902307	3.374975	1.170759
2856	-231.2233	-345.1175	113.8942	0.7966862	4.462856	1.022107	1.307505
2862	-228.1569	-341.5615	113.4046	0.649981	4.531099	1.006116	1.776317
2868	-226.5153	-339.5889	113.0736	0.5455455	4.531099	2.104063	1.50902
2874	-229.5607	-343.2289	113.6682	0.9119426	2.077067	2.9615	1.205615
2880	-227.4824	-341.0589	113.5765	0.7640978	1.99071	2.9615	1.438746
2886	-231.8791	-343.9915	112.1124	0.2207781	3.499374	2.525746	2.459717
2892	-230.4896	-343.7697	113.2802	0.4356767	2.79959	2.619301	1.706471
2898	-226.625	-339.4286	112.8036	0.3385503	4.1324	4.225658	1.287002
2904	-236.1255	-348.4493	112.3238	0.759999	4.1324	4.290745	1.317454
2910	-235.656	-348.8913	113.2353	1.133453	2.051718	3.957786	1.068653
2916	-227.464	-341.1827	113.7187	1.151146	3.450125	1.8087	0.8924266
2922	-222.7846	-336.4983	113.7137	1.213901	3.450125	1.976416	0.6653492
2928	-228.1659	-342.6388	114.4729	0.9679817	3.450125	1.109375	0.8456458
2934	-219.7751	-332.2416	112.4665	1.187541	3.450125	5.283055	0.6693019
2940	-227.9431	-341.5543	113.6112	1.197379	2.720697	2.269998	0.9966284
2946	-223.884	-335.759	111.8749	0.7660226	3.728986	7.192091	1.186436
2952	-222.4904	-336.217	113.7267	0.8180526	2.910086	2.496582	1.058358
2958	-230.2103	-343.3031	113.0928	0.7801859	2.910086	3.684858	1.214356
2964	-234.0544	-347.0304	112.976	0.7801859	4.264959	2.761181	1.202807
2970	-238.2269	-351.418	113.191	0.7303329	4.522353	2.261212	1.202807
2976	-227.6357	-340.4847	112.849	1.050401	5.521406	2.274947	0.9546972
2982	-229.7316	-342.1472	112.4157	0.7401774	2.805086	4.824177	1.527739
2988	-234.8875	-347.9881	113.1007	0.7363144	3.251733	3.518277	1.175555
2994	-231.8606	-344.7489	112.8883	1.05366	3.251733	3.518277	1.081274
3000	-245.3811	-358.8978	113.5167	0.9251115	2.100046	3.518277	1.120101
3006	-236.1159	-349.1688	113.0529	0.9245606	3.028027	2.301339	1.560483
3012	-237.8342	-351.8185	113.9843	0.9245606	2.595285	2.102317	1.04575
3018	-245.4261	-358.6803	113.2542	0.5565429	6.852495	1.075481	1.47646
3024	-242.8061	-357.1653	114.3592	1.216259	2.93838	0.9029789	1.129568
3030	-240.6099	-353.79	113.1801	1.019337	4.605317	2.214929	0.9408228
3036	-225.8631	-339.2835	113.4205	0.9490937	4.605317	2.214929	0.7265239
3042	-227.8091	-340.8756	113.0664	1.127167	4.605317	2.214929	0.9470206
3048	-224.868	-337.9129	113.0449	1.001401	6.375349	1.69058	0.9464582
3054	-226.7562	-339.617	112.8608	0.9527666	6.673972	1.544902	1.197083
3060	-221.4887	-335.0233	113.5346	1.076664	4.267015	1.943199	0.7538193
3066	-237.0944	-350.0273	112.9329	0.9578676	7.505239	1.943199	0.566955
3072	-230.8412	-344.4749	113.6338	1.315309	3.543408	1.943199	0.566955
3078	-234.161	-346.5407	112.3797	1.122217	3.543408	5.380372	0.8107835
3084	-237.0776	-350.6924	113.6148	0.9870535	5.43943	1.398831	0.8107835
3090	-234.701	-347.2245	112.5236	1.365969	2.424078	5.596881	0.8579916
3096	-224.7714	-337.4808	112.7093	1.365969	3.262765	4.171498	0.6228858
3102	-226.0512	-339.6694	113.6182	1.004619	2.738726	2.652957	0.9831339
3108	-231.9421	-345.9602	114.0181	0.8119884	2.706103	1.548031	1.369688
3114	-235.153	-346.8427	111.6897	0.4945637	3.652406	3.921905	2.157278
3120	-236.0302	-348.6173	112.5871	0.3163806	3.652406	1.793494	2.320791
3126	-238.2871	-349.553	111.2658	0.1837939	3.756603	4.297382	2.522213
3132	-244.6432	-357.3914	112.7482	0.3605552	2.972197	4.366392	1.609607
3138	-244.4606	-355.6346	111.174	0.4635389	3.79124	4.366392	2.38283
3144	-232.7535	-344.7468	111.9932	0.4030663	2.244474	4.366392	2.323003
3150	-227.4282	-339.8452	112.417	0.3895478	3.796424	3.373381	1.840747
3156	-222.133	-334.9619	112.8289	0.8889376	2.315765	4.012783	1.472903
3162	-228.6703	-342.4604	113.7902	0.7875226	3.197868	1.923977	1.20037
3168	-234.209	-346.3361	112.1271	0.7250348	5.591827	2.217139	1.802551
3174	-227.8525	-342.1001	114.2476	0.695724	2.286985	1.124132	1.693532
3180	-223.8946	-336.7661	112.8715	0.6734979	3.449565	3.467028	1.368858
3186	-229.0684	-342.1528	113.0844	0.5898963	3.281246	2.663098	1.57568
3192	-227.3461	-340.4812	113.1351	0.3355117	3.281246	2.001309	1.959198
3198	-224.5933	-337.6569	113.0636	0.290393	5.492969	1.997134	1.551191
3204	-218.8055	-331.6108	112.8053	0.5681147	3.329478	3.697463	1.471453
3210	-219.2412	-331.9437	112.7025	0.3824444	2.867931	3.697463	1.816734
3216	-224.2248	-335.5072	111.2824	0.1100184	3.570647	3.697463	2.724082
3222	-221.7811	-334.7508	112.9696	0.3597874	3.570647	3.697463	1.435191
3228	-230.2867	-342.6333	112.3466	0.3605419	3.730543	2.580004	2.150095
3234	-245.3259	-357.285	111.9591	0.5437395	3.166199	3.435718	2.185457
3240	-229.1392	-341.6599	112.5207	1.018436	4.142676	2.559752	1.482844
3246	-244.0947	-355.8844	111.7897	0.7385231	4.345221	4.373908	1.665039
3252	-231.6374	-344.6555	113.0182	0.5044505	3.938267	2.060606	1.734698
3258	-226.6942	-338.2512	111.557	0.6846694	3.938267	6.711772	1.527117
3264	-219.6515	-332.7809	113.1294	1.047273	3.938267	2.535764	1.013996
3270	-221.6993	-334.2616	112.5623	0.9787107	4.157648	4.447569	0.8277627
3276	-220.9732	-333.5696	112.5963	0.8236616	4.157648	4.447569	0.9649924
3282	-230.3399	-343.6183	113.2784	0.659986	5.490867	1.452546	1.381878
3288	-232.7393	-346.1795	113.4402	0.8992074	5.624104	1.683823	0.8230133
3294	-236.4931	-348.3768	111.8837	1.152683	5.492885	5.125632	0.7132932
3300	-238.3574	-349.7235	111.3661	1.223745	9.758411	3.984477	0.4569316
3306	-232.4929	-346.0512	113.5583	1.480033	2.57824	2.258442	0.8219332
3312	-240.4081	-353.8311	113.423	0.8745487	2.833407	1.651769	1.670021
3318	-238.7591	-352.5577	113.7986	0.8745487	2.738117	1.286486	1.627558
3324	-233.4648	-347.5751	114.1103	0.9304077	2.836869	1.286486	1.314831
3330	-230.1069	-342.9133	112.8065	0.9304077	3.571502	4.01293	0.9918001
3336	-228.9297	-341.7047	112.7749	0.8723837	6.309893	2.547596	0.8673836
3342	-237.7066	-351.3524	113.6458	0.9833875	5.585318	1.312668	0.8150792
3348	-239.6618	-353.5039	113.8421	1.015029	4.403556	1.496569	0.7643114
3354	-233.3162	-346.1569	112.8407	1.367619	5.476211	2.155582	0.387365
3360	-239.4344	-353.2857	113.8513	1.506207	5.476211	0.6960428	0.7087241
3366	-234.3981	-348.4536	114.0555	1.221586	6.13519	0.5933646	0.7965741
3372	-232.2406	-345.4014	113.1608	1.227429	6.13519	1.634365	0.5613424
3378	-226.4867	-339.131	112.6443	1.078409	6.13519	2.863849	0.5416283
3384	-228.4871	-342.3665	113.8794	1.210573	2.874483	1.993358	0.7689414
3390	-226.6613	-339.1746	112.5132	1.155415	2.874483	5.907558	0.7689414
3396	-229.3728	-342.8767	113.5039	1.083956	2.874483	2.547747	1.007423
3402	-235.6308	-348.8307	113.1999	0.9596637	3.887713	2.547747	1.041923
3408	-236.0644	-349.6248	113.5605	1.100035	3.887713	2.11171	0.7207905
3414	-235.6662	-348.4784	112.8123	0.9304383	3.887713	3.334175	1.112719
3420	-240.1968	-352.5949	112.3982	0.5446749	3.887713	3.913232	1.583204
3426	-240.6437	-354.0057	113.362	0.863595	2.530508	2.049494	1.644352
3432	-237.8217	-350.7295	112.9078	0.849277	2.530508	5.111577	1.074969
3438	-241.9131	-355.0306	113.1175	0.6173555	4.834122	3.05283	0.940649
3444	-245.1437	-358.3129	113.1692	0.6419215	4.834122	2.661043	1.038755
3450	-243.7643	-356.2455	112.4812	0.5339384	5.935135	3.031948	1.333853
3456	-242.878	-355.202	112.3241	0.0949312	4.514865	3.031948	2.036468
3462	-231.7323	-344.7386	113.0062	0.1515531	2.56444	3.031948	2.036468
3468	-246.7302	-359.7155	112.9853	0.09231201	2.843632	2.984091	2.017533
3474	-235.2493	-347.8153	112.566	0.06397142	2.809187	2.984091	2.318573
3480	-231.2637	-343.8015	112.5378	0.1043984	3.569007	2.984091	2.111463
3486	-224.0057	-336.6905	112.6848	0.1648878	2.668895	2.984091	2.218806
3492	-232.2885	-345.0443	112.7558	0.1091225	4.043209	2.984091	1.851157
3498	-245.4484	-357.486	112.0376	0.1798059	4.043209	2.984091	2.278861
3504	-247.5565	-361.1178	113.5613	0.07846891	3.781174	2.357181	1.574347
3510	-238.4147	-351.2027	112.7881	0.09222222	1.78321	1.801722	2.880191
3516	-235.8355	-349.7302	113.8947	0.01218398	1.694148	1.238554	2.539269
3522	-229.7351	-341.5261	111.791	0.02313304	3.629351	4.453301	2.290191
3528	-242.2495	-354.6825	112.433	0.2708346	3.133156	2.19365	2.424579
3534	-230.2624	-342.9843	112.7219	0.5075766	3.133156	2.19365	2.086719
3540	-240.5928	-353.3879	112.7951	1.612109	3.682692	2.521971	0.2532927
3546	-235.0862	-348.7807	113.6944	0.7622872	4.925434	1.860924	0.7635972
3552	-230.4376	-343.3204	112.8828	0.7611229	4.925434	3.199805	0.9453052
3558	-232.8511	-345.7612	112.9101	0.7322178	3.689767	3.767393	1.121085
3564	-224.9131	-338.3361	113.423	0.8451467	3.689767	2.271577	1.135282
3570	-219.9793	-333.9023	113.923	0.3842828	2.919633	1.583647	1.669684
3576	-225.1573	-337.882	112.7246	0.9866852	2.919633	4.796149	1.033214
3582	-224.9896	-337.9297	112.9401	0.7762475	2.919633	4.796149	1.028343
3588	-230.1818	-343.6577	113.4759	1.151496	3.398034	2.43416	0.7806646
3594	-234.8551	-348.4073	113.5523	0.9944867	3.398034	2.43416	0.8820422
3600	-238.6176	-352.582	113.9645	1.271631	4.292654	1.110336	0.7236624
3606	-236.7145	-349.2435	112.529	0.7801024	4.292654	4.003067	1.164065
3612	-240.0483	-353.4621	113.4138	0.6985155	2.813321	2.481073	1.460929
3618	-240.5884	-351.2121	110.6237	0.6274134	2.429673	5.081348	2.843451
3624	-237.8463	-350.052	112.2058	0.7775916	2.429673	4.42045	1.862523
3630	-232.5956	-345.948	113.3524	0.2839664	5.579264	2.010789	1.310676
3636	-232.3134	-344.694	112.3806	0.6003782	5.579264	2.010789	1.795815
3642	-231.3348	-343.7656	112.4308	0.6588503	6.461547	3.494492	0.9974994
3648	-228.3811	-341.7084	113.3273	0.805994	5.67145	1.40757	1.21343
3654	-238.1878	-350.32	112.1322	0.6600994	5.67145	4.215378	1.21343
3660	-243.9178	-356.4083	112.4905	0.4369617	5.67145	4.532287	0.9990059
3666	-232.4727	-345.5228	113.0501	1.034912	4.503402	2.328643	1.027258
3672	-226.9819	-339.8497	112.8678	0.9891692	4.503402	3.090348	0.8971274
3678	-239.1972	-351.628	112.4308	0.6490667	5.609637	2.864335	1.403718
3684	-231.9804	-344.5572	112.5768	0.2355632	4.252311	3.569197	1.678226
3690	-237.362	-350.4474	113.0854	1.051871	4.328546	1.826716	1.282602
3696	-237.3452	-351.1195	113.7743	1.060989	4.328546	0.9508351	1.282602
3702	-237.9042	-351.2826	113.3784	1.380662	10.31531	0.4875769	0.6134193
3708	-241.9464	-355.4511	113.5047	1.285826	10.21942	0.4875769	0.5553497
3714	-232.4334	-345.0657	112.6323	1.013862	2.910286	5.058282	1.028173
3720	-232.8489	-344.9328	112.0839	0.5472553	2.213403	5.058282	2.049241
3726	-236.9736	-349.2053	112.2317	0.348021	2.581412	3.617827	2.258348
3732	-233.2016	-345.8106	112.609	0.6497381	2.775527	6.371161	1.136368
3738	-232.0505	-344.2474	112.1969	0.730362	3.191627	6.371161	1.268009
3744	-238.9839	-351.6489	112.665	0.3579191	3.33185	2.499901	2.066001
3750	-234.8934	-346.2157	111.3223	0.9195714	7.046867	6.753724	0.765148
3756	-243.2124	-354.8161	111.6037	0.9594552	7.046867	5.691975	0.6385858
3762	-232.3522	-345.4102	113.058	0.2415426	6.009718	1.358359	1.806883
3768	-234.3165	-347.4389	113.1224	0.3142915	7.76685	1.110458	1.590645
3774	-234.4577	-347.6799	113.2222	0.8574234	4.996462	1.110458	1.590645
3780	-242.1918	-356.005	113.8131	0.8725994	4.996462	1.110458	1.105778
3786	-245.1044	-358.5817	113.4773	0.5596258	5.229575	1.110458	1.574868
3792	-248.7815	-361.1767	112.3952	0.4975902	2.201454	3.482914	2.213755
3798	-234.9027	-348.3832	113.4805	0.964636	3.107773	2.286582	1.169837
3804	-233.5215	-345.8498	112.3283	1.069463	2.955427	6.098475	0.9902403
3810	-230.1812	-342.9036	112.7224	1.048684	4.30522	3.653317	0.812076
3816	-229.8165	-342.5591	112.7426	1.291156	5.232017	2.671675	0.4405417
3822	-230.3387	-343.5748	113.236	1.166734	2.942254	3.516142	0.6927726
3828	-225.3326	-337.8187	112.4862	1.19019	5.11598	3.516142	0.6657259
3834	-228.1696	-340.2238	112.0542	0.8646345	4.584923	4.46589	1.291535
3840	-225.6536	-338.6084	112.9548	0.5663845	4.584923	3.318115	1.115814
3846	-230.2297	-343.4091	113.1793	0.9680787	6.728539	1.462014	0.9263693
3852	-224.3681	-338.1873	113.8192	1.003826	3.674687	1.705786	0.9263693
3858	-227.2615	-340.2772	113.0156	1.145973	6.25193	1.517154	0.9819771
3864	-228.9675	-340.9234	111.9558	1.06499	6.25193	4.321526	0.8091781
3870	-224.0495	-338.1284	114.0789	1.280257	3.187119	1.065518	1.081795
3876	-230.7697	-344.9954	114.2257	0.9763997	3.187119	1.279345	1.05078
3882	-229.33	-341.8254	112.4953	1.574537	3.083726	4.461673	0.5826728
3888	-236.067	-348.9371	112.8701	1.29066	2.59717	4.461673	0.8103455
3894	-230.9975	-343.9039	112.9064	1.399355	2.874703	3.706584	0.7813175
3900	-230.8224	-343.9372	113.1147	1.165714	2.874703	3.706584	0.8151397
3906	-227.4362	-340.168	112.7318	1.410424	3.542925	3.706584	0.5745424
3912	-225.2935	-337.798	112.5045	1.541545	3.003827	4.376164	0.3114865
3918	-225.7923	-337.9787	112.1864	1.34914	4.54136	4.56563	0.5092709
3924	-230.6897	-344.3288	113.6392	1.340931	5.20696	1.148872	0.6336008
3930	-237.8055	-352.0529	114.2474	1.529307	4.146218	0.7239194	0.5110036
3936	-245.1597	-359.1139	113.9542	2.060486	3.172955	0.7239194	0.2961503
3942	-233.8012	-346.4955	112.6944	0.8562664	6.612848	2.79938	0.7498427
3948	-225.5126	-338.0814	112.5688	0.7357541	6.072407	3.184625	0.9940583
3954	-237.6133	-350.4038	112.7905	0.54775	6.233874	3.184625	0.9187155
3960	-237.3157	-350.7301	113.4145	1.008115	6.233874	1.276192	0.9081078
3966	-244.8526	-357.8191	112.9665	1.022273	6.355317	1.669004	1.024287
3972	-243.6493	-355.6629	112.0136	0.4320802	5.962087	3.171189	1.710994
3978	-248.8112	-361.8264	113.0152	0.2057432	6.961245	2.773447	1.051757
3984	-227.1032	-340.315	113.2118	0.3404678	6.961245	1.715513	1.265666
3990	-225.8103	-338.4521	112.6418	0.2149264	6.961245	1.715513	1.785518
3996	-233.6383	-346.4217	112.7834	0.4276558	7.667418	1.715513	1.422274
4002	-232.3492	-345.7132	113.364	0.3671183	5.183674	1.715513	1.461762
4008	-248.115	-361.4352	113.3203	0.5125914	6.883367	1.968178	0.8632445
4014	-239.7361	-352.8379	113.1018	0.8970025	6.500867	1.778926	0.9039712
4020	-232.0557	-345.1072	113.0516	0.8247573	6.874123	1.778926	0.9475816
4026	-230.654	-343.7245	113.0705	0.8404077	6.715204	1.778926	0.9475816
4032	-232.5197	-345.769	113.2494	0.6489405	4.848352	2.227166	1.154907
4038	-240.5465	-354.3354	113.7889	1.074498	3.272618	1.506572	1.166989
4044	-232.3075	-344.8731	112.5656	0.5586326	4.47628	4.386465	1.166989
4050	-227.5391	-340.6336	113.0945	0.8544985	5.549303	2.220224	0.9252735
4056	-225.0551	-338.6258	113.5708	0.7489976	3.823935	1.057138	1.71688
4062	-235.6147	-347.7294	112.1147	0.4834014	7.056349	2.326935	1.701992
4068	-239.3005	-351.4137	112.1133	0.4716973	7.056349	2.326935	1.711259
4074	-228.3494	-341.1322	112.7827	0.364664	6.94812	2.266071	1.332427
4080	-224.144	-337.1992	113.0552	0.398363	5.669545	2.193091	1.356207
4086	-231.2048	-344.5411	113.3363	0.1172919	5.669545	2.193091	1.356207
4092	-229.631	-343.0714	113.4405	0.1527657	4.443922	2.193091	1.511476
4098	-226.7015	-339.9371	113.2356	0.7535205	6.092108	1.784388	1.00976
4104	-231.6344	-344.2438	112.6094	0.9172478	4.264216	3.350481	1.187741
4110	-222.1673	-335.0819	112.9146	0.6834051	6.917242	1.540214	1.334368
4116	-225.5861	-338.5767	112.9906	0.5502016	8.844429	1.540214	1.063398
4122	-234.5028	-347.2348	112.732	0.908885	8.844429	1.878448	0.6697891
4128	-229.1239	-341.9639	112.84	0.9375836	5.783921	2.659926	0.7951039
4134	-239.7889	-352.3763	112.5873	1.171835	5.783921	2.659926	0.8192681
4140	-230.1416	-343.4194	113.2778	1.07494	3.768289	2.659926	0.8192681
4146	-229.6781	-342.5541	112.876	1.072337	5.063749	2.659926	0.8192681
4152	-227.8272	-340.6535	112.8263	1.106939	5.063749	2.805782	0.7477407
4158	-237.0923	-349.8033	112.711	1.311818	5.063749	2.805782	0.5423726
4164	-230.569	-343.6826	113.1136	0.9330488	4.283805	2.805782	0.8988212
4170	-223.1653	-336.6583	113.493	0.9330488	4.740135	1.90024	0.8430116
4176	-223.798	-336.7824	112.9845	1.151372	4.740135	2.656325	0.6773899
4182	-228.2091	-341.6072	113.398	1.151372	3.808344	2.172164	0.8638814
4188	-225.4539	-338.8172	113.3633	0.7662322	3.808344	2.95595	0.9098712
4194	-228.3357	-341.0387	112.703	1.038253	3.808344	2.95595	1.271221
4200	-234.0781	-347.3936	113.3155	1.038253	5.647686	1.84937	0.6073484
4206	-236.2798	-349.3461	113.0663	1.099628	4.891753	2.441019	0.7297972
4212	-226.6786	-339.3337	112.6551	0.6720938	5.575657	3.462658	0.9854308
4218	-229.7356	-341.9099	112.1742	0.3539546	5.575657	4.610525	1.349352
4224	-234.6766	-347.8387	113.1621	0.6299723	4.35069	2.269233	1.349352
4230	-230.7583	-344.0968	113.3385	0.9382235	4.346628	1.018071	1.651404
4236	-232.7951	-345.4692	112.6741	0.5340577	4.346628	4.374735	1.131576
4242	-238.2497	-350.1592	111.9095	0.9595907	3.215813	7.926137	1.021293
4248	-230.5898	-343.2907	112.701	0.9652397	3.343462	3.46782	1.304339
4254	-233.0018	-346.7902	113.7884	0.5295346	3.623546	1.228908	1.65852
4260	-230.1935	-342.0901	111.8966	0.4107799	2.562044	2.300437	2.791519
4266	-226.6146	-339.6978	113.0832	0.3886079	2.774531	2.300437	1.99062
4272	-223.8659	-336.9803	113.1144	0.7700297	2.774531	1.863847	1.880109
4278	-224.4459	-337.554	113.1081	0.7714999	4.022524	2.364921	1.324596
4284	-238.5294	-351.03	112.5006	0.4072312	4.022524	3.089809	1.795729
4290	-229.9386	-342.9146	112.9759	0.7222063	3.444416	3.089809	1.367349
4296	-239.2691	-351.7095	112.4404	0.8341738	3.444416	3.399753	1.59398
4302	-234.9928	-347.9053	112.9125	0.9578436	5.229676	2.677178	0.8498236
4308	-226.4145	-338.9343	112.5198	0.992717	5.229676	2.677178	1.202087
4314	-229.0335	-342.776	113.7425	0.7683944	3.426108	2.677178	0.7641516
4320	-228.9125	-340.0883	111.1758	0.8290047	6.145202	5.539232	1.446912
4326	-227.4895	-340.6365	113.147	0.9154643	5.337975	2.272995	0.8242827
4332	-235.3714	-348.913	113.5416	1.046101	2.887455	3.038411	0.7394497
4338	-240.8187	-353.7544	112.9357	0.5179861	2.887455	2.943552	1.760347
4344	-237.0571	-349.6978	112.6407	0.6116755	3.577717	2.995092	1.691609
4350	-242.9367	-355.484	112.5473	0.5274489	3.794918	3.902306	1.512374
4356	-236.1993	-349.4338	113.2345	0.5979353	3.794918	1.774594	1.673467
4362	-237.5659	-349.8759	112.31	0.5664745	3.794918	1.993974	2.226793
4368	-228.8313	-342.5189	113.6876	1.074408	3.794918	1.2277	1.274733
4374	-233.8871	-347.4432	113.5561	0.7129059	6.448857	1.2277	1.056069
4380	-235.5615	-348.1575	112.5959	0.6953965	5.049138	3.170727	1.249637
4386	-232.4156	-344.956	112.5404	0.6841273	4.676485	3.817059	1.190683
4392	-228.5523	-341.7669	113.2147	0.8420286	2.474055	3.817059	1.190169
4398	-242.1586	-353.6867	111.5281	0.8060302	3.533742	5.494946	1.772586
4404	-236.2713	-348.5667	112.2954	0.9548759	4.226374	3.653484	1.332795
4410	-230.7031	-342.9673	112.2642	0.2634822	3.735983	3.096002	2.116002
4416	-233.4178	-346.1724	112.7546	0.8148243	4.702559	3.096002	1.121396
4422	-236.2048	-349.2452	113.0404	1.306055	3.374815	3.096002	0.7645986
4428	-234.3887	-347.9313	113.5425	1.372579	3.741348	1.867492	0.5961627
4434	-230.5883	-343.7516	113.1633	1.229948	4.502528	1.859918	0.9854588
4440	-234.6003	-347.9114	113.3111	1.042062	4.502528	1.859918	1.025357
4446	-239.517	-352.747	113.23	0.8497657	5.472984	1.859918	1.025357
4452	-230.4088	-343.9538	113.545	0.2315614	5.797921	1.332653	1.51715
4458	-230.8073	-344.9568	114.1495	0.7703129	3.312982	1.352747	1.2059
4464	-233.9571	-347.3965	113.4393	0.439393	6.995443	1.352747	1.2059
4470	-233.1617	-347.461	114.2993	0.5591592	3.14767	1.352747	1.311715
4476	-231.3341	-343.9599	112.6257	0.5431162	3.693066	3.718857	1.517094
4482	-234.532	-346.9586	112.4266	1.096662	5.175372	3.365889	0.9297035
4488	-231.2661	-343.9749	112.7088	0.3348895	4.347508	4.310479	1.288862
4494	-242.0989	-355.1758	113.077	1.166046	2.760999	3.565869	0.9737734
4500	-243.2456	-357.4034	114.1578	0.9523453	2.808134	1.96642	0.803564
4506	-238.7142	-351.3016	112.5873	1.193548	4.153715	3.665613	0.8552085
4512	-229.2877	-342.2546	112.9669	0.6836187	2.841363	3.935897	1.349419
4518	-238.0364	-350.1432	112.1069	0.6931446	6.258266	3.141757	1.406722
4524	-242.0142	-355.6661	113.6519	1.032623	2.842303	2.708392	0.8335314
4530	-243.0877	-356.8887	113.801	0.9971331	2.842303	2.393552	0.880115
4536	-244.7572	-357.6103	112.8532	0.3653211	3.024843	2.660226	1.967712
4542	-231.4564	-344.8436	113.3873	0.6721551	2.787563	2.075357	1.666588
4548	-225.2932	-338.0028	112.7096	0.5903397	3.859325	2.738511	1.666588
4554	-231.1394	-344.1242	112.9849	0.1297401	3.859325	3.149199	1.6723
4560	-223.5073	-336.6603	113.1531	0.235725	4.538876	2.129662	1.665014
4566	-225.1725	-338.0921	112.9196	0.2696397	4.538876	2.129662	1.805243
4572	-223.5965	-336.5766	112.9801	0.6212209	4.538876	2.129662	1.509849
4578	-228.0733	-341.014	112.9406	0.8938111	3.465569	3.601898	1.075261
4584	-237.5831	-350.1037	112.5205	0.2650417	2.200556	3.055884	2.390832
4590	-230.8641	-345.0708	114.2067	0.3738164	2.200556	2.100768	1.486782
4596	-231.2829	-343.9009	112.618	0.7070482	3.298117	3.811274	1.486782
4602	-224.0714	-337.1811	113.1097	0.8967068	7.101354	1.737261	0.7646232
4608	-227.9868	-340.9251	112.9383	1.172751	7.101354	0.7378508	1.485961
4614	-231.5466	-344.6021	113.0555	0.9492786	6.552556	0.7378508	1.651434
4620	-234.1355	-346.3089	112.1734	1.098974	2.20666	6.047675	1.419273
4626	-231.0445	-343.9882	112.9437	0.7207583	2.20666	4.140497	1.524803
4632	-232.4462	-345.0772	112.631	0.7455278	2.790098	4.140497	1.524803
4638	-234.8385	-347.9136	113.075	0.7618028	4.674061	0.9190551	1.95696
4644	-232.9879	-346.2256	113.2376	0.8966476	3.33344	2.955108	1.082142
4650	-229.163	-342.6191	113.4562	1.112727	7.091918	1.044945	0.7434642
4656	-234.7728	-346.7046	111.9318	1.112727	7.567177	3.690609	0.6606562
4662	-224.8433	-337.4661	112.6228	0.9134034	4.135684	3.690609	1.103383
4668	-233.9438	-346.8058	112.862	0.9072929	4.135684	3.086491	1.103383
4674	-242.8523	-355.4971	112.6448	0.6549117	5.670047	1.652124	1.714794
4680	-237.9839	-350.8953	112.9114	0.7123503	5.670047	1.363477	1.634544
4686	-239.9614	-352.8104	112.8489	0.5247959	3.132632	2.463183	1.89685
4692	-237.9118	-350.2975	112.3857	0.4419365	3.035914	4.877431	1.682215
4698	-236.286	-348.8494	112.5634	0.7452579	3.240635	4.877431	1.252119
4704	-245.5532	-358.826	113.2729	1.711934	3.87915	1.697906	0.5634445
4710	-235.2711	-349.4015	114.1304	0.9716174	4.546633	1.137893	0.7691517
4716	-233.8093	-346.8888	113.0795	1.066892	4.546633	2.019719	1.116627
4722	-226.028	-338.8386	112.8105	0.7557972	3.725652	3.889087	1.139617
4728	-232.7631	-345.512	112.7489	1.167913	3.725652	3.889087	0.765258
4734	-231.3781	-343.9561	112.578	0.9669131	3.725652	4.562481	0.951701
4740	-242.8436	-356.8386	113.9951	1.308575	2.645638	1.877432	0.7070195
4746	-235.9068	-349.7917	113.8848	1.210398	3.997538	1.299122	0.8269779
4752	-233.2804	-346.3969	113.1165	0.9202978	4.856428	1.299122	1.530649
4758	-235.3271	-349.1955	113.8683	0.868613	2.500819	2.124755	1.229055
4764	-234.1798	-347.0959	112.9161	0.938815	2.547573	3.538607	1.406887
4770	-230.9707	-343.3957	112.4249	0.7199082	5.67814	3.538607	1.107872
4776	-232.7946	-345.6355	112.8409	0.6925214	4.298667	3.538607	1.10868
4782	-234.5344	-346.8264	112.292	0.7038898	4.564846	3.357001	1.532638
4788	-232.6051	-345.3157	112.7106	0.7332732	3.201946	3.357001	1.551498
4794	-228.5057	-340.8264	112.3207	0.8608705	3.078603	4.401519	1.515001
4800	-228.2078	-340.7605	112.5527	0.4224048	3.078603	4.401519	1.665567
4806	-235.3801	-348.2647	112.8846	0.6874079	3.078603	3.670056	1.404285
4812	-235.8809	-348.5318	112.6508	0.4348315	3.078603	5.296309	1.391463
4818	-237.0618	-349.7835	112.7217	0.5098352	3.324995	3.651213	1.590493
4824	-237.2705	-351.1119	113.8414	0.8208811	3.324995	1.401174	1.381187
4830	-238.5877	-351.9125	113.3248	0.8257541	3.324995	2.864431	1.106555
4836	-240.7273	-353.6466	112.9194	0.5534805	3.324995	3.016742	1.595489
4842	-229.4837	-341.9348	112.4511	0.644071	5.045332	3.408514	1.334014
4848	-229.6475	-342.4518	112.8043	0.8129647	4.780328	3.408514	0.930613
4854	-230.9822	-343.6674	112.6852	0.8590011	6.294883	2.918679	0.7870223
4860	-223.1657	-334.5355	111.3698	0.836844	4.679476	6.206781	1.462855
4866	-230.8962	-343.2524	112.3563	0.7139656	3.314812	5.090937	1.372535
4872	-232.7288	-344.8372	112.1085	0.5307598	4.512765	5.090937	1.3868
4878	-237.5921	-350.4447	112.8526	0.966399	3.217592	4.727195	0.7982414
4884	-244.3787	-357.9676	113.589	0.7535413	2.508976	2.054297	1.565104
4890	-235.8323	-347.759	111.9267	0.836756	6.981139	3.928818	1.052693
4896	-230.1734	-343.3454	113.172	0.6212819	7.465725	1.564021	1.052693
4902	-235.8369	-348.3032	112.4663	0.9060949	3.473634	4.200537	1.29462
4908	-235.0116	-347.7917	112.7801	0.3773358	4.259965	4.200537	1.246898
4914	-235.2709	-347.9084	112.6375	0.7398876	4.984625	1.493015	1.865815
4920	-239.1584	-352.4579	113.2994	0.641778	3.282284	1.493015	1.865815
4926	-236.4647	-348.5804	112.1157	1.11328	3.282284	3.870535	1.547747
4932	-233.285	-345.7498	112.4648	1.11617	4.700508	3.706068	0.8739212
4938	-242.2447	-354.8059	112.5612	1.156114	4.700508	3.706068	0.6811054
4944	-235.7515	-348.5312	112.7797	0.7901609	4.665602	3.706068	0.89854
4950	-233.5726	-346.3469	112.7743	0.3715951	7.640014	2.171724	1.259524
4956	-230.6413	-343.4514	112.8101	0.523081	4.438359	3.43982	1.275626
4962	-227.7541	-340.5238	112.7696	0.8510967	3.783485	2.621785	1.490898
4968	-225.2595	-337.9837	112.7242	0.8818606	3.783485	4.157372	0.9983905
4974	-220.5665	-333.7444	113.1779	1.226052	4.173338	2.395172	0.7359619
4980	-229.6683	-343.2375	113.5693	1.226052	4.201608	1.811864	0.5920312
4986	-230.5311	-343.0477	112.5166	1.117389	6.710721	2.697262	0.6464237
4992	-225.0372	-337.8802	112.8431	0.9870863	5.921302	2.440858	0.8208319
4998	-225.4416	-339.1014	113.6598	0.9567737	2.906626	1.753369	1.356666
5004	-225.3208	-338.197	112.8762	0.6678242	3.948677	3.497776	1.21381
5010	-222.1585	-334.8877	112.7292	0.7103437	4.26549	3.497776	1.21381
5016	-225.6163	-338.4808	112.8645	0.4102609	4.26549	3.804448	1.258802
5022	-226.7424	-340.3018	113.5594	0.7725151	3.288078	1.987196	1.342225
5028	-231.0265	-342.5109	111.4844	0.5950351	3.628229	6.011744	1.835352
5034	-242.6974	-355.421	112.7237	0.5183836	7.632352	2.42391	1.059277
5040	-237.7772	-351.1488	113.3717	0.9321447	4.966353	1.671287	1.059277
5046	-229.4099	-343.3026	113.8927	0.9434029	4.966353	1.014398	1.059277
5052	-221.9954	-335.1823	113.1869	1.184288	4.680767	2.274572	0.615903
5058	-226.2838	-339.533	113.2492	1.153392	4.680767	2.215959	0.615903
5064	-232.5806	-345.6504	113.0698	0.915564	5.764082	2.275101	0.7794622
5070	-237.1956	-350.4021	113.2065	0.8250757	5.764082	1.647298	1.130298
5076	-231.9783	-344.4574	112.479	0.21811	6.746225	3.986591	1.142208
5082	-246.8933	-359.869	112.9757	0.4508088	4.0652	2.795386	1.504256
5088	-240.9465	-353.5567	112.6102	0.4898904	5.805928	2.795386	1.373303
5094	-234.181	-346.3654	112.1843	0.5489676	5.805928	3.156959	1.534965
5100	-228.7824	-340.6061	111.8237	0.4081116	5.129178	2.984278	2.056114
5106	-230.3215	-343.0963	112.7748	0.5452376	5.129178	2.157656	1.580357
5112	-220.7045	-332.2215	111.517	0.5416404	4.808624	4.081631	1.957953
5118	-223.3526	-335.6156	112.263	0.5941235	4.808624	4.081631	1.385937
5124	-224.3464	-337.4248	113.0784	0.6502393	4.808624	2.412172	1.227797
5130	-227.1636	-340.3598	113.1961	0.5683682	4.808624	2.342037	1.227797
5136	-231.6961	-345.3049	113.6087	0.9531294	4.000163	2.205526	0.7343858
5142	-232.4265	-345.3391	112.9126	1.305566	4.254106	2.811172	0.6687555
5148	-233.0036	-345.2458	112.2422	1.45191	4.254106	4.329793	0.5454764
5154	-224.7514	-337.0504	112.2989	1.45191	4.080781	4.329793	0.4586111
5160	-226.4936	-339.1344	112.6408	1.513562	3.001318	4.329793	0.4586111
5166	-225.2166	-338.6435	113.4269	1.363018	5.070166	1.420558	0.6391782
5172	-222.9877	-336.8938	113.9061	1.052914	3.605957	1.420558	1.021207
5178	-224.0454	-337.1942	113.1488	0.7180957	5.633369	0.9235605	1.752977
5184	-231.8894	-345.1296	113.2402	0.7526938	5.633369	0.9510166	1.643291
5190	-238.5134	-351.6209	113.1075	0.6679709	5.633369	1.171623	1.647591
5196	-242.3424	-355.9411	113.5987	0.8287634	5.845171	0.725958	1.473864
5202	-237.2541	-351.0769	113.8229	0.98194	3.934824	0.725958	1.60242
5208	-239.2535	-352.7241	113.4706	1.125426	3.934824	1.019516	1.515546
5214	-232.5921	-345.9185	113.3264	0.1864187	3.934824	2.748252	1.48844
5220	-229.5696	-341.9662	112.3967	0.4778507	3.934824	3.300023	1.780469
5226	-229.6446	-342.1889	112.5443	0.2844348	6.175939	2.058821	1.780469
5232	-225.4195	-338.495	113.0756	0.5940792	6.175939	1.312559	1.540755
5238	-232.2909	-345.8421	113.5512	0.95639	5.725691	0.9869369	1.19775
5244	-236.2896	-349.817	113.5275	1.070795	5.725691	0.9869369	1.117965
5250	-246.2137	-360.128	113.9143	1.483565	3.923944	0.9869369	0.8341822
5256	-238.0243	-350.2872	112.2629	1.035569	3.676541	5.588034	0.9294557
5262	-236.3069	-350.2252	113.9183	0.6891346	1.593249	2.765519	1.495269
5268	-235.9738	-350.9323	114.9585	0.7115112	1.593249	1.013332	1.547949
5274	-239.6287	-353.7913	114.1626	0.7375265	1.593249	1.823498	1.647876
5280	-241.6569	-355.7847	114.1277	1.191043	2.580023	1.351634	1.135183
5286	-235.5615	-349.0452	113.4837	1.034167	2.394693	2.757329	1.18982
5292	-229.9737	-343.0134	113.0397	0.9616349	2.394693	3.34742	1.408561
5298	-239.5261	-352.156	112.6299	0.8978334	2.394693	4.759135	1.408561
5304	-237.1652	-349.6963	112.5311	0.7593479	5.951052	3.186164	1.036194
5310	-232.319	-345.0585	112.7394	0.7064547	6.508808	2.539698	1.036194
5316	-233.3449	-347.3645	114.0195	0.655934	3.223347	1.775044	1.18738
5322	-236.0799	-349.8534	113.7734	1.05071	4.469798	1.455114	0.8228903
5328	-228.5141	-340.1107	111.5966	1.017283	4.469798	6.10218	1.20722
5334	-236.5562	-348.6727	112.1165	1.017283	2.401331	8.862826	0.951246
5340	-239.5362	-352.8326	113.2964	0.6266479	3.262143	3.23689	1.191548
5346	-234.8806	-347.9299	113.0493	0.9292687	3.520945	3.23689	1.05138
5352	-228.7795	-341.4546	112.675	0.924045	6.447998	2.655799	0.8246003
5358	-228.3061	-342.445	114.1389	0.9001646	2.76834	1.369422	1.286844
5364	-231.8413	-344.6062	112.7649	0.862721	2.76834	5.270452	1.050912
5370	-233.0524	-345.6159	112.5636	0.862721	4.017364	4.598278	0.9589645
5376	-228.9059	-342.5585	113.6526	1.186822	4.017364	1.794771	0.6603794
5382	-226.9767	-341.4127	114.4359	1.186822	3.525271	0.641708	1.161229
5388	-233.8722	-348.4539	114.5817	1.286076	2.558752	0.7677898	1.161229
5394	-230.6408	-343.5937	112.9529	0.6177897	3.271426	2.217486	1.810863
5400	-236.7952	-349.0022	112.207	0.5239155	5.350293	2.217486	1.928191
5406	-231.0951	-344.0541	112.9591	0.7385392	3.47976	2.217486	1.665265
5412	-240.6138	-354.869	114.2553	0.868934	4.526941	0.7240821	1.206823
5418	-235.2201	-349.074	113.8538	1.226339	3.626003	1.534893	0.779343
5424	-239.5377	-351.8052	112.2675	2.023933	3.149008	3.486931	0.3125325
5430	-235.8826	-347.1901	111.3075	0.3038251	3.47976	5.34333	2.292603
5436	-239.9006	-351.1898	111.2892	0.4308416	4.103594	2.729333	2.64912
5442	-231.4129	-344.6505	113.2376	0.7453342	3.451753	2.183211	1.477336
5448	-228.3171	-340.6166	112.2995	0.5254794	6.670735	3.403099	1.227561
5454	-231.4477	-343.932	112.4843	0.9373726	4.509288	3.403099	1.19477
5460	-230.3217	-343.7293	113.4077	0.9483325	4.509288	1.571853	1.19477
5466	-225.9673	-338.0583	112.091	0.7428567	4.509288	5.808634	1.063411
5472	-225.7227	-338.7391	113.0165	0.9918146	7.326608	1.788177	0.6149688
5478	-225.996	-339.4851	113.4892	1.124051	6.90518	0.9953621	0.8058664
5484	-230.4683	-343.6811	113.2128	1.241784	5.984762	1.600485	0.4960268
5490	-225.3333	-338.5327	113.1994	1.252351	5.984762	1.600485	0.462967
5496	-225.3747	-338.8561	113.4814	0.9118104	4.106516	2.315781	0.8371206
5502	-229.1762	-342.3893	113.2131	1.238402	4.106516	2.315781	0.7589171
5508	-223.4904	-335.2405	111.7501	0.7719275	5.133214	5.908712	1.160354
5514	-232.421	-344.2624	111.8414	0.7104107	5.133214	5.908712	1.133994
5520	-235.6783	-348.0207	112.3424	1.030579	3.363148	5.908712	0.88766
5526	-227.725	-339.5333	111.8082	0.9911206	3.795986	5.908712	1.27618
5532	-229.233	-341.9698	112.7369	0.3020293	3.928902	2.297387	1.979105
5538	-225.5696	-338.2979	112.7283	0.6256147	4.990006	2.798977	1.341421
5544	-226.3785	-339.3662	112.9877	0.4670489	3.24496	2.798977	1.699298
5550	-229.9665	-342.7571	112.7906	0.7972972	3.902345	3.613734	1.152324
5556	-231.2573	-344.6914	113.4342	1.159736	3.447682	1.878239	1.12483
5562	-228.6103	-341.8756	113.2652	1.243669	2.227293	3.510769	0.9922558
5568	-232.6474	-346.7105	114.063	0.9591948	3.973964	0.8647591	1.300151
5574	-234.062	-346.9581	112.8961	1.022764	3.260345	2.935932	1.300151
5580	-231.5672	-344.634	113.0668	0.9511942	3.15089	1.690399	1.753512
5586	-232.8324	-346.0847	113.2523	0.5968136	3.15089	1.690399	1.870104
5592	-243.3121	-355.1908	111.8788	0.2447777	2.481144	9.254786	1.690228
5598	-233.9436	-347.9179	113.9743	0.1934439	2.481144	1.701154	1.852759
5604	-233.5064	-346.0065	112.5001	0.5043286	2.495829	4.294151	1.852759
5610	-239.5659	-352.9478	113.3819	0.5214587	2.104874	2.516665	1.852759
5616	-233.9474	-346.5946	112.6473	0.2170636	3.526559	2.516665	2.116018
5622	-247.8276	-360.9703	113.1427	1.290131	2.371463	2.265263	1.462079
5628	-229.3016	-341.8856	112.584	0.5442146	3.397106	4.584824	1.41618
5634	-229.7406	-342.5441	112.8034	0.1753742	4.025953	2.824683	1.82465
5640	-230.3666	-342.9869	112.6203	0.247319	4.025953	4.17569	1.539558
5646	-236.175	-348.2818	112.1068	0.4833838	4.110976	4.40878	1.666835
5652	-234.8008	-346.124	111.3232	0.8649283	4.110976	7.273782	1.433689
5658	-233.6197	-344.9917	111.3721	0.8874304	3.821798	7.970861	1.346745
5664	-233.7689	-346.5135	112.7446	1.138464	3.821798	2.438775	1.346745
5670	-241.4368	-353.6445	112.2078	0.6530876	5.124941	3.681879	1.420924
5676	-232.986	-346.7181	113.7321	1.169719	4.681616	1.171057	0.928058
5682	-242.6922	-354.901	112.2088	1.264709	4.681616	4.617725	0.5486369
5688	-239.7949	-352.4862	112.6914	1.059396	3.655468	4.317936	0.8319423
5694	-242.3312	-353.4411	111.1099	0.7731217	4.676982	7.370929	1.515819
5700	-234.4297	-346.1675	111.7379	0.4162896	4.676982	7.731202	1.246529
5706	-230.0216	-342.8324	112.8107	1.008281	4.252173	1.852389	1.535982
5712	-244.9427	-358.4908	113.5481	1.439995	6.171125	0.887564	0.6497284
5718	-232.6854	-345.618	112.9327	1.58446	4.269456	2.279104	0.4739435
5724	-226.7359	-339.5012	112.7653	1.58446	4.74438	2.279104	0.3990901
5730	-236.0103	-349.8726	113.8623	1.359874	5.178193	0.8590777	0.7374866
5736	-235.3177	-348.2538	112.936	0.8455863	4.339495	3.305659	0.9402726
5742	-240.8323	-354.2401	113.4077	0.9196609	3.036559	3.305659	0.8571489
5748	-234.7137	-347.5212	112.8075	0.3592777	7.387072	1.977337	1.372883
5754	-232.8139	-345.0685	112.2546	0.676661	2.419346	5.852342	1.625896
5760	-239.3133	-352.2041	112.8908	0.2667398	3.273955	2.486315	1.996275
5766	-235.9008	-348.0355	112.1346	0.3649712	3.891847	3.156672	2.082306
5772	-228.3905	-341.1076	112.7172	0.2045326	3.979441	2.699169	1.913222
5778	-238.2472	-349.1671	110.9199	0.4019481	3.247197	2.699169	3.086464
5784	-230.1883	-343.5515	113.3632	0.3302155	2.027698	2.54708	2.014157
5790	-228.396	-341.4866	113.0906	0.4000454	2.027698	2.648019	2.116206
5796	-228.5997	-341.899	113.2992	0.5605396	3.173062	1.630273	1.884525
5802	-233.8292	-347.0915	113.2623	1.022264	4.197566	2.288414	0.943637
5808	-228.7795	-341.5627	112.7832	1.026886	4.611178	3.582395	0.6368148
5814	-238.6659	-351.7027	113.0368	1.103182	4.611178	2.77024	0.6390194
5820	-245.5297	-359.3191	113.7893	1.335791	2.322532	2.318228	0.8338577
5826	-235.2638	-347.606	112.3423	1.129215	2.322532	5.655409	1.289199
5832	-229.4235	-342.908	113.4845	0.534037	3.363871	2.270631	1.440019
5838	-237.3933	-348.9267	111.5335	0.8498781	3.142709	9.509307	1.232875
5844	-242.2063	-353.7792	111.5729	0.4050208	4.400848	9.865906	1.147017
5850	-234.1073	-346.9383	112.8309	0.5112675	4.512056	2.894791	1.426849
5856	-237.3795	-349.7277	112.3482	0.3994633	4.512056	2.963866	1.834928
5862	-231.457	-344.8034	113.3464	0.6486341	4.512056	1.955515	1.287818
5868	-230.1562	-343.4039	113.2477	0.9537303	4.512056	1.955515	1.110562
5874	-228.0523	-341.6383	113.586	0.8545704	7.291319	1.085507	0.8111523
5880	-230.4921	-342.9884	112.4964	0.4859276	7.694546	3.156852	0.9768212
5886	-239.9739	-353.4749	113.501	0.7824021	6.174823	1.405278	0.9615359
5892	-237.271	-351.1216	113.8506	1.407478	3.698888	1.405278	0.5626584
5898	-233.074	-346.5005	113.4266	1.199502	3.698888	2.39256	0.6241379
5904	-231.5864	-344.8216	113.2352	1.199502	3.698888	2.39256	0.906366
5910	-231.0804	-344.0201	112.9398	1.587441	3.806139	2.39256	0.3190655
5916	-233.365	-346.3729	113.0079	1.587441	3.156823	2.761026	0.3190655
5922	-230.3272	-342.7175	112.3903	1.978911	3.584425	2.761026	0.2749473
5928	-231.2969	-343.8551	112.5583	1.701431	3.245528	3.563817	0.3473165
5934	-240.0542	-353.1003	113.0461	1.480168	5.927188	1.501684	0.4234035
5940	-229.8298	-342.0354	112.2057	1.511105	5.860504	3.037478	0.4803871
5946	-230.7733	-344.2434	113.4701	1.451711	5.827139	1.047612	0.6138482
5952	-227.0579	-339.886	112.8281	1.594062	3.964228	2.611376	0.3867373
5958	-231.3005	-344.46	113.1595	1.173112	4.303711	2.611376	0.568482
5964	-229.3357	-341.6945	112.3588	1.529149	2.444411	6.247412	0.568482
5970	-237.6773	-351.1234	113.4461	1.529149	2.735394	2.358834	0.7332551
5976	-226.1252	-338.9147	112.7896	1.301848	5.47571	2.424578	0.5525063
5982	-236.3557	-349.094	112.7383	0.8470299	3.345344	3.875733	1.249094
5988	-230.0217	-342.8635	112.8418	0.5832675	3.345344	2.632753	1.746239
5994	-235.7384	-348.5293	112.791	0.6325284	4.120321	2.098823	1.746239
6000	-234.6761	-346.6315	111.9554	1.138134	5.002559	5.098201	0.8309955
6006	-229.4729	-341.426	111.9531	1.140037	3.26012	7.510815	0.848329
6012	-239.6365	-352.4443	112.8078	0.3035928	2.027881	4.214307	1.966771
6018	-230.5194	-343.0918	112.5724	0.8340241	3.012475	4.214307	1.410288
6024	-232.7914	-345.9092	113.1177	1.058933	2.869207	3.698486	0.9420329
6030	-241.7948	-354.3124	112.5176	1.425984	3.279041	4.621178	0.4292019
6036	-241.6365	-353.6682	112.0317	1.51987	4.387658	4.621178	0.4190503
6042	-252.0657	-364.6737	112.608	0.359272	4.19403	3.4145	1.622306
6048	-241.3662	-354.0329	112.6667	0.8314062	2.79458	3.4145	1.622306
6054	-232.3197	-345.853	113.5333	1.153406	2.639717	3.016944	0.7727863
6060	-226.5094	-339.8624	113.353	1.201398	2.978067	3.016944	0.7442546
6066	-225.6736	-339.0358	113.3622	1.275871	2.978067	2.895856	0.6921793
6072	-227.8067	-341.9313	114.1245	1.275871	4.863214	0.8201283	0.6561239
6078	-234.5071	-347.8318	113.3246	0.6293833	3.606052	2.501994	1.326642
6084	-229.107	-341.7262	112.6192	0.430294	4.335445	2.501994	1.810653
6090	-229.7461	-342.0153	112.2692	0.3671937	4.050704	2.501994	2.148994
6096	-231.6536	-344.545	112.8914	0.2213664	3.857709	1.769523	2.148994
6102	-232.9862	-345.2204	112.2342	0.3694839	3.857709	3.315094	1.979035
6108	-244.9167	-357.504	112.5873	0.08166087	7.091317	1.535988	1.979035
6114	-236.875	-349.776	112.901	0.5659449	5.99058	2.494116	1.148932
6120	-244.4774	-357.1679	112.6905	0.364173	7.911524	2.494116	1.148932
6126	-247.7014	-360.9855	113.2841	0.7812911	4.740247	2.572362	0.8402508
6132	-228.5565	-341.9778	113.4214	0.4681533	4.365688	2.567664	1.137495
6138	-227.9556	-340.5601	112.6045	0.3160181	7.355736	2.706942	1.270494
6144	-232.9402	-345.5312	112.591	0.8445976	7.355736	2.706942	0.7482529
6150	-231.4095	-343.7157	112.3063	0.8965516	7.697638	3.187042	0.6762642
6156	-229.5126	-343.3418	113.8293	0.8383258	3.653177	1.241451	1.381624
6162	-234.4192	-347.4755	113.0562	0.8200957	7.269956	1.072565	1.359948
6168	-235.865	-349.4852	113.6202	0.5291714	6.338191	1.072565	1.303737
6174	-239.139	-352.0885	112.9495	0.6371024	4.979017	3.196824	0.9901993
6180	-231.3541	-344.5016	113.1475	0.4680917	3.711629	2.684406	1.491851
6186	-231.9925	-344.7234	112.731	0.2032815	6.061398	2.684406	1.491851
6192	-224.9134	-337.2722	112.3588	1.095248	4.766394	4.25415	0.7747491
6198	-234.6551	-347.6119	112.9568	1.133501	3.023438	4.25415	0.7311317
6204	-233.7064	-347.0635	113.3571	0.7975503	2.263832	4.295972	1.055183
6210	-224.1013	-337.9368	113.8354	0.6781069	1.905034	2.916372	1.359302
6216	-233.9107	-346.1697	112.2589	0.6242607	1.905034	7.391288	1.618182
6222	-231.0637	-344.1671	113.1034	0.7293955	2.702839	3.226092	1.460086
6228	-234.7974	-348.1534	113.3561	0.8031339	2.702839	2.490111	1.460086
6234	-241.021	-354.0254	113.0045	0.07911398	3.664945	3.081436	1.762423
6240	-228.1316	-341.1777	113.0462	0.3419014	3.664945	3.081436	1.54401
6246	-232.216	-344.8526	112.6366	0.303497	5.671069	3.081436	1.427826
6252	-230.1168	-342.9265	112.8098	0.7152524	5.671069	2.551169	1.142782
6258	-234.5559	-347.7347	113.1788	0.8946805	3.49945	1.818787	1.556084
6264	-240.6536	-352.9542	112.3006	0.8887052	3.49945	2.797761	1.816416
6270	-238.3427	-351.7267	113.384	0.465758	1.803954	2.797761	1.922095
6276	-246.7358	-359.975	113.2391	0.9013339	1.803954	4.519816	1.242813
6282	-231.2566	-343.5767	112.3201	0.5909916	4.49018	4.633987	1.279764
6288	-234.6386	-347.6885	113.0499	0.5445933	2.779256	3.058781	1.660259
6294	-227.9292	-341.6961	113.7669	0.8297801	4.053863	1.513372	1.148104
6300	-233.7152	-347.7419	114.0268	0.9567237	2.662947	1.513372	1.282725
6306	-235.6457	-348.9895	113.3438	0.7169262	3.421171	2.709063	1.214392
6312	-231.6096	-343.9447	112.3351	0.849357	4.101362	3.853597	1.36106
6318	-222.033	-334.06	112.0271	0.9443654	4.101362	6.695283	0.8346959
6324	-233.598	-344.4241	110.8262	1.363979	7.711602	6.695283	0.3803897
6330	-227.3937	-340.173	112.7793	0.8561925	7.711602	1.895283	0.943183
6336	-236.9996	-349.8167	112.8171	0.8183727	7.711602	1.895283	0.943183
6342	-230.3547	-343.9663	113.6116	0.09098414	5.539753	2.012556	1.263963
6348	-234.4909	-347.9048	113.4139	0.02286779	5.539753	2.267776	1.363872
6354	-233.2312	-346.788	113.5568	0.3300975	5.531538	1.157313	1.59513
6360	-227.7062	-341.207	113.5007	0.7400344	4.860571	1.618868	1.176071
6366	-233.7831	-348.0022	114.219	0.9854149	3.584733	0.9608639	1.176071
6372	-234.8057	-347.6417	112.836	0.7558447	3.584733	3.125746	1.397927
6378	-232.8845	-345.1497	112.2652	0.4430457	3.557717	5.164821	1.561659
6384	-236.8456	-348.7397	111.894	0.6059377	3.861569	5.164821	1.634066
6390	-240.2877	-352.6588	112.3711	0.7538534	3.861569	5.164821	1.142739
6396	-240.6682	-353.3352	112.667	0.9487821	6.441417	2.003324	1.156631
6402	-235.2579	-348.4193	113.1614	0.5823537	6.568977	2.097512	0.9557366
6408	-240.8457	-352.6623	111.8167	0.458346	6.568977	3.664289	1.596657
6414	-228.8479	-341.3003	112.4524	0.5637263	4.621011	3.664289	1.417498
6420	-233.0338	-346.0237	112.9899	0.08352812	4.694317	2.78135	1.623719
6426	-230.5082	-343.7961	113.2879	0.5770786	4.694317	1.734238	1.45607
6432	-240.1728	-353.2968	113.124	0.9611521	2.753721	3.523638	1.141788
6438	-248.0766	-361.032	112.9554	0.1243242	3.019864	3.523638	1.81901
6444	-239.0842	-350.9154	111.8312	0.103541	2.572132	4.94073	2.401936
6450	-242.6008	-354.7802	112.1794	0.4625807	2.572132	2.906458	2.401936
6456	-243.089	-355.1179	112.0289	0.4217739	2.995575	2.906458	2.401936
6462	-231.1756	-344.0289	112.8533	0.5563333	4.817704	2.006216	1.641479
6468	-227.5886	-340.4019	112.8133	0.5804934	3.813611	2.075127	1.848172
6474	-232.9828	-345.4307	112.4479	0.6429912	3.813611	2.075127	2.051889
6480	-237.6548	-350.7712	113.1165	0.4362339	3.987241	2.283667	1.613913
6486	-232.1646	-344.8744	112.7099	0.390437	4.334338	2.925936	1.63739
6492	-234.9873	-347.5791	112.5918	0.623808	4.334338	2.66945	1.63739
6498	-230.9391	-343.7927	112.8536	0.4491724	4.06515	2.66945	1.63739
6504	-230.2566	-343.8619	113.6052	0.7459177	4.06515	1.373208	1.432775
6510	-235.6056	-348.4839	112.8783	0.5723225	4.06515	2.954956	1.432775
6516	-229.8053	-342.6163	112.8111	0.5341919	3.200525	1.976041	2.07384
6522	-226.8461	-340.0189	113.1728	0.6348382	4.172208	0.9277017	2.07384
6528	-239.1604	-351.2972	112.1368	0.5776016	3.213974	3.650995	1.980844
6534	-228.2064	-341.5968	113.3905	0.7941354	2.963493	2.230885	1.454048
6540	-227.4703	-340.2392	112.7689	0.6442204	3.093189	4.5553	1.29356
6546	-233.059	-346.296	113.237	0.9944513	2.984773	3.470242	0.9194836
6552	-222.4989	-335.1037	112.6048	1.124272	5.014308	3.417658	0.6900586
6558	-240.713	-352.9468	112.2338	1.108481	6.820987	3.417658	0.5237377
6564	-245.7988	-358.8031	113.0043	1.380349	4.005563	2.704941	0.5743927
6570	-237.2585	-350.1466	112.8881	1.630109	3.592699	2.704941	0.4033051
6576	-237.4037	-351.4517	114.0481	1.630109	3.592699	0.959541	0.4033051
6582	-230.7256	-344.7144	113.9888	1.630109	1.930478	2.100566	0.4908597
6588	-245.2126	-357.9812	112.7686	1.611999	1.930478	5.42604	0.4799577
6594	-238.8958	-350.8332	111.9374	1.344816	2.532178	8.82943	0.6784352
6600	-243.8488	-357.646	113.7972	1.384404	2.169012	2.45007	0.7790344
6606	-237.2687	-351.1228	113.8541	0.8507034	2.789323	2.081704	1.16089
6612	-237.648	-350.2558	112.6078	1.475038	2.715203	4.996913	0.5411168
6618	-235.7411	-348.6307	112.8897	1.475038	2.715203	3.945499	0.6665965
6624	-232.2581	-345.3276	113.0695	1.221926	2.953874	3.945499	0.5839969
6630	-239.6039	-352.3921	112.7882	1.12977	3.089596	3.732659	1.092084
6636	-234.9452	-348.1489	113.2037	1.023423	3.757606	2.779952	0.9075396
6642	-238.3751	-350.2065	111.8315	0.5231546	3.928728	5.678384	1.62499
6648	-227.4508	-340.1142	112.6633	0.3235353	4.50362	2.155134	1.940962
6654	-226.6966	-339.5792	112.8826	0.1633817	4.313448	2.155134	1.940962
6660	-231.1901	-344.4153	113.2252	0.0419651	5.721424	2.293934	1.448945
6666	-237.3588	-348.9479	111.5891	0.07836886	4.962221	4.18133	2.16568
6672	-232.3991	-345.5954	113.1963	0.09542589	4.962221	2.243837	1.600699
6678	-243.447	-356.0712	112.6242	0.009086478	3.179122	3.529711	2.073647
6684	-233.3604	-347.0212	113.6608	0.0005069816	3.899464	2.429125	1.50074
6690	-238.1592	-351.3872	113.228	0.002274242	4.411882	3.236995	1.426687
6696	-240.3151	-353.7608	113.4457	0.008436228	4.411882	2.333858	1.566397
6702	-238.283	-350.7141	112.4311	0.03026449	5.112165	3.501146	1.763706
6708	-234.4332	-348.0223	113.5891	0.08389249	3.547008	1.910877	1.788558
6714	-231.9635	-344.4639	112.5004	0.08435899	3.547008	2.768329	2.215795
6720	-229.3954	-342.3925	112.9971	0.2672695	5.014523	1.268885	2.053987
6726	-230.8106	-343.145	112.3344	0.6660404	3.567231	5.111483	1.347282
6732	-244.9351	-357.2255	112.2904	0.525244	3.567231	5.111483	1.490078
6738	-236.5181	-349.8449	113.3268	0.5355844	4.382976	2.735255	1.085795
6744	-226.7437	-340.2722	113.5285	0.6322629	4.382976	1.463517	1.447105
6750	-226.5159	-339.8698	113.3539	0.4876736	5.337961	1.463517	1.480839
6756	-227.2949	-338.9468	111.6519	0.4829876	3.786575	7.944648	1.457108
6762	-223.2538	-336.2488	112.9951	0.8824259	3.786575	1.861201	1.603709
6768	-229.3114	-341.788	112.4766	0.5195847	2.765436	5.367002	1.548128
6774	-230.091	-343.137	113.046	0.4091207	3.05974	2.256231	1.934324
6780	-228.3477	-340.3691	112.0214	0.6543785	4.683666	2.256231	2.07548
6786	-239.5446	-351.9763	112.4317	0.9459447	5.340334	3.383501	1.026352
6792	-247.8611	-360.365	112.5039	0.6244114	4.71852	3.904325	1.236249
6798	-245.3751	-358.0369	112.6619	0.8925597	4.037657	3.904325	1.046479
6804	-237.8081	-350.4666	112.6585	0.9259993	5.694459	3.043011	0.8533046
6810	-230.9942	-343.9697	112.9755	0.7989964	4.279393	2.417304	1.320142
6816	-233.1776	-345.5602	112.3826	0.7053955	5.757637	3.244104	1.2389
6822	-236.7435	-349.3307	112.5872	0.5149588	3.454427	3.800113	1.609727
6828	-234.8381	-347.6058	112.7677	0.7538492	3.47705	3.800113	1.28191
6834	-234.0413	-347.653	113.6117	0.7538492	3.47705	2.397294	1.057773
6840	-234.4243	-347.5162	113.0919	0.4346598	5.648147	2.397294	1.212789
6846	-240.0579	-353.0967	113.0387	0.1607039	5.842877	2.397294	1.43669
6852	-233.513	-345.9799	112.4669	0.4899042	5.842877	2.431425	1.604698
6858	-244.2088	-357.0027	112.7939	0.5958084	5.842877	2.854084	1.099783
6864	-234.1658	-346.9514	112.7856	0.5319528	2.332512	2.854084	2.058318
6870	-240.2209	-353.6785	113.4576	0.7016123	1.520679	3.894463	1.537007
6876	-233.7476	-346.1343	112.3867	0.3030202	3.275872	3.894463	1.923031
6882	-237.3748	-350.0094	112.6346	0.1794569	3.275872	3.894463	1.838387
6888	-240.6042	-353.5992	112.995	0.1035464	3.275872	1.854362	2.262682
6894	-245.209	-359.041	113.8321	1.152523	1.845105	1.845719	1.452174
6900	-238.9591	-352.6755	113.7164	0.8050898	3.829326	1.232277	1.452174
6906	-234.2353	-346.8143	112.579	0.9943577	5.139828	3.003526	1.038113
6912	-239.7998	-352.601	112.8012	0.8886347	5.593819	2.382346	1.087248
6918	-235.7942	-348.2868	112.4926	1.062237	5.127866	3.035646	1.045944
6924	-234.8111	-346.7736	111.9624	1.062237	3.700138	6.36019	1.010151
6930	-235.0695	-348.9984	113.929	1.051306	3.241725	1.763739	0.8918592
6936	-226.1386	-338.9257	112.7871	0.9727517	3.241725	4.370071	0.9793556
6942	-231.708	-343.8851	112.1771	0.9727517	3.280805	6.824373	0.9371604
6948	-218.6699	-332.0799	113.41	1.114832	3.184445	2.005945	1.208491
6954	-229.8339	-342.1026	112.2687	1.022066	6.301641	2.213148	1.355354
6960	-223.6416	-336.6664	113.0248	0.5680442	3.732764	2.403382	1.6038
6966	-225.6239	-338.2271	112.6033	0.6919953	5.112863	4.121915	0.9031842
6972	-237.3548	-349.4938	112.139	1.065338	3.815246	5.420272	1.020212
6978	-237.5772	-349.9059	112.3287	0.9312258	3.815246	5.420272	0.9641456
6984	-230.6493	-343.2918	112.6425	1.074462	2.50727	5.905132	0.9199126
6990	-240.9812	-354.3002	113.319	0.9130538	4.111587	2.607416	0.8545009
6996	-244.5334	-355.858	111.3245	1.004408	4.111587	10.03849	0.860365
7002	-246.7873	-358.3248	111.5375	1.887382	3.596943	4.829816	0.1900756
7008	-241.5853	-353.8875	112.3023	1.870271	2.183358	4.829816	0.2338857
7014	-236.4898	-348.443	111.9532	1.738329	1.963238	8.470792	0.5803132
7020	-235.6308	-349.1079	113.4772	1.303194	3.38604	2.368032	0.4775343
7026	-232.2581	-345.7106	113.4525	1.006246	3.399258	2.368032	1.010698
7032	-228.9381	-343.0612	114.1231	1.052987	3.905548	0.8375025	1.217314
7038	-238.0921	-351.2868	113.1947	0.6210431	2.949243	1.194297	2.19906
7044	-229.3358	-342.5467	113.2109	0.6009961	3.938132	2.415286	1.380579
7050	-223.5117	-336.6931	113.1814	0.8356929	3.908519	1.546352	1.62388
7056	-228.3068	-341.8077	113.5009	0.6517503	2.705095	2.082053	1.62388
7062	-241.7555	-354.5885	112.833	1.104856	4.063686	3.685997	0.6530583
7068	-241.3063	-354.9521	113.6458	1.104856	4.063686	1.212912	1.218178
7074	-251.12	-364.3032	113.1832	0.7027667	4.205578	2.188321	1.346137
7080	-242.8834	-353.6574	110.7739	0.5815056	3.298717	10.23605	1.86444
7086	-236.3886	-346.8879	110.4993	0.6757338	2.29608	10.23605	2.282916
7092	-230.2433	-341.2407	110.9974	0.4477675	4.442808	10.23605	1.517943
7098	-242.2069	-352.8703	110.6634	1.053457	4.442808	12.91493	0.9720799
7104	-236.315	-348.5716	112.2566	0.4287494	4.208332	5.290555	1.383018
7110	-235.9772	-348.001	112.0238	0.9148813	2.846445	6.333905	1.383018
7116	-226.7062	-339.3486	112.6425	0.8513546	3.25941	1.882146	1.997302
7122	-225.6202	-339.1993	113.5791	0.6431354	2.993009	1.882146	1.566348
7128	-239.1312	-351.3881	112.2569	0.9427277	3.37922	4.841186	1.305515
7134	-231.1882	-344.514	113.3258	1.1847	1.801394	4.40068	0.9342898
7140	-235.9471	-348.9397	112.9926	1.393804	1.432179	6.745091	0.5948566
7146	-228.2975	-340.9626	112.6651	1.147541	2.492657	6.03688	0.7721919
7152	-231.4254	-345.8485	114.4231	0.9157288	2.256114	1.577196	1.112407
7158	-231.0402	-343.5436	112.5034	1.037491	4.469335	4.388354	0.7131644
7164	-230.9125	-343.7406	112.828	0.9841369	4.287701	3.743752	0.7131644
7170	-242.3288	-355.5836	113.2547	0.4412531	2.306762	3.705614	1.571983
7176	-235.6757	-347.9748	112.2991	0.6729534	5.100952	3.696596	1.334706
7182	-233.4107	-346.2793	112.8685	0.4939621	2.508624	3.696596	1.739959
7188	-236.8957	-349.8054	112.9097	0.5902288	2.66422	4.008507	1.508504
7194	-231.9266	-344.6893	112.7627	0.7845037	2.66422	4.008507	1.472921
7200	-237.3037	-350.4971	113.1934	1.032718	3.238004	3.221436	0.9169725
7206	-231.7832	-345.0246	113.2414	1.032718	2.973338	3.221436	0.9818255
7212	-241.3762	-354.1002	112.7239	0.6630945	4.84043	3.585453	1.076715
7218	-238.6496	-351.7287	113.0791	0.5007281	6.928188	0.9502722	1.723078
7224	-240.6618	-353.2028	112.5409	0.3661585	6.928188	2.010258	1.625291
7230	-242.5717	-354.1396	111.5679	0.626659	3.30745	5.33168	1.956399
7236	-236.3927	-347.7651	111.3724	0.6265863	2.450421	8.548543	1.872783
7242	-236.6796	-348.2861	111.6065	0.3977251	3.681828	8.548543	1.499471
7248	-240.7852	-353.4976	112.7125	0.5445225	3.603512	2.259945	1.92318
7254	-244.7437	-357.1236	112.3799	0.7952276	3.869457	3.87149	1.424614
7260	-232.3468	-345.7334	113.3866	0.650444	2.518142	3.87149	1.171986
7266	-235.0508	-347.5619	112.5111	0.3536708	3.083077	3.136227	2.048304
7272	-235.139	-348.3826	113.2436	0.5961346	3.434395	1.879261	1.71502
7278	-239.2309	-351.4015	112.1705	0.5356867	3.007	3.893024	1.986295
7284	-230.6066	-342.6416	112.035	0.530026	3.355158	3.893024	1.986295
7290	-236.9124	-349.9908	113.0784	0.530026	3.496931	1.547243	2.007837
7296	-244.0055	-357.1487	113.1432	0.3666725	4.020405	1.547243	1.949582
7302	-234.2828	-347.1764	112.8936	0.9864063	2.378716	2.680492	1.712586
7308	-237.7414	-351.6563	113.9148	0.9976945	1.566609	2.680492	1.302694
7314	-234.6727	-348.9632	114.2905	1.05293	1.566609	2.680492	0.9053019
7320	-246.2536	-358.7917	112.5381	1.630767	2.383905	5.164528	0.635676
7326	-227.592	-341.2345	113.6425	1.73105	2.644676	1.765314	0.3365879
7332	-235.8352	-348.7429	112.9078	1.789308	1.8759	4.41391	0.5568903
7338	-234.4415	-348.8654	114.424	1.284917	1.837517	1.566776	0.9973333
7344	-245.5404	-360.0812	114.5408	1.335151	1.378861	1.890956	0.9349884
7350	-244.3237	-357.9252	113.6015	0.494099	3.781533	2.359642	1.217001
7356	-233.5769	-347.2571	113.6803	0.8680887	2.745943	2.359642	1.183443
7362	-234.265	-347.5231	113.258	0.7135294	4.029081	2.860669	1.03744
7368	-235.6846	-349.0646	113.38	1.167798	2.242091	3.270077	1.03744
7374	-228.0619	-341.3727	113.3108	1.088484	3.870387	2.397241	0.8751138
7380	-225.5254	-338.3042	112.7788	1.088484	4.143941	3.372495	0.8861398
7386	-228.1888	-341.0995	112.9108	1.219176	3.767427	3.372495	0.7031483
7392	-228.9494	-340.7153	111.7659	0.7038313	5.882246	5.29276	1.173966
7398	-226.3834	-339.2624	112.8789	0.9624676	6.878233	2.189818	0.6688772
7404	-224.1601	-337.9016	113.7414	0.9321715	4.83367	1.317211	0.9905288
7410	-218.022	-330.5138	112.4919	0.3159865	3.538115	2.910648	2.030717
7416	-229.514	-341.8288	112.3148	0.3721697	3.538115	2.910648	2.110383
7422	-229.4497	-342.3409	112.8912	0.1851579	3.538115	2.566008	1.956737
7428	-226.5521	-339.9082	113.3561	0.3101102	3.538115	1.572428	1.946865
7434	-230.7648	-344.2964	113.5316	0.5758961	3.538115	1.572428	1.640624
7440	-236.4384	-349.7697	113.3314	0.1517813	4.783312	1.901788	1.640624
7446	-241.477	-354.3797	112.9027	0.4230725	3.519262	2.544699	1.798545
7452	-232.8437	-345.53	112.6863	1.313147	3.519262	3.455721	0.9457292
7458	-231.6561	-345.2874	113.6313	0.8794288	3.519262	2.052794	1.081266
7464	-241.7385	-354.8759	113.1374	0.7211154	6.020454	2.052794	0.994756
7470	-229.9324	-342.1932	112.2608	0.6445497	7.476994	3.319236	1.031839
7476	-220.546	-333.0255	112.4794	0.7139579	6.110135	3.009099	1.157671
7482	-231.9343	-344.3289	112.3946	0.7492555	6.110135	3.009099	1.200673
7488	-236.6896	-350.6349	113.9453	0.937386	3.967239	1.493381	0.9116485
7494	-233.7204	-346.8406	113.1202	0.5684171	5.685697	1.493381	1.511421
7500	-228.5427	-341.1654	112.6227	0.6664263	4.455813	1.493381	2.029741
7506	-223.2922	-336.3763	113.0841	0.2018904	4.455813	1.34162	2.108616
7512	-219.7289	-333.3173	113.5883	1.01799	4.455813	1.34162	1.141648
7518	-220.2479	-333.8015	113.5536	1.131816	4.933527	1.34162	0.9278521
7524	-220.6141	-333.184	112.5699	0.5733262	4.897331	1.794261	1.901498
7530	-216.5132	-329.6145	113.1013	0.3131202	4.897331	1.763381	1.728041
7536	-220.4869	-333.4949	113.008	0.2152579	4.897331	1.763381	1.860541
7542	-229.9356	-343.2372	113.3016	0.476494	4.660171	1.763381	1.51489
7548	-231.0322	-344.4341	113.402	0.8952591	4.34158	1.763381	1.178488
7554	-239.9306	-353.2036	113.273	0.8561507	5.752185	1.763381	0.9657295
7560	-231.3639	-344.5707	113.2068	1.300659	3.715775	2.664599	0.5589554
7566	-231.8544	-344.8481	112.9937	0.981915	4.584583	3.018926	0.7526385
7572	-242.7224	-356.2049	113.4825	0.7611667	7.195276	1.075855	1.0559
7578	-242.096	-355.4319	113.3359	0.4805974	7.195276	1.075855	1.416381
7584	-232.5484	-345.8368	113.2884	1.488724	5.208671	1.187284	0.8846221
7590	-228.5102	-342.0791	113.5689	1.256922	4.812716	1.002135	1.120516
7596	-224.277	-336.6323	112.3553	0.7568735	5.490861	3.087111	1.327087
7602	-230.4186	-342.8645	112.4459	0.5701279	5.490861	2.847938	1.481477
7608	-230.5522	-343.2046	112.6524	0.8035734	5.93921	2.747172	1.060814
7614	-234.5056	-345.8797	111.3742	0.432361	5.93921	5.402095	1.656155
7620	-234.4838	-345.836	111.3521	0.7330905	5.716219	5.464311	1.479987
7626	-225.428	-338.28	112.8521	0.7481737	2.193466	5.592542	1.252963
7632	-232.8736	-346.5715	113.6979	1.004149	2.318132	3.363308	0.7780824
7638	-223.3797	-336.0058	112.6261	0.4299517	3.626728	3.363308	1.712098
7644	-227.6181	-340.4228	112.8047	0.3427163	4.254681	3.363308	1.489651
7650	-231.5103	-344.386	112.8757	0.5442772	3.443934	3.050384	1.590271
7656	-230.5587	-343.4229	112.8642	0.6159179	3.273328	3.050384	1.594699
7662	-226.6353	-340.3756	113.7403	0.6012434	3.273328	1.477395	1.594699
7668	-229.5486	-342.898	113.3494	1.162762	4.61974	1.477395	1.086983
7674	-228.9499	-341.8417	112.8918	0.5484944	5.788611	2.756523	1.10577
7680	-233.6632	-346.6706	113.0074	0.2622881	5.788611	1.505609	1.787411
7686	-227.2059	-340.2519	113.046	0.2703593	7.568927	1.505609	1.468323
7692	-235.1969	-347.7381	112.5411	0.6216981	6.477104	2.559358	1.283607
7698	-233.7075	-346.8803	113.1728	0.7784731	6.925904	1.659787	0.9397438
7704	-243.6419	-356.0419	112.4001	0.5977637	4.926838	2.789433	1.627049
7710	-237.2	-350.755	113.5549	0.4284382	2.386383	1.712087	2.004455
7716	-239.2397	-352.9647	113.7249	0.60155	2.386383	1.712087	1.770998
7722	-247.3401	-361.3799	114.0397	0.7063375	2.386383	1.163454	1.770998
7728	-235.6775	-349.1138	113.4363	0.9731559	2.386383	2.58624	1.348687
7734	-239.4945	-352.5938	113.0992	0.8185157	2.386383	4.163792	1.246163
7740	-235.7487	-348.0782	112.3295	1.025661	6.74809	2.732193	0.983538
7746	-232.7684	-344.893	112.1246	1.022709	5.653313	4.207721	0.8772755
7752	-228.303	-341.5828	113.2797	0.9848145	5.653313	1.816857	0.7979033
7758	-234.4491	-347.6176	113.1685	0.9031552	4.158752	3.190515	0.6985665
7764	-234.4699	-348.8491	114.3793	1.162734	2.705693	1.217191	0.9721172
7770	-238.782	-350.8406	112.0586	1.366048	5.273774	4.125073	0.6568653
7776	-233.2368	-346.5144	113.2776	1.226074	4.585363	2.114012	0.5610385
7782	-236.1938	-349.7505	113.5567	1.510063	4.229602	1.427208	0.5285688
7788	-242.7353	-356.5547	113.8194	0.9941881	4.179741	1.427208	0.9633779
7794	-243.0972	-356.6386	113.5414	1.371854	5.038165	0.7067818	1.277384
7800	-240.0858	-354.0579	113.9721	1.382719	3.612971	0.6137955	1.387756
7806	-246.8768	-360.5375	113.6607	1.51777	3.130188	1.23867	1.125722
7812	-242.5925	-355.3697	112.7773	1.119436	3.130188	4.435111	0.8562274
7818	-232.9369	-346.2205	113.2836	1.2854	3.741365	2.332939	0.7567458
7824	-232.4822	-345.6913	113.2091	1.345562	3.741365	2.332939	0.7773531
7830	-230.9273	-343.3813	112.4541	1.236443	5.512031	3.318573	0.5215109
7836	-230.5282	-344.9196	114.3914	1.571457	2.644499	1.083846	0.5619253
7842	-230.2515	-343.369	113.1175	0.3481361	3.243719	2.194783	1.898789
7848	-237.5674	-350.6761	113.1086	0.4329675	5.040127	2.814477	1.167786
7854	-237.9381	-350.9564	113.0183	0.698226	8.544469	1.749707	0.7672058
7860	-241.1579	-353.8448	112.6869	0.81292	8.544469	1.749707	1.01603
7866	-229.4018	-342.1503	112.7485	0.2693746	11.53395	1.134689	1.425253
7872	-238.4926	-351.1144	112.6219	0.1146431	6.22496	1.134689	2.272245
7878	-235.005	-348.0831	113.0781	0.5789591	6.22496	2.06635	1.131923
7884	-233.2477	-346.1498	112.9021	0.4094321	6.22496	2.06635	1.416971
7890	-230.7835	-342.9459	112.1624	0.2852833	6.22496	4.086757	1.416971
7896	-234.2068	-346.7133	112.5065	0.1788725	3.554804	2.153094	2.346388
7902	-231.9107	-345.3465	113.4358	0.2249877	3.554804	2.153094	1.696553
7908	-241.0961	-354.1668	113.0707	0.1947044	3.554804	2.297215	1.916294
7914	-238.8388	-352.8554	114.0165	0.4961514	3.554804	0.9896273	1.695815
7920	-236.1392	-349.2934	113.1542	0.2773253	5.412064	1.537897	1.725141
7926	-238.2544	-350.0383	111.784	0.7040726	5.047138	3.047116	1.881759
7932	-233.5361	-346.3941	112.858	0.7069572	5.128439	3.047116	1.031428
7938	-225.6188	-338.6771	113.0582	0.9422937	7.136069	1.63687	0.8512377
7944	-226.5416	-339.3073	112.7657	1.353023	7.242663	1.63687	0.6327668
7950	-220.0283	-332.5855	112.5572	1.87983	5.007942	1.63687	0.2258758
7956	-227.2531	-339.5446	112.2915	1.565161	6.481227	2.225289	0.3084418
7962	-227.0545	-340.5555	113.501	1.497554	3.376584	1.96602	0.4382349
7968	-225.756	-338.8497	113.0937	1.503869	4.135647	2.140978	0.372793
7974	-237.9713	-351.863	113.8917	1.850418	4.135647	0.7447806	0.4262611
7980	-229.6743	-342.5795	112.9052	1.446788	4.908668	2.207884	0.4262611
7986	-225.5463	-338.7266	113.1803	1.183824	4.907736	2.207884	0.4886384
7992	-225.7295	-337.7783	112.0487	1.183824	8.311982	2.949556	0.5414274
7998	-226.8304	-339.8361	113.0058	1.000771	5.754528	2.139511	0.8504734
8004	-234.0064	-347.7637	113.7573	0.9800772	8.071472	0.7025035	0.7705629
8010	-227.8315	-340.9414	113.1099	0.9715847	8.071472	0.7025035	1.395478
8016	-225.8912	-337.7196	111.8284	1.435843	6.459943	3.847181	0.5380636
8022	-225.8309	-337.5178	111.6869	1.165539	5.910122	4.630895	0.984898
8028	-218.43	-331.196	112.7659	0.6614927	5.910122	2.583347	1.162797
8034	-220.0106	-332.4042	112.3936	0.3482822	2.837921	4.425417	1.894655
8040	-232.0165	-343.7828	111.7663	0.362395	3.993416	4.425417	2.007568
8046	-229.3133	-341.8881	112.5748	0.3060029	3.326982	3.543197	1.864868
8052	-230.5409	-343.541	113	0.6852244	3.326982	1.847012	1.864868
8058	-227.7933	-340.1596	112.3663	0.3926497	4.039059	4.36983	1.570796
8064	-226.406	-339.9405	113.5345	0.5983787	3.65261	2.157044	1.313598
8070	-232.1093	-344.7699	112.6607	0.1301478	4.714783	2.984948	1.756692
8076	-239.2111	-350.7864	111.5753	0.4045242	4.714783	5.293434	1.784851
8082	-232.6149	-346.0196	113.4047	0.2924887	2.845002	3.234131	1.511392
8088	-237.2182	-349.6315	112.4133	0.75075	3.669467	4.5789	1.309161
8094	-240.5177	-353.5501	113.0325	0.8010756	4.104325	3.123371	1.038534
8100	-233.2057	-346.8085	113.6027	0.6551219	2.691144	3.123371	1.153083
8106	-231.3568	-344.1095	112.7527	0.3527914	2.691144	3.300306	1.958562
8112	-230.2715	-343.0136	112.742	0.2899392	2.691144	3.07735	2.067498
8118	-237.6935	-350.4212	112.7277	0.2452387	2.691144	2.502107	2.274643
8124	-242.1818	-356.6184	114.4366	1.256897	2.466163	0.8374662	1.277883
8130	-235.5584	-349.9667	114.4083	1.19671	3.310053	0.8374662	1.027125
8136	-238.9966	-353.3625	114.366	0.8886914	1.823957	1.978836	1.179201
8142	-231.2533	-345.107	113.8537	1.283405	1.823957	3.007028	0.767179
8148	-230.5643	-343.8525	113.2883	1.197689	2.80157	3.383784	0.7407204
8154	-219.1341	-332.0443	112.9102	0.9581688	3.498392	3.383784	1.108216
8160	-221.8275	-334.5443	112.7168	0.7650136	3.498392	3.383784	1.428405
8166	-228.3562	-340.3673	112.0111	0.8378781	5.02633	3.37972	1.535642
8172	-228.5359	-341.3176	112.7817	0.2775897	5.223587	3.37972	1.332396
8178	-222.8357	-334.918	112.0824	0.2403279	3.71154	3.37972	2.18139
8184	-213.4007	-327.0113	113.6106	0.3743788	3.652195	2.129166	1.441949
8190	-222.3823	-335.5997	113.2174	0.9170167	3.652195	2.197722	1.294369
8196	-227.1695	-340.4524	113.2829	0.5692844	3.706708	2.197722	1.499097
8202	-219.5319	-333.0163	113.4844	0.3645056	4.160392	2.197722	1.382924
8208	-224.8017	-337.8958	113.0941	0.6900445	5.285738	2.197722	1.162539
8214	-228.0857	-340.3095	112.2238	0.4817612	4.335908	5.627066	1.263382
8220	-225.9315	-338.0045	112.073	0.5047838	4.026844	5.627066	1.444427
8226	-226.0521	-338.4688	112.4168	0.5638501	2.960735	5.627066	1.444427
8232	-226.4706	-339.2578	112.7871	0.7477584	2.960735	3.536416	1.507806
8238	-229.9665	-343.1412	113.1747	0.7177197	3.94766	1.658037	1.647892
8244	-230.9713	-342.789	111.8177	0.651366	3.94766	5.636943	1.544315
8250	-230.8335	-343.986	113.1526	1.137557	4.747262	0.9347949	1.615264
8256	-229.7404	-343.7766	114.0362	1.02495	5.785962	0.7051956	0.9668527
8262	-227.5849	-340.4098	112.8249	0.7464602	5.111542	3.112012	1.003141
8268	-229.9254	-342.7347	112.8093	0.8701273	3.689301	3.112012	1.302593
8274	-229.5187	-343.2794	113.7607	0.948525	3.117208	2.216985	0.9507415
8280	-231.1732	-343.8922	112.7189	0.6368016	3.117208	3.018204	1.738276
8286	-235.5741	-347.9545	112.3805	0.5810872	3.730411	3.018204	1.848878
8292	-236.3912	-348.9123	112.5211	0.6425165	3.819961	2.379425	1.891697
8298	-233.0092	-345.1797	112.1706	0.4383646	3.819961	3.911116	1.836469
8304	-246.5156	-358.9264	112.4107	1.044438	3.237232	3.616749	1.459255
8310	-244.3143	-356.2146	111.9003	0.2848635	2.952526	3.616749	2.402589
8316	-226.0199	-339.848	113.828	0.8874487	3.529719	2.04884	0.8684931
8322	-229.9953	-343.264	113.2687	1.151526	4.734428	2.04884	0.7323897
8328	-228.6881	-342.2803	113.5921	1.249328	3.059063	1.909615	1.01987
8334	-233.9828	-347.5251	113.5424	1.110773	2.13875	3.33301	0.9638081
8340	-238.6273	-350.8462	112.2189	0.478164	2.261793	4.396617	2.116772
8346	-239.8199	-352.4243	112.6044	0.2773614	2.483001	4.396617	1.918568
8352	-242.5366	-354.7495	112.2129	1.312041	4.629621	4.275203	0.7183096
8358	-239.2098	-351.7325	112.5227	0.942671	4.629621	4.465252	0.7183096
8364	-224.6639	-337.1397	112.4758	0.9141201	3.793794	4.465252	1.107966
8370	-236.6015	-349.4714	112.8699	1.301581	2.77584	3.827403	0.9433725
8376	-231.8674	-344.3637	112.4964	1.435412	4.03418	3.827403	0.5508431
8382	-224.8617	-338.4628	113.6011	1.291028	4.406271	1.410316	0.8044098
8388	-239.5336	-352.6084	113.0748	1.165545	2.152594	4.981825	0.8044098
8394	-231.988	-344.2452	112.2572	1.452338	3.216481	5.585496	0.54289
8400	-237.5472	-349.7906	112.2434	1.452338	3.216481	5.585496	0.5988257
8406	-231.1847	-343.3817	112.197	1.452338	3.216481	5.585496	0.700225
8412	-233.1903	-345.8364	112.6461	1.632207	3.216481	3.679105	0.4327509
8418	-230.2425	-343.0415	112.799	1.632207	3.617025	2.827171	0.663788
8424	-231.2988	-344.6131	113.3143	0.9997589	2.758448	2.827171	1.187709
8430	-230.0335	-344.3241	114.2906	0.9883863	2.758448	1.027088	1.338928
8436	-238.3196	-349.7808	111.4611	0.8026761	4.770483	4.811266	1.667915
8442	-227.7005	-341.5743	113.8737	1.151395	4.770483	0.971247	0.9710293
8448	-223.8417	-337.7754	113.9337	1.102645	4.770483	0.971247	0.9593485
8454	-229.9281	-344.1058	114.1777	1.046424	3.149606	0.971247	1.292362
8460	-234.292	-347.9131	113.6212	0.9148153	2.511354	2.8231	1.095559
8466	-230.4971	-344.139	113.6419	0.8968144	2.511354	1.664096	1.598447
8472	-230.0998	-342.2015	112.1017	0.5689804	2.98421	6.283326	1.549838
8478	-229.9574	-342.7998	112.8425	1.006014	2.98421	2.508303	1.59166
8484	-233.6767	-345.7104	112.0337	0.6301474	2.940139	5.053973	1.790916
8490	-240.665	-353.3475	112.6826	0.5918296	3.315285	4.174227	1.427034
8496	-241.7865	-355.1329	113.3463	0.9235436	2.294087	3.97642	1.02972
8502	-237.7375	-351.2188	113.4813	0.6402219	2.294087	2.874182	1.505584
8508	-236.2862	-349.5324	113.2462	0.5283372	3.078756	4.055342	1.125679
8514	-226.8547	-339.8599	113.0052	0.9194867	4.186984	2.366952	1.242396
8520	-225.12	-338.8772	113.7572	0.781752	5.14465	1.185391	1.140201
8526	-237.6157	-350.5045	112.8888	0.8554617	5.918116	1.543809	1.397135
8532	-231.3515	-344.9174	113.5658	0.3386643	5.217663	1.661423	1.34813
8538	-232.9727	-346.4316	113.4588	1.387561	3.381641	1.978301	0.8275391
8544	-231.5514	-344.918	113.3666	1.205435	4.340439	1.978301	0.746473
8550	-229.6725	-341.5634	111.8909	0.7247294	4.340439	4.530018	1.567978
8556	-225.6016	-339.5221	113.9205	1.057373	4.583097	1.231063	0.8115131
8562	-226.4366	-340.5197	114.0831	0.6780837	3.315089	1.231063	1.414819
8568	-224.4771	-337.1664	112.6894	0.4896673	6.056554	2.391198	1.414819
8574	-227.0229	-340.7213	113.6984	0.7294388	4.697399	1.601059	1.060965
8580	-231.0855	-342.4675	111.382	0.7139284	3.843869	6.74282	1.652185
8586	-231.2286	-344.0906	112.862	0.3189632	3.843869	3.253442	1.598056
8592	-235.1535	-347.6308	112.4774	0.03237247	5.224342	3.930731	1.598056
8598	-235.6151	-347.9573	112.3422	0.009334188	5.224342	4.417022	1.598056
8604	-230.7115	-343.7459	113.0344	0.6952169	7.148182	2.175045	0.7716402
8610	-244.549	-356.8683	112.3193	0.5593048	5.734369	2.241783	1.749754
8616	-240.331	-352.8841	112.5531	0.6361933	5.533347	3.124838	1.242222
8622	-236.9874	-349.898	112.9105	0.3600302	4.636253	3.124838	1.377622
8628	-229.8182	-342.4909	112.6727	0.6382801	5.047924	3.124838	1.249155
8634	-227.5476	-339.9647	112.4172	0.9184072	5.276864	4.230183	0.7506801
8640	-233.5169	-347.5045	113.9876	0.9095056	5.282755	1.055126	0.8628838
8646	-233.608	-345.5335	111.9256	0.8730913	5.733075	3.748203	1.325772
8652	-229.9232	-341.8821	111.9589	0.2664861	4.547209	4.806145	1.743129
8658	-227.4415	-340.8768	113.4353	0.1935307	2.736165	1.799145	2.089862
8664	-228.4791	-341.7694	113.2903	0.09351478	3.364328	1.799145	2.077359
8670	-221.7412	-334.9316	113.1904	0.05685701	3.732145	1.799145	2.077359
8676	-218.6829	-331.9883	113.3054	0.04890899	3.441316	1.799145	2.077359
8682	-217.8172	-330.1929	112.3757	0.07205132	3.90802	3.290687	2.077359
8688	-229.5276	-342.3745	112.8469	0.115133	3.712738	3.290687	1.776111
8694	-228.0793	-341.0032	112.924	0.03806336	3.712738	3.290687	1.776111
8700	-220.5057	-333.0675	112.5618	0.02650899	4.053254	3.360665	1.932819
8706	-227.0571	-340.4777	113.4207	0.01752969	4.053254	2.030814	1.778615
8712	-240.0139	-352.7808	112.767	0.2024168	5.359898	2.030814	1.835207
8718	-238.6189	-350.6046	111.9857	0.2589815	5.359898	4.952278	1.533451
8724	-233.1508	-344.9231	111.7723	0.4723259	5.359898	4.952278	1.533451
8730	-234.7068	-346.6469	111.94	1.21125	3.113037	6.790976	1.012658
8736	-230.6544	-342.6829	112.0285	1.048506	3.113037	6.790976	1.083732
8742	-234.6855	-347.0008	112.3152	1.048506	3.113037	6.790976	0.7684537
8748	-230.779	-343.9229	113.1439	1.176729	3.113037	3.268502	0.8444648
8754	-229.6012	-342.7127	113.1114	1.257512	3.113037	3.43807	0.6765421
8760	-233.0884	-346.1526	113.0642	1.306682	3.232298	3.43807	0.5126299
8766	-228.5549	-341.5747	113.0198	1.327091	4.311403	2.593519	0.5126299
8772	-227.248	-340.4041	113.1562	0.5782614	4.961018	2.728518	1.047619
8778	-234.9804	-347.658	112.6776	0.5267502	3.804964	3.196779	1.607458
8784	-237.1261	-349.3084	112.1824	0.5081797	4.311403	5.345201	1.341323
8790	-242.4365	-354.8134	112.3769	0.6819331	3.182018	6.411391	1.151242
8796	-241.911	-353.9186	112.0076	0.9172766	3.182018	6.060253	1.332318
8802	-244.0259	-356.2477	112.2218	0.7970556	3.182018	3.117384	1.923387
8808	-238.9533	-351.1182	112.1649	0.8130873	5.854629	4.104991	1.037366
8814	-235.684	-348.2447	112.5606	0.8553237	3.162906	4.003177	1.408389
8820	-232.4756	-344.587	112.1113	0.989315	6.138451	4.003177	0.8717272
8826	-227.9248	-339.8915	111.9667	0.8953724	6.138451	4.003177	1.113326
8832	-222.979	-336.2774	113.2985	0.6454803	3.604643	2.23928	1.440537
8838	-226.8532	-339.6457	112.7925	0.779834	3.604643	2.679213	1.554706
8844	-226.251	-339.0124	112.7614	0.5326156	4.693321	2.513738	1.554706
8850	-247.4381	-359.5036	112.0654	0.7081176	3.089228	6.834467	1.342843
8856	-235.0703	-347.382	112.3117	0.7360875	3.211952	4.894974	1.463915
8862	-235.0691	-348.291	113.2219	0.7611548	2.296334	2.768918	1.640665
8868	-238.2091	-350.1045	111.8954	0.7050111	2.459586	6.89072	1.677421
8874	-232.9801	-346.4627	113.4826	0.590881	2.459586	1.922238	1.828513
8880	-228.9567	-342.7595	113.8028	1.105717	2.459586	1.94466	1.189093
8886	-233.4402	-345.6449	112.2047	1.451765	4.794899	3.946084	0.4655561
8892	-227.8974	-340.5709	112.6735	1.435129	5.283941	2.46036	0.4050483
8898	-235.9298	-348.2055	112.2757	1.114815	8.622491	2.46036	0.5925399
8904	-230.2075	-342.2931	112.0856	1.263846	5.227352	4.465035	0.6083678
8910	-228.1884	-340.2559	112.0674	1.113541	4.544749	5.783217	0.6083678
8916	-228.3716	-342.4099	114.0383	0.9496379	4.544749	1.376851	0.6095899
8922	-227.0368	-340.4243	113.3875	1.190863	5.830073	1.376851	0.7266065
8928	-227.3104	-339.6129	112.3025	0.9465733	5.662717	3.917277	0.8684069
8934	-227.0332	-338.5447	111.5115	1.398736	5.662717	5.373579	0.3193061
8940	-234.2542	-345.8966	111.6424	1.398736	8.692922	3.146209	0.3668719
8946	-233.2127	-346.8217	113.609	1.841982	4.827737	0.8072792	0.4179865
8952	-243.9104	-357.7313	113.8209	0.7976564	5.639295	0.9472141	1.155647
8958	-248.2204	-360.8936	112.6732	0.5652474	7.38053	2.323203	1.155647
8964	-235.7358	-348.2385	112.5027	0.7051805	6.592917	2.827685	1.115847
8970	-236.0487	-348.6684	112.6198	0.4057732	3.780871	2.827685	1.849452
8976	-232.6388	-345.9276	113.2888	0.3123148	3.780871	2.775678	1.452539
8982	-234.2691	-347.3343	113.0652	0.5037172	1.926965	2.727449	2.079746
8988	-241.5567	-353.1418	111.585	1.101268	2.850855	5.641245	1.69319
8994	-233.7103	-345.5987	111.8884	0.7306942	2.850855	4.918147	1.874824
9000	-232.0343	-344.6925	112.6582	0.9286967	2.775713	1.406208	2.283732
9006	-227.5427	-340.2898	112.7472	0.6674739	2.775713	3.712132	1.60919
9012	-228.4866	-341.707	113.2204	0.5546838	3.300186	2.591575	1.520707
9018	-230.1852	-342.847	112.6618	0.3903698	4.884916	2.591575	1.662542
9024	-233.7138	-345.7688	112.055	0.8228221	2.72789	6.324718	1.472624
9030	-233.0658	-346.5285	113.4627	0.992054	3.157218	2.909406	0.8406954
9036	-228.326	-341.5718	113.2458	1.176108	3.07666	2.909406	0.9173721
9042	-233.8204	-347.2406	113.4202	0.6115816	3.054662	2.198015	1.552903
9048	-232.2675	-345.1431	112.8756	0.3848098	5.426432	2.198015	1.54931
9054	-240.0481	-353.073	113.0249	0.1027494	5.426432	2.198015	1.645924
9060	-236.8846	-349.0662	112.1816	1.085648	5.197691	4.615771	0.702576
9066	-243.9913	-356.588	112.5966	0.9547318	4.124924	4.615771	0.7590608
9072	-225.1686	-338.2856	113.117	0.8667768	4.283826	2.533853	1.090298
9078	-227.4428	-339.692	112.2492	0.4970842	4.798582	2.387035	1.960923
9084	-229.1168	-342.245	113.1282	0.09765512	7.459548	2.014275	1.296627
9090	-230.4972	-343.1401	112.6429	0.3779263	11.35107	1.377025	1.281161
9096	-230.4925	-343.3507	112.8582	0.530906	9.698747	1.377025	1.181324
9102	-237.0409	-350.343	113.302	0.8736726	6.195822	1.67573	0.8592123
9108	-231.427	-344.2013	112.7743	0.3617114	6.195822	2.629573	1.330762
9114	-240.2021	-353.3058	113.1037	0.7972584	3.159347	2.69627	1.430909
9120	-241.7276	-353.8343	112.1066	0.3402428	10.71261	2.913447	1.097155
9126	-247.4019	-360.3749	112.973	0.6412754	7.782621	1.566715	1.157322
9132	-245.1338	-358.5929	113.4591	0.4217615	2.435854	2.820743	1.645825
9138	-235.7827	-348.331	112.5483	0.9008752	3.068115	5.591287	1.016136
9144	-229.7658	-342.9901	113.2244	1.023313	5.00286	2.225335	0.72813
9150	-232.9077	-345.5896	112.6819	1.064826	4.686096	3.285672	0.8698776
9156	-235.5313	-347.8207	112.2894	0.4103389	3.568433	3.285672	1.991796
9162	-236.3676	-349.9678	113.6002	0.9384163	4.563594	1.64789	0.958781
9168	-232.5018	-346.1231	113.6212	0.7121419	4.563594	1.920823	0.9894666
9174	-223.2277	-336.6851	113.4574	0.8857277	3.657922	2.604348	0.9087116
9180	-227.692	-340.1628	112.4708	0.9077343	2.834298	6.586603	0.9484952
9186	-230.3236	-342.7309	112.4073	1.12582	3.659247	4.857317	0.8958466
9192	-242.6969	-355.8998	113.2029	0.6322028	5.325986	1.255236	1.610097
9198	-231.5286	-345.1274	113.5988	0.6586531	2.814191	2.417558	1.373026
9204	-235.4842	-349.8667	114.3825	1.405342	3.579943	0.7709119	0.7961835
9210	-235.8165	-350.2678	114.4513	1.405342	3.579943	0.7709119	0.6908829
9216	-229.0531	-343.8519	114.7988	1.405342	2.183215	0.9598172	0.7887152
9222	-231.0716	-344.4151	113.3434	1.413584	2.989262	2.534966	0.7606006
9228	-224.6776	-338.2218	113.5442	1.301698	2.989262	2.534966	0.5843692
9234	-229.9499	-344.6788	114.7289	1.539537	2.451046	0.8546855	0.6337792
9240	-234.0957	-348.0655	113.9698	1.475491	1.496405	2.987177	0.6310558
9246	-227.7901	-340.8818	113.0917	1.475491	2.782337	3.402048	0.5693042
9252	-230.9715	-343.3053	112.3338	1.712315	2.706822	5.006851	0.3701555
9258	-226.2461	-338.6996	112.4535	1.712315	2.45094	5.006851	0.3659125
9264	-224.1408	-336.5108	112.3699	1.712315	2.45094	5.455795	0.4461111
9270	-230.4678	-344.8338	114.3661	1.712315	2.45094	1.065044	0.4614148
9276	-229.4158	-343.746	114.3302	1.492977	2.856493	1.134337	0.5427176
9282	-224.597	-338.5363	113.9393	1.538254	3.483229	1.237335	0.5408207
9288	-230.016	-341.9687	111.9526	1.408457	3.483229	6.591642	0.5656422
9294	-236.8823	-348.8946	112.0122	0.776335	3.755791	4.827418	1.519216
9300	-231.7098	-344.21	112.5002	0.7622512	4.440466	3.965147	1.175554
9306	-238.5551	-351.2353	112.6802	0.2429591	4.388456	3.965147	1.462442
9312	-229.2657	-341.9578	112.6921	0.3268297	3.974985	3.074178	1.733864
9318	-236.7004	-350.216	113.5156	0.1841081	2.333887	3.074178	1.733864
9324	-240.5071	-351.7503	111.2432	0.9892711	2.333887	12.4223	1.311956
9330	-235.5987	-348.9466	113.3479	0.4484044	2.861486	3.71688	1.286437
9336	-231.2598	-343.6029	112.3432	0.462527	3.446833	4.721537	1.612551
9342	-243.4063	-356.1005	112.6942	1.009275	3.446833	3.305624	1.292519
9348	-239.3424	-352.2196	112.8772	0.8978128	3.446833	3.724156	1.095955
9354	-243.565	-356.0452	112.4803	0.9971918	3.966606	3.648899	1.217805
9360	-245.4252	-357.6066	112.1814	0.8250475	2.730778	5.341228	1.557279
9366	-235.2206	-347.2567	112.0362	0.5737847	3.136442	5.341228	1.716279
9372	-239.8448	-352.3512	112.5064	0.6628535	4.102583	3.885186	1.364176
9378	-234.8641	-348.1807	113.3166	0.8992222	3.945506	1.462842	1.513623
9384	-234.1206	-347.576	113.4554	0.7489444	3.703145	1.427721	1.60394
9390	-244.6801	-358.727	114.0469	0.5213617	3.466245	1.427721	1.396229
9396	-238.4823	-350.3271	111.8447	0.471264	3.466245	2.337016	2.537579
9402	-233.6458	-347.0478	113.4019	0.8443631	3.265336	2.092614	1.368935
9408	-223.3005	-336.6699	113.3695	0.7463161	3.265336	2.333451	1.368935
9414	-224.3882	-336.8234	112.4351	0.505918	5.480861	2.239532	1.752182
9420	-227.3873	-340.8916	113.5044	0.5625881	4.670004	1.359718	1.512351
9426	-219.9081	-333.678	113.7699	0.980594	4.670004	1.359718	0.9245202
9432	-226.929	-339.5792	112.6502	0.7271799	4.670004	3.415446	1.187155
9438	-233.6596	-346.851	113.1914	0.5787867	7.143896	1.655738	1.076595
9444	-225.3982	-338.6545	113.2564	0.602244	3.736239	1.655738	1.725332
9450	-221.4438	-334.7927	113.3489	1.254931	3.736239	1.655738	1.149834
9456	-224.7219	-337.544	112.8222	0.8276735	4.537581	2.28826	1.40776
9462	-218.3316	-331.7477	113.4161	0.6280167	4.537581	1.63114	1.40776
9468	-238.436	-351.5885	113.1525	0.7534511	2.024678	2.712585	1.818632
9474	-231.6669	-344.8686	113.2017	0.5571971	3.893016	2.282138	1.485964
9480	-229.8238	-342.3455	112.5217	0.8871112	3.388911	4.178884	1.296943
9486	-239.0874	-351.5582	112.4707	1.146657	3.388911	4.178884	1.118807
9492	-242.1401	-354.6567	112.5166	1.097715	3.158693	3.327581	1.445385
9498	-230.5408	-342.2631	111.7223	1.013302	3.072516	6.012902	1.521524
9504	-233.5202	-346.6262	113.106	0.8367666	5.811254	2.308616	0.797563
9510	-242.985	-357.6022	114.6172	0.9709822	1.794466	1.584969	1.125206
9516	-258.5332	-371.7284	113.1952	0.7948225	2.009525	4.695141	1.219709
9522	-237.0013	-349.9568	112.9555	0.6872697	4.371643	3.451102	1.014572
9528	-237.3439	-349.2623	111.9184	1.146999	4.156224	5.51748	1.018707
9534	-223.9242	-338.2419	114.3176	0.8516246	2.812083	1.324379	1.191267
9540	-233.0016	-345.6223	112.6207	1.065762	2.868375	4.465831	1.167144
9546	-237.3635	-350.588	113.2246	0.840514	2.868375	3.2073	1.220959
9552	-230.4401	-343.598	113.1578	1.193279	2.122642	3.058144	1.339371
9558	-226.6786	-340.4717	113.7931	1.370411	3.181483	1.677088	0.7627525
9564	-231.865	-345.5532	113.6882	2.020917	5.079464	0.5623209	0.4273101
9570	-230.4704	-344.7925	114.3221	1.390886	3.326528	1.037762	0.5710453
9576	-223.4643	-336.5946	113.1303	1.798604	3.74501	1.859833	0.4466969
9582	-231.1495	-343.9832	112.8337	1.657264	3.74501	2.640892	0.3990635
9588	-220.1966	-332.9638	112.7672	1.727568	3.74501	2.458137	0.3019105
9594	-221.6022	-334.7867	113.1845	1.727568	2.584093	2.791894	0.4344884
9600	-220.784	-333.0469	112.2629	1.913461	4.150929	2.612585	0.2402667
9606	-222.5328	-335.9311	113.3984	1.639318	2.478369	2.612585	0.4108211
9612	-228.7174	-341.2849	112.5676	1.639318	2.791143	4.049776	0.2839291
9618	-222.3781	-335.5088	113.1307	1.881767	2.791143	2.03766	0.2484809
9624	-229.2668	-342.0463	112.7795	1.556065	5.131989	2.041316	0.3469499
9630	-238.5982	-350.688	112.0898	2.167413	4.958051	2.041316	0.2535637
9636	-229.745	-341.4829	111.738	2.167413	3.105185	4.124802	0.2146111
9642	-232.7629	-343.4603	110.6974	2.167413	5.536262	4.124802	0.1442143
9648	-227.9233	-340.484	112.5607	2.156325	5.081245	1.064899	0.1734214
9654	-230.4615	-342.9769	112.5154	1.828652	3.925962	2.064824	0.1734214
9660	-225.022	-337.4075	112.3855	1.931279	3.340376	2.676823	0.1950517
9666	-228.4146	-342.2981	113.8835	1.663565	3.340376	1.208184	0.586281
9672	-228.5623	-341.689	113.1267	1.203111	4.00818	2.816583	0.586281
9678	-228.0881	-341.7819	113.6938	1.160354	3.040195	2.253571	0.7951214
9684	-233.1043	-344.9949	111.8906	1.634132	3.040195	6.681338	0.5167842
9690	-228.4532	-340.8147	112.3615	1.563215	3.040195	5.051183	0.460831
9696	-239.0668	-351.3737	112.3069	1.620572	3.040195	5.051183	0.4844021
9702	-240.0167	-353.9715	113.9548	1.124957	2.779274	2.173887	0.6892454
9708	-234.0419	-348.2129	114.171	1.324147	2.758435	1.564746	0.6343756
9714	-230.5935	-342.8283	112.2347	0.6927813	4.059221	5.122556	1.264226
9720	-225.1555	-337.8128	112.6573	0.6422852	3.106282	5.17185	1.23656
9726	-225.7803	-338.0549	112.2746	0.7172441	3.269693	5.17185	1.430074
9732	-231.5548	-344.5971	113.0423	0.9081871	1.797469	5.17185	1.248064
9738	-225.2942	-338.2085	112.9142	0.9081871	3.226402	3.875391	1.082579
9744	-231.72	-343.8517	112.1317	0.4914606	3.612551	4.054965	1.844235
9750	-229.0412	-341.9968	112.9556	1.187258	2.804678	4.054965	0.8745378
9756	-233.6628	-344.3977	110.7348	1.389292	2.804678	14.14739	1.019548
9762	-236.3364	-348.3289	111.9925	1.10576	3.630886	7.479349	0.6282065
9768	-233.0611	-346.0269	112.9658	1.552683	3.630886	2.693211	0.424413
9774	-240.7024	-353.1174	112.415	1.327324	6.395036	2.693211	0.4869376
9780	-234.3114	-346.699	112.3876	1.327324	6.395036	2.693211	0.3913947
9786	-228.1965	-341.1955	112.999	1.746742	2.811887	2.693211	0.2966522
9792	-236.5122	-348.2175	111.7053	1.746742	2.631943	7.338811	0.2966522
9798	-229.861	-341.6444	111.7835	1.682351	2.631943	7.338811	0.307132
9804	-229.3874	-341.9553	112.5678	1.682302	3.945595	2.869876	0.3162695
9810	-220.3857	-332.243	111.8573	1.682302	4.461945	4.206754	0.2847319
9816	-221.8037	-332.9021	111.0984	1.995101	4.461945	4.206754	0.1351327
9822	-238.9671	-351.7139	112.7468	1.07075	4.423919	3.712003	0.6427367
9828	-238.117	-351.0407	112.9237	1.017674	4.650735	2.272843	1.146343
9834	-236.0311	-348.5901	112.559	1.95234	3.266221	2.575776	0.240078
9840	-239.1221	-351.9372	112.8151	1.95234	3.554581	1.795111	0.2137225
9846	-239.2251	-351.8433	112.6182	1.95234	3.554581	2.124955	0.2137225
9852	-234.885	-347.8358	112.9508	1.95234	2.437493	2.528938	0.240333
9858	-233.0503	-344.3292	111.2788	2.236878	2.325344	6.745	0.19579
9864	-238.4345	-351.1614	112.7269	2.009913	2.325344	2.683017	0.1851982
9870	-233.3809	-346.8006	113.4197	1.501114	2.468176	2.869134	0.4008405
9876	-231.4358	-345.3495	113.9137	1.562763	2.260583	1.984279	0.4008405
9882	-222.1588	-335.1914	113.0325	1.49801	4.082994	2.341525	0.4160323
9888	-224.6842	-337.5335	112.8493	1.350005	4.082994	3.080181	0.4504951
9894	-231.4846	-343.9833	112.4987	1.214883	6.361965	2.751588	0.4331758
9900	-235.0395	-347.6235	112.584	1.245709	5.891068	2.751588	0.5539446
9906	-229.6123	-343.2772	113.6648	1.537425	3.603574	1.322231	0.8425767
9912	-221.6392	-334.2315	112.5923	0.9510382	7.496634	2.54695	0.6392033
9918	-231.4527	-344.0894	112.6367	0.9147501	9.007414	1.95082	0.7016979
9924	-231.8721	-344.6659	112.7937	1.27471	12.19921	0.8056447	0.5129285
9930	-229.4485	-343.3761	113.9276	1.122288	6.175005	0.7255749	0.8449434
9936	-232.3139	-345.2961	112.9821	1.074231	6.175005	2.094832	0.6612501
9942	-229.9136	-342.8809	112.9673	1.137645	2.930663	4.35508	0.7198981
9948	-221.8463	-334.4624	112.616	0.8594216	3.11332	4.35508	1.28626
9954	-227.7878	-341.0382	113.2504	1.081255	3.99867	2.526535	0.8260457
9960	-234.2476	-347.6194	113.3717	1.311499	3.019399	2.526535	0.846856
9966	-229.2841	-342.4075	113.1234	1.066519	4.284268	2.560904	0.8646402
9972	-230.189	-344.3486	114.1595	1.044939	2.485974	1.918492	0.9071068
9978	-241.6449	-354.089	112.4441	1.113466	2.974251	5.177791	1.05516
9984	-237.1289	-349.6364	112.5075	0.8075128	3.943633	5.177791	0.9275724
9990	-227.4488	-340.3028	112.854	1.206884	3.174602	3.698884	0.9275724
9996	-223.1756	-335.6567	112.4811	0.6037884	3.174602	3.541992	1.766222
10002	-232.2411	-344.3122	112.0711	0.7984722	2.409098	4.992546	1.83198
10008	-228.3557	-341.5895	113.2338	0.5672638	5.397926	1.628012	1.409423
10014	-225.2213	-338.4714	113.25	0.7667541	5.653209	1.257147	1.409423
10020	-229.1716	-341.1494	111.9778	0.7892799	5.653209	4.775092	1.088158
10026	-233.1354	-345.7326	112.5972	1.162457	6.152315	2.395605	0.8673123
10032	-225.801	-338.7457	112.9447	0.7993663	6.152315	2.395605	0.8854805
10038	-225.7509	-338.5083	112.7575	0.801322	5.390631	2.395605	1.242499
10044	-219.5809	-332.5751	112.9942	0.7186376	7.00021	1.880339	1.021471
10050	-227.1372	-340.5617	113.4245	0.8893215	3.415717	1.98595	1.317597
10056	-220.2033	-332.5928	112.3895	1.014218	5.102243	3.693941	0.9481824
10062	-234.1658	-346.1201	111.9542	0.9702566	3.946044	3.53344	1.679827
10068	-236.2633	-350.1516	113.8883	0.2710058	3.946044	2.07595	1.244655
10074	-239.6714	-352.6019	112.9305	0.3256798	7.127009	1.943985	1.360389
10080	-229.9362	-343.6142	113.6781	0.5905469	3.179699	1.532919	1.645154
10086	-232.5923	-346.3349	113.7427	0.7074047	3.179699	1.708052	1.420361
10092	-224.9889	-338.1622	113.1733	0.927348	3.131068	2.33998	1.420361
10098	-229.7411	-341.6241	111.883	0.6994759	2.598884	5.792941	1.820013
10104	-226.8089	-339.3025	112.4936	0.6337129	4.802626	2.440797	1.678455
10110	-234.9419	-348.3414	113.3995	0.1634133	2.863408	2.709541	1.764299
10116	-231.5101	-344.5024	112.9923	0.4808321	2.863408	3.099313	1.707847
10122	-238.4935	-352.0959	113.6024	0.8266062	2.863408	2.616315	1.130519
10128	-230.8831	-344.0133	113.1302	0.9695668	2.863408	1.997099	1.645883
10134	-237.4399	-350.4756	113.0357	0.7788549	2.863408	2.531603	1.645883
10140	-232.45	-345.3069	112.8569	0.8019762	2.863408	3.552478	1.441554
10146	-232.0027	-344.5454	112.5427	0.7034341	2.790389	4.65899	1.501375
10152	-236.4053	-349.2456	112.8403	0.2697732	6.242544	2.221906	1.501375
10158	-230.5643	-343.8266	113.2623	0.1174997	4.550257	2.221906	1.632668
10164	-235.5405	-348.4794	112.9389	0.09048774	4.603466	1.835971	2.01797
10170	-236.3612	-350.0773	113.7161	0.08795123	4.603466	1.835971	1.473362
10176	-235.8615	-349.5954	113.7338	0.2764127	5.487716	1.835971	1.101494
10182	-245.309	-357.4474	112.1384	0.5705191	5.487716	3.077143	1.635761
10188	-239.5994	-352.2476	112.6481	0.8086332	2.879201	3.077143	1.721021
10194	-242.613	-353.9464	111.3334	0.491071	2.879201	11.86184	1.485559
10200	-235.1545	-346.3684	111.2139	0.8661543	2.879201	11.86184	1.285443
10206	-228.0483	-339.6998	111.6516	0.9294002	2.879201	6.651896	1.587689
10212	-231.4542	-344.3399	112.8857	1.182007	2.343414	5.311703	0.777531
10218	-233.0434	-346.4248	113.3814	1.171047	1.888365	4.499218	0.781834
10224	-226.0706	-340.0958	114.0252	0.8028293	1.860998	2.765598	1.17707
10230	-235.0029	-347.4936	112.4907	0.4594648	4.183162	3.269167	1.677681
10236	-232.4156	-345.7007	113.2851	0.3776808	2.262118	3.269167	1.730681
10242	-232.1771	-345.2313	113.0542	0.3495159	3.575067	2.16701	1.86482
10248	-234.0549	-346.5415	112.4865	0.3216653	2.99008	4.712748	1.743412
10254	-231.7072	-345.6083	113.9011	0.8851107	4.467194	1.430959	0.8913576
10260	-233.1907	-346.3613	113.1706	0.8148196	7.384594	1.430959	0.9759517
10266	-234.4015	-346.884	112.4825	0.5519194	9.384899	1.430959	1.474348
10272	-237.0001	-349.8961	112.896	1.025465	8.649774	1.563543	0.5708462
10278	-238.4949	-351.2505	112.7556	0.7098553	9.954619	1.44735	1.024368
10284	-232.3061	-345.2246	112.9185	0.3924831	11.86087	1.44735	0.8933555
10290	-237.0466	-349.6873	112.6407	0.6326608	11.86087	1.497768	0.8933555
10296	-231.0719	-344.2963	113.2245	0.5823127	11.86087	0.8953485	0.8933555
10302	-225.7811	-338.9241	113.143	0.6036667	11.62657	0.8953485	0.9917621
10308	-233.756	-345.9889	112.2329	0.6769208	10.25787	1.716758	1.304175
10314	-230.3524	-343.2446	112.8923	0.6599834	8.62053	1.985286	0.7739257
10320	-237.1021	-350.4995	113.3974	1.361006	3.955819	1.985286	0.6263695
10326	-234.4356	-347.4648	113.0291	1.361006	4.890149	2.121795	0.6246419
10332	-233.1515	-346.187	113.0355	1.119024	7.642043	1.455775	0.6625425
10338	-237.5392	-350.4051	112.8659	0.9959165	8.629916	0.9014555	1.301792
10344	-237.3766	-350.8477	113.4712	0.8375335	9.538529	0.4666309	1.289588
10350	-243.9909	-356.5692	112.5783	1.120618	3.067634	4.860506	0.9639607
10356	-232.934	-345.3572	112.4232	1.257527	4.438294	4.059665	0.6691025
10362	-233.4534	-346.5974	113.1439	0.467251	5.183898	0.8999446	2.024665
10368	-232.2433	-345.1805	112.9373	0.9317939	3.537101	2.551135	1.394983
10374	-228.4506	-341.7896	113.3389	0.9223561	5.503289	1.432096	1.122735
10380	-236.4034	-349.9037	113.5003	0.347086	6.95431	1.451221	1.174754
10386	-241.1077	-353.5507	112.4431	0.5510708	13.61161	1.451221	0.9881233
10392	-224.0585	-337.0065	112.948	0.7522611	3.761667	2.595854	1.44576
10398	-233.5107	-345.7934	112.2827	0.4712309	3.485939	4.457456	1.695989
10404	-229.8389	-342.5896	112.7507	0.6255966	3.286621	4.457456	1.284153
10410	-255.9415	-368.7085	112.7671	0.8934789	2.079741	5.401691	1.29621
10416	-243.3929	-355.5209	112.128	0.3253812	1.60623	6.137596	2.227283
10422	-241.3903	-354.1683	112.778	0.6035666	1.799955	6.137596	1.501579
10428	-248.9247	-362.0242	113.0995	0.7613176	3.934813	2.746591	1.212141
10434	-240.4542	-354.0157	113.5615	0.4595212	2.705826	3.048284	1.369816
10440	-226.8745	-339.8302	112.9557	0.4405169	3.569952	3.048284	1.57375
10446	-224.396	-337.1761	112.7801	0.6047425	3.383064	3.267203	1.568338
10452	-228.2316	-341.7136	113.482	0.6700648	4.25794	1.758038	1.324443
10458	-232.2157	-345.7176	113.5019	0.6637307	3.061601	2.645245	1.271652
10464	-232.3651	-345.6477	113.2826	0.5370601	4.28272	2.645245	1.189421
10470	-231.4029	-344.7549	113.3521	0.686607	4.28272	2.645245	0.9862427
10476	-229.9593	-343.3246	113.3653	0.7625858	3.565042	1.654175	1.577427
10482	-243.1836	-356.204	113.0204	0.8361837	6.701367	1.779035	1.006296
10488	-234.5984	-347.6878	113.0894	0.4889473	4.383539	2.100894	1.574221
10494	-245.4489	-359.0776	113.6287	0.7423619	4.939356	1.480923	1.128402
10500	-230.1352	-343.0545	112.9193	0.3147869	2.691814	2.81505	2.00836
10506	-227.63	-340.5183	112.8883	0.8072992	2.953385	3.548284	1.383964
10512	-227.8161	-340.4999	112.6838	0.3309961	3.677449	3.548284	1.678545
10518	-228.9624	-341.3515	112.3891	0.428827	2.93048	4.097219	1.88673
10524	-226.1608	-339.0185	112.8577	0.2406012	5.020853	1.844681	1.88673
10530	-224.5783	-337.5613	112.983	0.1941214	3.832164	2.477875	1.845784
10536	-229.3498	-342.1001	112.7503	0.3574927	4.845259	2.967998	1.505779
10542	-226.2323	-339.4859	113.2536	0.189653	4.845259	2.616925	1.369828
10548	-221.8713	-334.8823	113.011	0.3069141	5.597861	2.455096	1.369828
10554	-235.2156	-348.1773	112.9617	0.203518	4.072012	2.508628	1.787281
10560	-233.2432	-346.191	112.9478	0.2574845	4.072012	2.508628	1.759357
10566	-233.2336	-346.125	112.8914	0.3728197	3.666005	2.77954	1.727199
10572	-232.8298	-345.2713	112.4416	0.6615098	3.060927	2.77954	1.998077
10578	-231.5514	-344.2945	112.7431	0.4906876	3.060927	2.501951	1.998077
10584	-233.5446	-345.8603	112.3158	0.9687609	3.060927	2.400398	1.998077
10590	-224.0234	-336.9692	112.9458	0.4969359	2.808654	3.040068	1.76368
10596	-228.8949	-342.1357	113.2408	0.4253902	3.507717	2.880679	1.442884
10602	-232.0467	-345.383	113.3362	0.7436192	3.507717	2.880679	1.100714
10608	-228.0495	-341.5662	113.5167	0.5535472	3.507717	2.091867	1.433492
10614	-235.7033	-348.6145	112.9113	0.7724314	3.265447	2.091867	1.782393
10620	-238.7927	-352.5075	113.7148	0.9938587	3.462187	1.326137	1.349692
10626	-235.8765	-348.5014	112.625	0.7237157	4.122896	2.66265	1.592595
10632	-236.0601	-349.0949	113.0348	0.4459638	3.338314	3.584549	1.41812
10638	-233.2015	-345.3788	112.1772	0.4008142	4.779117	3.798118	1.671901
10644	-242.373	-354.3827	112.0097	0.1986489	3.843969	4.759994	1.920965
10650	-243.3238	-355.5471	112.2233	0.74354	4.227499	5.185095	1.169595
10656	-239.5454	-353.4374	113.892	0.8464859	4.227499	1.497265	0.9707692
10662	-235.7374	-348.8206	113.0832	0.7606306	2.925709	3.147293	1.399427
10668	-231.3038	-344.3288	113.025	1.061708	2.925709	3.147293	1.201934
10674	-231.292	-344.0879	112.7959	0.4620167	4.607627	3.147293	1.38699
10680	-232.9158	-346.0381	113.1223	0.813422	2.908035	1.547552	1.947847
10686	-232.2294	-345.9449	113.7156	0.6592162	2.908035	1.747932	1.543533
10692	-234.6984	-347.697	112.9986	0.4116817	2.908035	3.875946	1.526985
10698	-229.6626	-342.1774	112.5148	0.8804926	2.942564	3.875946	1.526985
10704	-231.271	-344.0955	112.8245	1.114274	3.671231	3.875946	0.7683534
10710	-233.8656	-346.7191	112.8536	1.114274	3.671231	3.875946	0.7242325
10716	-236.441	-350.6345	114.1935	1.185103	3.750768	0.9563878	0.9596195
10722	-226.412	-340.0525	113.6405	0.7576374	3.020787	2.043506	1.350196
10728	-229.5495	-341.3654	111.816	0.6631673	3.032266	5.600711	1.790772
10734	-227.4298	-340.7838	113.354	0.7229768	2.36403	2.481409	1.645657
10740	-228.7499	-341.3591	112.6092	0.7074115	7.31954	2.481409	1.020418
10746	-226.1912	-338.7812	112.59	0.5167662	5.142318	2.481409	1.609891
10752	-222.9935	-336.2731	113.2796	0.6487649	2.986318	3.031348	1.350345
10758	-239.6406	-352.1584	112.5178	0.7052677	5.451052	3.031348	1.264217
10764	-229.7138	-343.3496	113.6358	0.6960383	5.451052	1.315665	1.153575
10770	-233.8563	-346.8169	112.9606	0.2432237	8.715227	1.315665	1.501501
10776	-234.5198	-347.6387	113.1189	0.3670553	9.312904	1.236566	1.250405
10782	-241.6047	-355.7113	114.1066	0.7555547	4.971866	1.247084	0.7968006
10788	-226.8535	-339.702	112.8484	1.130749	3.171955	3.907392	0.9379868
10794	-223.314	-337.0542	113.7402	1.070717	3.171955	2.095955	0.8880187
10800	-233.1938	-345.6893	112.4956	0.5137743	5.561272	2.191953	1.707636
10806	-229.3348	-342.4316	113.0968	0.8090822	5.873436	2.191953	0.8998181
10812	-225.8851	-338.4124	112.5273	0.5266023	9.61141	2.191953	1.016262
10818	-238.4831	-351.9132	113.4302	0.763054	5.920477	1.222841	1.237501
10824	-232.4221	-344.7607	112.3385	0.3840984	4.491608	3.557329	1.691864
10830	-234.8657	-347.3898	112.5241	0.6541647	3.728152	3.557329	1.544398
10836	-222.095	-334.9089	112.8139	0.5848689	3.728152	1.824929	1.966784
10842	-244.4364	-357.2854	112.8491	0.8384218	4.707091	2.98949	1.052286
10848	-229.3437	-342.1913	112.8476	0.8384218	4.707091	2.992972	1.052286
10854	-232.7648	-345.548	112.7832	0.784661	4.707091	2.668502	1.282562
10860	-234.9641	-347.8864	112.9223	0.7475911	4.371308	2.668502	1.282562
10866	-230.2991	-343.1739	112.8749	0.7111538	4.657107	2.668502	1.279831
10872	-226.4218	-339.4815	113.0597	0.6803882	4.657107	2.354355	1.279831
10878	-234.2363	-347.1341	112.8978	0.4600702	4.657107	2.530101	1.509363
10884	-228.3163	-341.6091	113.2928	1.190401	2.267367	3.367295	1.049948
10890	-235.2785	-346.8632	111.5847	1.261374	4.910416	6.568829	0.698667
10896	-235.5816	-347.8754	112.2938	1.261374	4.713976	4.305171	0.4342116
10902	-240.197	-353.1679	112.971	1.450245	2.441988	4.305171	0.5329336
10908	-241.5196	-354.1801	112.6606	1.739028	4.286907	2.377259	0.3436503
10914	-241.5733	-353.1204	111.5472	2.153064	4.286907	2.65971	0.1271597
10920	-241.1461	-353.142	111.996	2.153064	2.898565	3.070242	0.1491158
10926	-232.0748	-344.6419	112.5671	1.851804	2.898565	3.070242	0.2292844
10932	-234.0795	-346.3924	112.313	1.810895	2.898565	4.21353	0.2965943
10938	-226.3702	-339.467	113.0968	1.759772	3.742562	1.829942	0.3100874
10944	-229.1766	-342.2324	113.0558	1.384474	3.742562	2.799466	0.5346651
10950	-231.4918	-344.2101	112.7183	1.384474	3.742562	3.554612	0.6382789
10956	-241.2455	-354.6531	113.4076	1.4521	3.461185	2.149852	0.5713805
10962	-236.8068	-350.5161	113.7093	1.26326	3.461185	1.935863	0.6066904
10968	-238.2925	-350.9625	112.67	1.26326	2.967017	4.769297	0.766847
10974	-226.9409	-339.3521	112.4112	1.37401	3.418594	4.769297	0.7134827
10980	-230.5982	-344.0656	113.4674	1.425553	3.418594	2.061223	0.6596244
10986	-223.8515	-337.6784	113.8269	1.301835	3.852081	1.188408	0.9529747
10992	-228.1538	-340.8879	112.734	1.219335	3.275443	4.530811	0.6325482
10998	-220.1262	-332.8682	112.7419	1.219335	5.54677	2.622414	0.6076663
11004	-231.2968	-344.0108	112.714	1.251093	5.54677	2.622414	0.5963174
11010	-238.5132	-352.602	114.0889	1.160471	2.923883	1.779179	0.6904617
11016	-233.2748	-347.1141	113.8393	1.398403	3.471569	1.455769	0.715887
11022	-240.5662	-354.3257	113.7595	0.6404275	3.840726	1.784365	1.22092
11028	-249.8502	-362.2978	112.4475	0.4540901	7.002834	3.510875	1.058958
11034	-237.0452	-349.4138	112.3686	1.394485	4.650609	3.766202	0.5197417
11040	-235.4063	-348.2166	112.8102	1.500877	3.067868	3.766202	0.5612868
11046	-242.8028	-355.6508	112.8481	1.10942	3.95729	3.50345	0.7894541
11052	-235.0961	-347.2587	112.1626	0.8980172	3.95729	5.844751	1.007205
11058	-236.8943	-350.1556	113.2613	0.785305	5.534124	1.518304	1.246163
11064	-235.5351	-348.5397	113.0046	0.7944207	6.188034	1.518304	1.317184
11070	-233.2227	-345.5178	112.295	0.4991976	6.203127	3.01144	1.462731
11076	-223.6532	-336.9265	113.2733	0.7671616	3.155894	2.644914	1.341628
11082	-217.5838	-330.4386	112.8548	0.639713	4.36743	3.521894	1.129872
11088	-224.3093	-337.2619	112.9526	0.3534358	2.870846	3.521894	1.706301
11094	-234.1365	-345.6804	111.5438	0.4112532	2.870846	6.722638	2.013455
11100	-238.5366	-350.761	112.2244	0.8557219	2.870846	6.722638	1.186538
11106	-229.7117	-341.7406	112.0289	0.6589339	4.940732	5.641862	1.119674
11112	-224.2336	-337.3751	113.1415	1.16403	5.465835	1.511087	1.035651
11118	-222.5345	-335.4198	112.8853	1.088187	3.497908	3.700421	0.8836313
11124	-224.5601	-337.6645	113.1044	0.9388254	4.19342	2.388204	1.128625
11130	-224.8443	-337.5039	112.6596	0.7252671	5.45699	3.358364	0.9985125
11136	-232.3512	-345.5767	113.2255	1.002739	4.430061	2.455028	0.8252817
11142	-230.9517	-344.2048	113.2531	1.01129	4.314533	2.455028	0.8252817
11148	-226.736	-340.1148	113.3788	0.9337618	2.972882	3.219837	0.9427222
11154	-238.4457	-351.2019	112.7562	1.177733	3.366168	3.914656	0.9003563
11160	-234.192	-347.6285	113.4365	0.8849753	4.125977	1.898652	1.143319
11166	-238.7458	-351.1032	112.3575	0.8926863	3.502953	5.004709	1.185108
11172	-236.079	-348.6177	112.5387	0.8225712	3.3085	5.004709	1.153168
11178	-233.1021	-344.9652	111.8631	0.7322961	5.303687	5.004709	1.259981
11184	-234.6605	-347.5587	112.8982	0.8735882	3.116372	5.004709	0.8098315
11190	-246.3091	-359.4086	113.0996	0.7698182	3.494204	1.966877	1.64002
11196	-237.2572	-351.1062	113.849	0.9229827	3.25598	1.39136	1.321703
11202	-240.6691	-355.228	114.5589	0.8950615	3.25598	1.218751	0.8008021
11208	-241.8575	-356.823	114.9654	1.523257	2.437052	0.6621767	0.6833101
11214	-230.0434	-343.8035	113.76	1.002238	2.984368	2.167619	0.9814084
11220	-222.0257	-335.4738	113.4481	0.9214836	3.478287	2.167619	1.164185
11226	-224.8476	-338.7475	113.8999	0.9214836	3.676778	0.903599	1.503995
11232	-223.2452	-336.5323	113.2871	0.7271622	6.111596	1.368153	1.248718
11238	-221.2139	-333.7644	112.5505	0.5965898	8.755776	1.79633	1.270217
11244	-235.5976	-348.1494	112.5517	0.4425745	8.755776	3.005253	0.8102957
11250	-238.2384	-351.2128	112.9745	1.284759	4.380804	2.615182	0.686283
11256	-232.7086	-344.5909	111.8823	1.280711	3.167001	8.145528	0.5838548
11262	-226.3694	-337.4147	111.0453	0.7996881	4.226397	8.145528	1.53514
11268	-235.0306	-347.4715	112.4408	0.6007042	3.286459	4.756139	1.47655
11274	-234.686	-346.2983	111.6123	0.9270949	7.946789	4.223781	0.9855702
11280	-230.5041	-342.0477	111.5436	0.6752249	7.946789	3.840151	1.37745
11286	-225.2244	-336.6869	111.4625	0.9172154	6.465504	4.070444	1.430799
11292	-222.177	-335.0848	112.9078	0.8994448	5.687221	2.578713	0.8377311
11298	-233.433	-346.351	112.918	0.8262831	5.687221	2.578713	0.9112992
11304	-228.7286	-341.9182	113.1896	0.7702426	5.570874	1.727006	1.18933
11310	-219.9013	-332.6307	112.7293	1.231935	5.570874	2.622183	0.5891302
11316	-226.4023	-340.0159	113.6137	1.175726	2.972022	2.622183	0.6439119
11322	-220.6759	-333.6039	112.928	1.33916	2.773067	4.299092	0.4831307
11328	-224.6473	-336.6447	111.9974	1.398655	5.290959	4.299092	0.4369592
11334	-228.5672	-340.9013	112.3341	1.476708	3.936651	4.299092	0.4703589
11340	-234.577	-346.8531	112.2761	1.060881	4.309341	5.058542	0.7971743
11346	-226.2368	-340.0777	113.8409	1.144479	3.920984	1.657582	0.6057556
11352	-225.9095	-340.0479	114.1385	1.228417	2.883029	1.604729	0.7197248
11358	-228.584	-341.8559	113.2719	1.217625	2.883029	3.095531	0.8433244
11364	-227.9082	-341.5221	113.6139	1.26012	3.083175	2.368327	0.6287259
11370	-235.692	-349.2016	113.5096	0.9889868	3.907251	2.296797	0.8006453
11376	-229.0367	-342.2549	113.2182	0.5692334	5.645347	1.800743	1.278186
11382	-230.3532	-344.0333	113.6801	0.7946442	3.363029	1.800743	1.2956
11388	-237.3221	-350.8674	113.5453	0.6179336	4.248701	1.800743	1.2956
11394	-227.2294	-340.6619	113.4325	0.5744122	5.046569	1.656664	1.306214
11400	-227.9878	-342.0769	114.0891	0.8859422	3.078147	1.656664	1.040318
11406	-228.5936	-341.7893	113.1958	0.9212258	6.76687	1.430004	0.975084
11412	-237.164	-350.2117	113.0478	0.5506937	7.29707	2.185306	0.890864
11418	-235.8321	-348.7523	112.9202	1.100348	7.332895	1.767079	0.6152012
11424	-235.2615	-347.5305	112.2689	1.048512	4.518764	5.306771	0.5909058
11430	-226.1596	-338.9568	112.7972	1.011648	4.771859	3.053434	0.8781067
11436	-224.0036	-337.9069	113.9032	1.360758	3.150534	1.428763	0.8781067
11442	-228.8518	-342.154	113.3022	0.8102427	2.814342	2.792374	1.34646
11448	-227.4793	-339.1892	111.71	1.034842	6.06059	4.820794	1.000478
11454	-222.9399	-334.8791	111.9393	0.4348025	7.994089	3.648029	1.300844
11460	-222.6584	-334.8685	112.21	0.6716721	6.86418	3.387578	1.147182
11466	-217.3198	-330.2751	112.9554	0.7558068	6.86418	1.841889	1.073779
11472	-220.5169	-333.0067	112.4898	0.8330231	10.23913	1.651774	0.9760102
11478	-229.5143	-342.1625	112.6482	0.5705742	8.368702	1.866678	1.23154
11484	-231.1728	-344.3974	113.2246	0.4702731	8.368702	0.9552514	1.425989
11490	-231.9242	-344.8639	112.9397	0.698924	7.83918	0.9552514	1.543444
11496	-226.1301	-338.6325	112.5024	0.6613389	7.997638	1.738351	1.3978
11502	-218.6288	-331.7125	113.0838	0.9109624	5.708993	1.311836	1.380347
11508	-220.0661	-333.7261	113.6601	0.995154	4.756067	1.311836	1.035266
11514	-223.7327	-336.3625	112.6299	0.7969672	4.727786	3.686094	1.035266
11520	-230.529	-341.8193	111.2903	0.944047	4.727786	7.845796	1.1456
11526	-219.8681	-332.9786	113.1105	1.275719	4.497607	2.32076	0.6532333
11532	-224.372	-338.6093	114.2373	1.319664	3.475231	1.093934	0.6838626
11538	-235.5388	-347.9781	112.4393	1.450895	3.447255	4.439075	0.6838626
11544	-237.5145	-350.9582	113.4436	1.682979	2.49232	2.450166	0.5263343
11550	-239.1527	-352.066	112.9133	1.510017	4.261285	2.450166	0.4328231
11556	-229.3082	-342.2147	112.9065	1.303527	4.200306	2.971153	0.4677983
11562	-230.9416	-342.7642	111.8227	1.236724	6.188466	4.68645	0.5296339
11568	-231.2294	-343.197	111.9676	1.074158	6.188466	4.730387	0.5587228
11574	-238.9199	-352.8035	113.8836	0.711931	4.768604	1.249369	1.135284
11580	-234.0604	-346.8997	112.8393	0.9216685	6.409819	1.816032	1.135284
11586	-242.251	-354.8334	112.5824	0.6004988	12.78996	1.717589	0.6095147
11592	-231.9033	-344.7415	112.8382	0.6394988	3.690055	3.560533	1.323911
11598	-228.6818	-341.3171	112.6353	0.3743558	2.293607	2.681854	2.321677
11604	-240.0535	-352.4676	112.414	0.2496035	4.759695	2.517782	1.98012
11610	-233.3682	-346.0789	112.7107	0.2278047	4.286949	2.517782	1.891926
11616	-230.6272	-343.2359	112.6087	0.576196	4.286949	2.517782	1.721528
11622	-235.0584	-348.4082	113.3498	1.004845	5.23572	1.768837	0.860652
11628	-241.2323	-354.2307	112.9984	1.004845	5.23572	2.431837	0.8301763
11634	-232.7004	-345.8882	113.1878	0.7883228	5.23572	2.360574	0.9049766
11640	-234.4791	-347.6032	113.1241	0.8081163	5.169435	2.360574	0.9712432
11646	-234.5585	-348.2264	113.6679	0.6052221	9.86259	0.6904786	0.9712432
11652	-229.7847	-342.8963	113.1116	0.6575286	9.86259	1.132531	0.99604
11658	-226.8206	-340.2706	113.45	0.957421	4.120718	2.020164	0.99604
11664	-220.4134	-333.5771	113.1637	0.7911597	5.2793	2.020164	1.100663
11670	-230.9107	-343.5751	112.6644	1.172477	5.2793	3.034432	0.6355311
11676	-232.7439	-345.5439	112.8	0.8304037	8.818203	1.500873	1.008904
11682	-221.4266	-334.3435	112.917	1.302881	4.796067	2.414118	0.7088377
11688	-226.093	-338.4236	112.3306	1.08824	4.796067	4.19685	0.834281
11694	-224.9586	-337.9395	112.9809	1.08824	4.647973	2.571877	0.8688867
11700	-228.6375	-341.6008	112.9633	1.131882	2.557893	3.70356	1.155925
11706	-225.441	-338.9645	113.5235	0.9776451	3.711055	2.313142	0.8722621
11712	-229.2914	-343.4921	114.2007	0.9565461	4.204563	0.704445	1.284697
11718	-220.3403	-332.7869	112.4466	0.4800675	4.432205	3.720949	1.513565
11724	-216.9076	-329.3445	112.4368	0.2390778	3.622904	3.720949	1.884258
11730	-229.0524	-342.4495	113.3971	0.6090826	2.315252	1.936949	1.91857
11736	-227.5763	-341.3392	113.7628	1.181775	2.315252	2.723054	0.8164571
11742	-231.4658	-343.584	112.1182	1.031298	2.315252	5.532087	1.564657
11748	-228.0373	-340.6093	112.572	0.7641653	2.315252	3.282791	1.932371
11754	-226.887	-340.3163	113.4293	1.038185	1.847187	1.633078	1.919118
11760	-225.314	-339.2095	113.8955	0.8260481	3.131008	1.633078	1.259974
11766	-230.1278	-342.3763	112.2485	0.8260481	5.854248	3.275285	1.21962
11772	-229.5201	-342.0694	112.5493	0.7306394	3.857094	3.938239	1.327641
11778	-225.2235	-337.7905	112.5669	0.9812221	4.154092	2.971893	1.327641
11784	-226.5315	-339.789	113.2575	0.850644	3.883833	2.300682	1.202051
11790	-238.6257	-352.5657	113.94	1.088051	5.24287	0.9188512	0.8833871
11796	-225.9644	-338.8759	112.9115	0.627588	5.24287	2.57838	1.216198
11802	-224.2046	-336.4733	112.2687	0.4592789	6.125074	4.162853	1.187969
11808	-231.0917	-343.0303	111.9386	0.8687425	5.738553	4.162853	1.200738
11814	-223.4104	-335.6649	112.2546	0.8479632	6.054476	3.610238	1.036011
11820	-232.2005	-344.8229	112.6225	0.4800799	6.054476	3.610238	1.036011
11826	-231.1435	-343.4139	112.2704	0.3685853	6.054476	1.988449	1.957636
11832	-239.6513	-352.3938	112.7424	0.373762	6.346377	2.627315	1.319391
11838	-230.2685	-343.574	113.3055	0.9159413	2.577398	2.627315	1.40681
11844	-225.8881	-339.0742	113.1861	0.816851	5.255262	2.244885	0.936256
11850	-227.2928	-340.2634	112.9706	0.7011514	5.255262	1.568401	1.566842
11856	-230.7678	-344.0024	113.2346	0.4635457	5.724691	1.369802	1.566842
11862	-231.8068	-344.75	112.9432	0.5728257	3.875179	2.656059	1.533188
11868	-241.5803	-354.7851	113.2048	0.4934506	3.875179	2.656059	1.394735
11874	-227.106	-340.7697	113.6637	0.7842964	2.628801	2.656059	1.191446
11880	-236.8766	-350.2794	113.4028	0.9702493	4.128216	1.729265	1.191446
11886	-227.5683	-340.8643	113.296	0.8641329	4.128216	1.729265	1.366432
11892	-240.7211	-352.3837	111.6626	1.175197	5.957364	3.871342	1.212213
11898	-240.8807	-354.0327	113.152	0.8769025	4.90847	2.252918	1.004176
11904	-241.8079	-354.7939	112.9859	0.4699519	3.187806	2.264934	1.895002
11910	-234.5064	-346.869	112.3625	0.5217863	4.337051	3.474854	1.632603
11916	-229.9878	-342.369	112.3811	0.1617182	4.440611	3.193728	1.924226
11922	-222.2904	-334.711	112.4206	0.6132213	4.615991	3.193728	1.541034
11928	-221.0968	-333.5619	112.4651	0.6187275	5.513549	3.193728	1.310061
11934	-220.257	-332.1167	111.8597	0.7930519	5.278125	5.094629	1.196248
11940	-224.0766	-335.823	111.7465	0.6304969	5.278125	4.286448	1.598824
11946	-226.5139	-339.3801	112.8662	0.555403	5.483137	1.821982	1.581776
11952	-229.9859	-342.911	112.9251	0.5436043	3.663752	2.452029	1.69314
11958	-244.3215	-357.23	112.9085	0.5650596	3.20349	2.454724	1.811648
11964	-238.0783	-351.8166	113.7382	1.160317	4.286914	1.522358	0.7286271
11970	-232.97	-346.4735	113.5034	0.9636676	3.88983	2.255871	0.874082
11976	-236.0459	-348.4332	112.3873	0.5066363	3.88983	2.952038	1.876233
11982	-235.9857	-348.9247	112.939	0.5049594	5.727395	2.614448	1.174964
11988	-233.1852	-345.9986	112.8134	0.5026715	5.727395	2.542777	1.310783
11994	-222.9862	-335.9061	112.9199	0.7426881	3.648006	2.795009	1.435209
12000	-234.595	-348.0114	113.4165	0.7297233	2.908838	2.077427	1.563959
12006	-229.2429	-342.7345	113.4916	0.4323028	2.947711	1.74427	1.852928
12012	-222.1805	-334.9957	112.8151	0.6001535	2.947711	2.168138	2.024701
12018	-219.8869	-331.3504	111.4635	0.5174356	2.947711	6.382724	2.024701
12024	-228.4607	-341.9537	113.493	1.184925	2.571034	3.012983	0.8301002
12030	-229.9949	-342.5401	112.5451	1.170605	2.571034	5.932775	0.8788386
12036	-229.4291	-341.97	112.5409	1.210778	4.341365	3.526811	0.8788386
12042	-234.5622	-347.3887	112.8265	0.7206581	4.341365	3.875684	0.9655572
12048	-220.5758	-332.9967	112.4209	1.129944	4.506747	3.730797	0.9612812
12054	-224.6657	-337.8328	113.1671	0.690253	2.557252	3.978257	1.276962
12060	-222.7525	-336.1792	113.4267	0.8382987	2.016552	3.29664	1.378816
12066	-221.1286	-334.0154	112.8868	0.5074407	3.883046	2.734363	1.594071
12072	-233.7102	-346.5873	112.8771	1.144281	4.729646	2.734363	0.8034381
12078	-226.4702	-338.8667	112.3965	0.8374448	5.216015	3.623103	1.108441
12084	-234.1928	-347.0073	112.8145	0.5581977	2.589672	3.623103	1.723911
12090	-239.2852	-352.6002	113.315	0.413982	1.92484	3.623103	1.723911
12096	-230.8804	-343.2805	112.4001	0.6807814	2.764275	4.238828	1.723911
12102	-228.667	-341.6693	113.0024	0.4972713	5.262339	1.751928	1.600135
12108	-243.126	-356.6952	113.5692	0.3908795	3.763341	1.751928	1.600135
12114	-232.6394	-346.2876	113.6482	0.1327528	6.847589	1.293041	1.351922
12120	-236.2119	-349.269	113.0571	1.158922	9.320983	0.8743108	0.8894153
12126	-234.9757	-348.1176	113.1418	0.9603446	4.120401	2.818319	0.8894153
12132	-240.5731	-353.8229	113.2497	1.192246	6.931044	1.054921	0.9324029
12138	-236.7886	-350.3472	113.5585	0.8233946	6.931044	0.9669356	1.079165
12144	-242.963	-356.1691	113.2061	0.634865	8.162474	0.9669356	1.331833
12150	-248.372	-361.3242	112.9522	1.196277	4.758158	2.001953	1.06622
12156	-218.5192	-331.2789	112.7597	1.084566	4.758158	3.176439	0.7739334
12162	-220.7253	-334.3784	113.6532	1.004123	4.041083	1.412977	1.164672
12168	-223.9232	-337.8453	113.9221	0.9173616	4.041083	1.173557	1.177917
12174	-236.1311	-348.2266	112.0955	1.179935	4.32804	4.530379	1.029684
12180	-227.6619	-341.1384	113.4765	0.8603859	6.413828	1.19016	1.029684
12186	-237.294	-350.1253	112.8312	0.7994626	4.340206	3.468402	1.029684
12192	-234.2394	-347.7481	113.5087	1.372547	3.061006	2.371156	0.6301888
12198	-234.1052	-347.9945	113.8892	1.144121	4.608883	0.8623688	1.120534
12204	-226.0313	-339.3461	113.3149	0.7780053	4.092117	2.181686	1.209534
12210	-232.2595	-345.4429	113.1833	1.385813	4.198237	2.181686	0.6195514
12216	-237.8107	-350.6582	112.8474	1.218456	6.113027	2.136555	0.6195514
12222	-223.2622	-335.8756	112.6134	0.8626499	6.113027	3.128783	0.8163942
12228	-229.5786	-342.2204	112.6418	0.5911916	4.723505	3.128783	1.385564
12234	-229.3584	-341.2758	111.9174	0.5085651	5.601314	3.173521	1.787046
12240	-226.1635	-339.0925	112.929	0.8174241	5.601314	2.47149	0.98732
12246	-233.6623	-346.8766	113.2144	0.8174241	3.240501	2.47149	1.387626
12252	-233.9163	-347.2165	113.3002	0.3757766	3.806008	2.548211	1.469846
12258	-222.5122	-335.9625	113.4504	0.4344226	4.27274	1.87809	1.469846
12264	-220.0103	-333.075	113.0647	0.8291071	6.108931	2.337932	0.7425149
12270	-228.9898	-341.813	112.8232	0.7661408	6.108931	2.337932	1.083887
12276	-230.5266	-343.1191	112.5925	0.5041404	5.658515	2.563859	1.487233
12282	-234.0901	-347.359	113.269	0.9109061	3.053371	2.333177	1.386551
12288	-237.9086	-350.0788	112.1701	0.6592879	4.373725	4.97521	1.295117
12294	-233.5887	-345.0612	111.4725	0.3558912	4.265614	4.97521	2.039855
12300	-234.566	-346.0217	111.4558	0.7445675	5.632562	4.97521	1.508927
12306	-238.6815	-351.2141	112.5326	0.6529335	7.18484	2.754048	1.049043
12312	-240.139	-354.4468	114.3078	0.8547944	3.62217	1.08598	1.09116
12318	-225.0593	-337.4471	112.3879	0.9219206	5.286388	3.419731	1.09116
12324	-224.5939	-337.2114	112.6175	0.6922671	5.286388	3.419731	1.09116
12330	-228.5361	-340.3038	111.7677	0.3508934	6.344046	3.419731	1.808011
12336	-227.1393	-340.2414	113.102	0.6323765	6.069549	2.316945	0.9617097
12342	-225.1744	-338.1159	112.9414	0.5266775	4.169554	2.608368	1.512129
12348	-221.6627	-333.7636	112.1009	0.9453291	4.169554	5.104186	1.135607
12354	-229.1095	-341.8331	112.7236	0.9453291	3.153241	5.104186	0.8832526
12360	-224.8266	-338.6151	113.7885	0.7450813	2.657526	2.51001	1.166132
12366	-233.1235	-343.4309	110.3075	0.8399684	4.339976	14.94341	1.295472
12372	-233.9737	-344.3367	110.363	0.8443442	4.339976	14.94341	1.246061
12378	-240.0548	-350.3182	110.2635	1.215136	3.696644	15.58094	1.138046
12384	-236.9924	-349.5919	112.5995	1.298123	2.338334	6.475447	0.5163163
12390	-236.4603	-348.808	112.3476	0.6271493	5.509836	3.77651	1.219229
12396	-234.0543	-347.2854	113.231	0.7732152	5.509836	1.600081	1.2381
12402	-239.1664	-351.2785	112.1121	1.337533	5.582144	3.835428	0.6396459
12408	-246.1548	-358.8811	112.7263	1.241157	2.908564	3.835428	1.083991
12414	-223.99	-336.8797	112.8897	0.890083	3.233373	3.835428	1.131554
12420	-226.9531	-339.7132	112.7601	0.7531205	3.626174	3.758077	1.255376
12426	-222.8116	-336.7178	113.9061	1.0049	3.626174	1.791444	0.7722567
12432	-234.1463	-345.9937	111.8474	0.8903593	4.106382	4.770262	1.479965
12438	-217.3006	-330.4195	113.1188	0.6902969	3.269722	3.485631	1.203951
12444	-235.7466	-348.5356	112.789	0.4403458	4.008987	3.122687	1.560099
12450	-231.9251	-344.7395	112.8144	0.6268462	4.008987	3.405554	1.31102
12456	-227.9353	-340.4191	112.4839	0.7358792	4.008987	3.141516	1.561483
12462	-231.3113	-343.2117	111.9004	0.4743828	4.008987	3.818335	1.973078
12468	-234.0378	-346.6391	112.6013	0.4263038	2.153873	3.250341	2.201749
12474	-238.5532	-349.3141	110.7608	0.566804	2.153873	11.23487	2.138002
12480	-226.8415	-338.0486	111.2071	0.616003	3.098153	11.23487	1.482173
12486	-236.5956	-348.5408	111.9452	0.6900616	3.751095	4.634184	1.673376
12492	-237.4126	-349.6832	112.2706	0.7067834	3.537614	4.634184	1.479562
12498	-234.1106	-347.4836	113.373	0.351239	3.791941	1.727979	1.771806
12504	-232.0877	-344.9926	112.9049	0.5591808	3.791941	3.303536	1.383658
12510	-241.515	-354.4395	112.9245	0.529616	3.118382	3.303536	1.584353
12516	-229.0584	-342.3182	113.2597	0.5708464	2.305498	3.303536	1.584353
12522	-233.271	-344.4493	111.1783	0.9555418	3.88994	9.711188	1.178664
12528	-241.1709	-352.8854	111.7145	0.7589298	4.035517	7.137506	1.248489
12534	-224.2084	-337.3707	113.1623	0.861074	4.035517	2.348829	1.209068
12540	-224.8091	-338.0367	113.2277	0.4414799	3.223493	2.784402	1.555448
12546	-234.3638	-348.1102	113.7464	0.3998679	3.223493	2.482349	1.29755
12552	-225.3321	-338.1989	112.8668	0.1958878	4.153529	2.482349	1.848384
12558	-221.7308	-334.5315	112.8008	0.613191	5.53987	2.482349	1.29403
12564	-228.7275	-341.614	112.8865	0.2498084	5.53987	2.482349	1.510028
12570	-227.0899	-339.9474	112.8575	0.2653315	6.2685	2.482349	1.384033
12576	-226.4347	-338.8255	112.3907	0.4223578	6.357292	2.14796	1.726731
12582	-229.9769	-343.3342	113.3573	0.8349169	5.710838	1.452936	1.123022
12588	-233.6935	-345.755	112.0615	0.5765452	4.656856	4.25863	1.542457
12594	-226.7915	-340.4011	113.6096	1.116884	4.227319	1.542495	0.9491253
12600	-232.5862	-346.4529	113.8666	1.133701	2.851394	1.542495	1.178574
12606	-225.1498	-338.3241	113.1743	0.6797969	3.871954	2.210535	1.448364
12612	-223.3967	-335.3229	111.9261	0.6542394	3.439111	4.340205	1.854597
12618	-227.3161	-340.1925	112.8764	1.20723	3.439111	3.429492	0.8976815
12624	-227.1255	-339.5921	112.4666	0.8188361	3.808523	3.189465	1.549406
12630	-228.0881	-341.1661	113.078	0.4915783	3.909627	2.474806	1.549406
12636	-225.1912	-338.0444	112.8531	0.5043018	3.209158	2.934664	1.735881
12642	-233.889	-347.2081	113.3191	0.1698821	3.119333	2.721459	1.735881
12648	-234.4048	-347.5168	113.112	0.221064	3.119333	2.721459	1.844079
12654	-224.2645	-336.7479	112.4834	0.3044934	5.401341	3.482824	1.475835
12660	-233.043	-345.3631	112.3201	0.5630246	2.762539	3.850878	1.949383
12666	-233.0471	-344.6604	111.6133	0.1803932	2.418049	3.429112	2.841616
12672	-226.7752	-339.9748	113.1996	0.459748	2.418049	3.429112	1.631309
12678	-230.3474	-343.5041	113.1567	0.4598922	4.021261	3.379351	1.16898
12684	-219.3489	-331.7794	112.4305	0.6246624	4.021261	3.379351	1.609634
12690	-237.632	-349.5798	111.9478	0.7778934	2.972587	3.379351	2.106918
12696	-231.713	-345.0561	113.3432	0.5544299	3.728811	1.638147	1.708165
12702	-229.6803	-342.4866	112.8063	0.806834	3.604576	3.858122	1.146473
12708	-223.3442	-336.2614	112.9172	0.8527174	3.604576	3.858122	0.999395
12714	-227.7692	-340.3098	112.5407	0.8682506	3.761258	3.858122	1.272487
12720	-223.541	-336.5237	112.9828	0.6443729	3.03484	4.344255	1.189274
12726	-240.2586	-352.0544	111.7957	1.309307	5.918032	4.344255	0.7935944
12732	-232.1033	-344.7386	112.6354	0.9403404	3.775882	4.344255	0.9711477
12738	-223.7346	-336.5872	112.8526	1.032418	4.137356	3.469196	0.8228183
12744	-227.83	-340.4016	112.5716	0.7409097	5.233178	3.469196	1.084478
12750	-245.3365	-358.6663	113.3298	1.015346	3.512595	1.975694	1.267085
12756	-240.3723	-353.8267	113.4544	1.015346	3.512595	1.975694	1.161083
12762	-230.1563	-343.6977	113.5414	0.9283787	3.512595	1.975694	1.161083
12768	-231.9393	-344.9341	112.9948	0.6342621	2.057119	1.975694	2.244702
12774	-230.4511	-343.849	113.398	0.4750386	3.384063	2.527534	1.445482
12780	-229.0525	-341.8796	112.827	0.6866375	3.384063	3.35623	1.445482
12786	-230.6525	-343.8879	113.2354	0.2782692	3.384063	3.35623	1.445482
12792	-226.7304	-340.0856	113.3552	0.808983	3.384063	2.765581	1.113455
12798	-232.647	-346.6462	113.9992	0.9127374	2.882041	2.189239	0.8521767
12804	-232.284	-346.0105	113.7266	1.269447	2.882041	2.189239	0.7386778
12810	-238.4526	-350.4468	111.9942	1.223565	3.458857	6.722905	0.8018402
12816	-237.4455	-350.4281	112.9825	0.9851506	3.458857	3.544895	0.967777
12822	-239.0731	-352.6783	113.6053	0.7955662	2.650689	1.961747	1.511638
12828	-236.4587	-349.307	112.8483	1.197739	3.154619	4.299488	0.6895358
12834	-235.0545	-348.6716	113.6171	0.7211092	5.890101	1.406804	0.9743177
12840	-234.788	-348.2966	113.5086	0.6315496	5.890101	1.406804	1.161
12846	-237.1377	-350.753	113.6154	0.7832224	5.028914	1.402451	1.134397
12852	-236.5972	-350.0095	113.4123	0.8014368	5.06771	1.492451	1.226463
12858	-243.3294	-355.4028	112.0734	0.8268795	3.81201	6.249916	1.114418
12864	-238.0647	-352.0863	114.0215	0.9774845	2.821555	2.053911	0.8706494
12870	-231.6752	-344.2608	112.5857	0.5803427	2.821555	4.203495	1.653181
12876	-230.4674	-343.8718	113.4045	0.7268683	5.302645	2.044453	0.9037029
12882	-232.0452	-344.4814	112.4363	0.5646313	6.960653	2.005365	1.553889
12888	-229.8559	-342.0021	112.1463	0.5965605	7.978006	3.464611	1.040122
12894	-235.6101	-348.5826	112.9725	0.8966573	6.939304	1.630549	1.040122
12900	-220.3043	-333.5784	113.2741	0.8845006	3.39376	2.363532	1.281775
12906	-229.417	-343.058	113.641	1.154829	3.39376	1.238283	1.359017
12912	-227.284	-339.4653	112.1813	0.9683169	3.39376	5.019272	1.30052
12918	-224.5113	-337.639	113.1278	1.014194	3.39376	3.495634	0.818471
12924	-228.9281	-342.319	113.3909	0.7755983	3.535835	1.646068	1.561116
12930	-224.6576	-337.5397	112.8821	0.398846	3.801696	1.646068	2.105456
12936	-230.2188	-343.6502	113.4314	0.6976767	3.721502	1.123557	1.831482
12942	-244.2744	-358.6635	114.3891	0.9235246	2.373674	1.187575	1.341389
12948	-239.0515	-352.0317	112.9801	0.9235246	2.373674	3.076409	1.572241
12954	-229.3241	-342.9594	113.6353	1.45618	3.373392	1.39928	0.9927978
12960	-232.3818	-345.4438	113.062	1.112373	3.373392	3.640198	0.7046259
12966	-233.1289	-344.4906	111.3617	1.18185	4.559548	8.581815	0.7046259
12972	-227.2643	-339.642	112.3776	1.497432	2.64967	5.792491	0.3847321
12978	-232.1391	-344.4697	112.3306	1.443114	3.820602	4.495464	0.6002798
12984	-237.9418	-351.4485	113.5067	1.13124	4.80389	1.793294	0.4972137
12990	-232.3867	-346.1301	113.7434	1.581137	4.260478	1.109411	0.4874113
12996	-229.2347	-342.2285	112.9938	1.290817	4.782967	2.39644	0.5968412
13002	-225.3191	-337.3131	111.994	1.740756	2.924343	5.987313	0.4909597
13008	-223.0436	-334.9285	111.8849	1.685403	3.030948	6.42902	0.4171081
13014	-224.7516	-337.7466	112.995	1.87143	3.592243	1.677485	0.2278505
13020	-228.5964	-340.5423	111.9458	1.901541	3.13755	4.706962	0.2806896
13026	-223.9695	-335.8712	111.9017	1.901541	3.153914	5.210267	0.3807882
13032	-236.9997	-349.8158	112.8161	1.901541	4.139057	1.697256	0.2527878
13038	-229.6436	-342.5506	112.9071	1.901541	4.30678	1.697256	0.3677997
13044	-223.3936	-335.8581	112.4645	1.724055	4.704724	2.583575	0.3668924
13050	-231.9711	-344.7304	112.7593	1.724055	3.882792	2.583575	0.4317755
13056	-232.7988	-345.788	112.9892	1.767323	3.173488	2.583575	0.4679412
13062	-242.5715	-355.6905	113.119	1.327933	2.847477	3.669498	0.4855782
13068	-230.6344	-343.6698	113.0354	1.327933	4.133657	2.679903	0.4855782
13074	-223.3517	-336.7894	113.4377	1.447894	3.326716	2.183647	0.4144005
13080	-223.3991	-335.9905	112.5914	1.618525	5.973679	1.832322	0.3134008
13086	-218.7966	-331.5827	112.7861	1.618525	6.769295	1.257569	0.2850427
13092	-228.7663	-342.1355	113.3691	1.730474	4.368839	1.257569	0.3457839
13098	-226.6072	-340.1876	113.5804	1.166238	4.28101	1.853384	0.5823385
13104	-229.0946	-342.426	113.3314	1.372705	2.766418	2.513941	0.9549572
13110	-246.2685	-359.1704	112.9019	1.018639	5.210011	2.513941	0.8886435
13116	-241.8796	-354.7182	112.8385	0.557589	5.210011	2.744465	1.278135
13122	-229.9529	-342.8034	112.8505	0.8062069	5.210011	2.774708	1.035912
13128	-226.0418	-338.7919	112.7501	0.4754828	3.335417	2.774708	1.841778
13134	-231.6068	-344.8284	113.2216	0.0502657	3.438851	2.774708	1.782321
13140	-227.8962	-341.0636	113.1674	0.1043875	3.438851	2.774708	1.782321
13146	-229.2046	-342.0547	112.8501	0.05922045	3.891732	3.242744	1.782321
13152	-233.7258	-346.9683	113.2425	0.2922804	3.891732	1.657043	1.910562
13158	-236.9015	-350.5247	113.6232	0.4928834	3.891732	1.657043	1.498427
13164	-229.4914	-342.993	113.5017	0.4261176	3.47557	2.091894	1.549769
13170	-232.4653	-345.4348	112.9695	0.6251823	3.47557	2.484744	1.641209
13176	-238.6465	-352.2171	113.5706	0.4734021	4.662358	1.987597	1.192896
13182	-235.8093	-349.1805	113.3712	0.856168	4.203832	1.987597	1.156899
13188	-225.2572	-338.8891	113.6319	1.252054	4.203832	1.644635	0.6458897
13194	-233.2993	-345.7541	112.4547	1.028712	3.722056	5.00834	0.8777664
13200	-230.0923	-342.2514	112.1591	1.028712	3.722056	6.170972	0.8747027
13206	-222.8568	-335.6298	112.7729	0.5059121	3.722056	3.056907	1.616404
13212	-219.0501	-331.9347	112.8846	0.5327583	4.476633	2.191477	1.633682
13218	-226.5027	-340.31	113.8073	0.5987657	2.488407	2.191477	1.467889
13224	-226.7918	-338.9259	112.134	0.3518402	2.488407	4.297609	2.198951
13230	-229.7601	-342.2428	112.4828	0.3392845	2.488407	3.434558	2.175241
13236	-225.6893	-339.5059	113.8166	0.8215892	1.940594	3.434558	1.053431
13242	-224.8578	-337.5107	112.6529	0.5460956	2.463797	4.198113	1.750361
13248	-241.9285	-354.0544	112.1259	0.1914844	2.463797	4.198113	2.335309
13254	-226.0732	-338.878	112.8049	0.3847577	2.463797	2.734088	2.133944
13260	-221.9439	-335.0555	113.1116	0.1420602	3.076011	2.135808	2.107274
13266	-233.2035	-345.9786	112.7751	0.2031995	3.045599	2.705036	2.107274
13272	-230.8269	-342.4252	111.5983	0.4535496	4.374451	5.877769	1.701842
13278	-240.7477	-353.2135	112.4657	0.7549606	2.970088	5.521576	1.272587
13284	-249.5973	-362.2117	112.6143	0.8786415	5.377912	1.95201	1.490043
13290	-230.0551	-342.4045	112.3493	0.4781387	4.279042	3.141942	1.778393
13296	-228.2741	-340.9554	112.6813	0.6699923	3.611852	3.108875	1.576956
13302	-221.9155	-334.5452	112.6296	0.7843855	4.497086	2.332746	1.576956
13308	-226.2076	-339.176	112.9684	0.6271498	3.690506	2.030174	1.756654
13314	-224.7907	-335.9946	111.2039	0.5402934	4.100057	7.296911	1.756654
13320	-233.166	-345.5182	112.3522	0.4500292	2.025173	6.376256	1.779984
13326	-227.2185	-338.7852	111.5666	0.5345404	3.108103	5.395324	2.06081
13332	-225.0119	-337.2215	112.2095	0.4812339	3.108103	3.50563	2.06081
13338	-237.3904	-349.3281	111.9377	0.6623006	5.021409	4.02376	1.549752
13344	-237.0158	-350.2308	113.215	1.019598	3.077718	3.467495	0.8727542
13350	-231.5317	-344.6406	113.1089	0.5362693	3.700503	2.385401	1.580779
13356	-235.4994	-348.2814	112.7821	0.1136713	5.148579	2.385401	1.792326
13362	-235.3195	-348.2741	112.9545	0.2755444	5.641223	2.385401	1.456484
13368	-233.0814	-346.1171	113.0358	0.4999089	4.671593	2.385401	1.425948
13374	-237.9388	-350.9975	113.0586	0.8641651	3.478943	2.582931	1.357855
13380	-246.0069	-358.4326	112.4257	1.195819	3.456117	5.074959	0.8051828
13386	-239.1468	-351.616	112.4692	1.195819	3.456117	4.850992	0.8305961
13392	-234.6899	-348.4385	113.7486	0.8186664	3.317425	1.193991	1.583744
13398	-221.4253	-334.9466	113.5213	0.4942765	4.990809	1.193991	1.583744
13404	-213.9644	-327.4391	113.4746	0.5910777	4.835813	1.06369	1.665351
13410	-220.9138	-333.8342	112.9205	0.1062305	3.77778	3.318044	1.707008
13416	-233.49	-347.1114	113.6214	0.2286148	3.77778	1.685152	1.707008
13422	-235.4918	-349.1752	113.6834	0.5336564	3.809325	1.685152	1.429098
13428	-236.6668	-350.3205	113.6537	0.865584	3.809325	1.685152	1.183823
13434	-238.1656	-351.5315	113.3659	0.865584	5.295603	1.668415	1.043876
13440	-230.3483	-343.8315	113.4832	1.154352	5.897285	1.202976	0.8225535
13446	-229.2397	-343.5635	114.3238	1.335634	3.100702	1.202976	0.5299059
13452	-226.2205	-340.4484	114.2279	1.246631	3.100702	1.367744	0.67576
13458	-232.2866	-344.6663	112.3796	1.246631	5.072615	3.812357	0.4921253
13464	-237.5193	-350.2502	112.7309	1.240428	5.072615	2.887754	0.5951553
13470	-227.3162	-340.4251	113.1089	1.597277	5.044278	1.588309	0.4807648
13476	-236.0332	-348.0551	112.0219	1.512512	6.104068	3.262283	0.3833463
13482	-235.0021	-348.2799	113.2778	1.512512	2.7677	2.846381	0.6103598
13488	-236.6565	-348.1068	111.4503	1.136376	5.266753	7.525487	0.6104883
13494	-233.3708	-345.9121	112.5413	0.4274194	6.04911	2.354964	1.587866
13500	-235.4366	-348.2681	112.8314	0.5048487	7.389348	2.436063	1.009256
13506	-235.0577	-347.9137	112.8561	0.519455	9.820304	1.086623	1.38075
13512	-229.8289	-342.6593	112.8304	0.5318919	10.29665	1.304779	1.173014
13518	-226.6598	-338.8015	112.1417	0.9342983	10.29665	2.268012	0.8282213
13524	-235.1837	-347.5806	112.3969	0.6408538	10.29665	2.282015	0.8658126
13530	-240.4157	-352.3341	111.9184	1.391062	1.907728	10.54145	0.7364532
13536	-235.6616	-348.2445	112.5829	1.183649	2.967475	5.543353	0.6948415
13542	-234.2455	-346.3023	112.0568	1.045607	2.967475	6.978581	1.07945
13548	-224.8282	-336.7647	111.9365	0.7686413	4.224114	6.978581	1.014936
13554	-229.1181	-340.7479	111.6297	1.203408	4.224114	6.978581	0.8790244
13560	-226.9743	-340.0264	113.0522	1.177651	4.224114	2.493441	0.8790244
13566	-219.8867	-333.2871	113.4005	1.369031	5.937879	1.15142	0.6771069
13572	-223.8113	-335.1523	111.341	1.369031	3.823285	9.301415	0.588871
13578	-233.0859	-344.5467	111.4608	1.428358	5.441199	5.855178	0.6600055
13584	-234.3263	-346.5378	112.2115	0.6471927	4.987343	4.745342	1.17304
13590	-231.1069	-343.3619	112.255	0.6673152	4.758597	4.745342	1.174728
13596	-229.1498	-342.381	113.2312	1.234371	4.375888	1.439617	1.219124
13602	-235.3076	-349.1684	113.8608	1.234371	4.375888	1.096577	0.8919677
13608	-222.0793	-335.2689	113.1897	1.411266	4.460723	1.955548	0.6536414
13614	-223.4628	-336.6199	113.1571	1.165522	4.460723	2.348033	0.7579801
13620	-230.0133	-343.6771	113.6638	1.113296	4.692331	1.492259	0.7579801
13626	-229.8823	-341.5614	111.6791	1.391156	4.692331	6.142156	0.497402
13632	-236.2231	-347.4469	111.2238	1.587002	5.616735	6.142156	0.5572213
13638	-227.0221	-338.7573	111.7352	1.041107	7.055456	4.97233	0.5711194
13644	-231.0822	-342.9615	111.8792	1.547983	7.055456	2.625281	0.2455807
13650	-226.957	-339.343	112.3861	1.513421	8.199683	1.713513	0.4319563
13656	-230.2088	-342.1789	111.9702	1.213236	8.199683	3.086197	0.417363
13662	-227.4967	-339.446	111.9493	1.214567	8.199683	3.086197	0.379202
13668	-226.9459	-339.8707	112.9248	1.465868	3.541385	3.086197	0.5251092
13674	-227.4706	-341.9927	114.5221	1.413547	3.945103	0.6227277	0.6633839
13680	-229.8848	-343.9271	114.0424	1.14449	6.575641	0.6227277	0.7176572
13686	-234.4122	-348.0838	113.6716	1.50881	3.35769	1.593338	0.7176572
13692	-224.1637	-337.8511	113.6874	0.8849956	2.705444	2.340942	1.187041
13698	-227.3028	-340.9499	113.6471	0.3142379	8.553673	1.072412	1.078141
13704	-224.0316	-336.6053	112.5737	0.2857525	8.553673	2.708229	1.125778
13710	-230.1257	-343.6247	113.4989	0.5337437	5.965031	1.891737	0.9267242
13716	-223.0149	-336.0039	112.9891	0.8269576	4.439233	2.535014	1.195601
13722	-225.6454	-338.5429	112.8976	0.6368958	3.136425	2.535014	1.760829
13728	-223.6475	-337.1435	113.496	0.8269726	4.040418	2.021924	1.101241
13734	-232.659	-345.7223	113.0633	0.6618908	4.892732	2.021924	1.382469
13740	-236.1526	-349.3068	113.1542	0.3646172	5.36414	2.021924	1.441926
13746	-222.5094	-335.4066	112.8973	0.9768918	5.129338	2.021924	1.206958
13752	-228.7031	-342.6615	113.9585	1.304131	3.807798	0.9465865	1.064519
13758	-226.5105	-340.6645	114.1539	1.304131	3.601346	0.9948741	0.8889865
13764	-231.8649	-344.7857	112.9208	1.372238	4.474283	2.600321	0.5086267
13770	-227.2933	-340.349	113.0557	1.499926	4.474283	1.98425	0.3424238
13776	-233.9382	-346.8539	112.9157	1.634473	4.474283	1.98425	0.3366662
13782	-232.7552	-345.5853	112.8301	1.733956	4.474283	1.98425	0.3519846
13788	-234.8343	-346.4901	111.6558	1.514585	4.474283	5.773759	0.3519846
13794	-233.974	-346.716	112.7421	1.577656	4.474283	2.545115	0.4978939
13800	-229.2363	-344.2883	115.0521	1.82697	1.93408	0.6188461	0.4978939
13806	-241.8706	-356.9227	115.0521	1.82697	1.93408	0.6188461	0.4978939
13812	-235.2241	-348.4241	113.2	0.984407	2.71421	4.163638	0.8306904
13818	-231.8679	-344.7485	112.8806	1.005005	2.697942	4.163638	1.143742
13824	-229.2116	-341.825	112.6134	0.715902	2.697942	4.163638	1.585072
13830	-232.7345	-343.7519	111.0174	0.7267498	2.697942	6.524557	2.231311
13836	-238.823	-351.2679	112.4449	0.3163811	5.067487	4.244298	1.361948
13842	-226.4734	-339.5914	113.1179	0.5853063	3.670292	2.587787	1.471296
13848	-244.1531	-355.286	111.1329	0.5853063	3.670292	2.899601	2.695276
13854	-237.9344	-350.9872	113.0528	0.7331869	3.670292	3.079329	1.231416
13860	-234.3886	-347.1108	112.7222	1.078625	2.104161	5.788231	1.077172
13866	-242.8837	-355.6346	112.7509	1.006556	2.104161	5.788231	1.116998
13872	-232.8255	-344.4472	111.6217	0.5409545	3.714259	6.314306	1.705957
13878	-228.4123	-341.2761	112.8638	0.577659	3.165358	3.24798	1.595563
13884	-231.8918	-344.7582	112.8663	0.7176776	2.898918	3.124838	1.609832
13890	-240.9722	-353.0697	112.0975	0.7555518	2.898918	4.73533	1.734844
13896	-236.8676	-349.8779	113.0103	0.6004306	4.176869	3.54258	1.072018
13902	-235.257	-346.9148	111.6578	1.01407	4.176869	7.508856	0.9528904
13908	-229.2169	-341.6351	112.4181	0.7242982	5.219638	3.862461	1.113389
13914	-227.7286	-340.6356	112.907	0.8841327	6.044106	2.246578	0.9475789
13920	-222.1643	-335.1185	112.9542	1.081977	3.524625	3.886378	0.693478
13926	-232.1397	-344.1929	112.0532	1.06986	4.220436	4.032727	1.330514
13932	-240.5672	-354.6153	114.048	0.9423413	4.220436	0.9241188	1.205216
13938	-239.591	-354.276	114.685	1.585617	2.758235	0.4926044	1.064603
13944	-246.6163	-359.046	112.4297	1.739002	2.758235	4.534849	0.6385923
13950	-240.4833	-354.2091	113.7257	1.516096	3.019082	1.790669	0.5996032
13956	-236.7545	-349.2525	112.498	1.096001	3.631715	3.573373	1.241993
13962	-220.9553	-333.8925	112.9373	0.6567322	3.631715	3.573373	1.241993
13968	-239.9152	-353.8534	113.9382	1.031012	2.927754	1.824922	1.000612
13974	-227.6228	-340.6464	113.0235	0.3210449	2.927754	2.240433	2.051243
13980	-233.9038	-345.1681	111.2643	0.3001696	3.26608	7.52762	2.051243
13986	-247.2529	-358.8382	111.5854	0.2673498	2.317968	5.328358	2.466656
13992	-225.2655	-336.5525	111.287	0.8165651	2.148905	6.995375	2.111256
13998	-226.144	-338.8607	112.7166	0.5096746	3.071076	2.178079	2.111256
14004	-230.5088	-342.9783	112.4696	0.3081506	3.429791	2.79481	2.111256
14010	-227.4718	-340.1614	112.6897	0.4086282	3.085536	2.79481	1.989835
14016	-228.5537	-342.3088	113.7551	0.4975222	2.925381	1.79978	1.603052
14022	-233.2804	-347.5697	114.2894	1.099891	2.925381	1.296176	0.9597374
14028	-231.6875	-345.1857	113.4981	1.116085	3.452723	2.383455	0.8050529
14034	-247.4694	-360.6465	113.1771	0.9800919	3.452723	3.064869	0.9695175
14040	-234.7456	-348.5906	113.845	1.280245	3.089219	1.907996	0.6362664
14046	-225.4653	-339.6436	114.1783	1.442667	3.471427	0.9422989	0.8154711
14052	-223.537	-337.3663	113.8293	1.250515	4.106386	1.433675	0.6169861
14058	-227.4976	-340.0842	112.5866	1.083338	3.87958	4.493283	0.7606682
14064	-236.6157	-349.3333	112.7176	1.146779	2.590607	3.857462	1.29196
14070	-234.9625	-348.3196	113.3571	1.322736	4.370018	1.338402	1.101735
14076	-238.2544	-351.5659	113.3115	0.9344342	2.636115	3.340561	1.108953
14082	-238.968	-352.2345	113.2665	1.143248	4.437142	2.286762	0.6791388
14088	-244.4892	-358.1399	113.6506	1.132667	2.84653	2.593631	0.7713937
14094	-234.1875	-347.044	112.8565	0.9058303	5.240188	2.593631	1.006874
14100	-237.5792	-350.4058	112.8266	0.4974625	5.322033	2.593631	1.368424
14106	-241.277	-354.1676	112.8906	0.3890156	5.322033	2.593631	1.403247
14112	-236.0654	-349.4285	113.3631	0.4501318	3.156359	2.400162	1.604352
14118	-243.0245	-354.7193	111.6948	0.6635837	3.104808	7.61613	1.532267
14124	-242.7003	-354.5947	111.8944	0.4536322	5.292812	4.662717	1.532267
14130	-225.8196	-338.4815	112.6619	0.7398964	5.292812	2.814718	1.228437
14136	-223.2409	-336.5	113.2591	0.8763598	3.506532	1.758893	1.53666
14142	-227.5028	-338.4405	110.9377	0.8384514	3.953266	9.661479	1.456578
14148	-236.8039	-348.5616	111.7578	0.5717451	3.953266	6.361403	1.516583
14154	-231.985	-343.3991	111.4141	0.3546666	3.953266	4.498779	2.237169
14160	-230.3428	-342.8661	112.5233	0.1107569	2.75354	2.82453	2.376155
14166	-232.4253	-345.0853	112.6601	0.06213121	2.75354	2.82453	2.32016
14172	-228.6096	-340.9522	112.3426	0.0613905	2.638433	2.82453	2.553885
14178	-220.1008	-332.5487	112.448	0.04902933	2.446809	2.82453	2.553885
14184	-223.5696	-337.1632	113.5937	0.9045357	3.443304	1.104278	1.656971
14190	-232.63	-346.1243	113.4943	0.8933148	2.690408	2.245822	1.385107
14196	-223.123	-334.9014	111.7783	0.935819	2.690408	7.712008	1.385107
14202	-234.7342	-347.3668	112.6326	0.629247	6.873082	2.766607	1.033575
14208	-240.5552	-352.7703	112.2151	0.9478174	6.873082	2.766607	1.125759
14214	-249.1794	-361.7892	112.6098	0.5910589	7.561358	1.992944	1.310442
14220	-231.7844	-344.5369	112.7525	0.1198286	5.750912	1.90025	1.885892
14226	-230.848	-343.5471	112.6991	0.1537709	4.889515	2.618345	1.79288
14232	-240.2321	-352.6366	112.4045	0.8280971	4.421478	3.135293	1.454173
14238	-240.6881	-353.3828	112.6947	0.628087	3.181132	3.862589	1.510161
14244	-225.2756	-337.7124	112.4367	0.9416278	3.492075	3.862589	1.37471
14250	-232.2921	-343.8591	111.567	1.469702	4.013782	6.143861	0.9378405
14256	-232.0562	-344.4718	112.4156	1.155742	4.013782	4.161899	0.9512834
14262	-233.1496	-346.5944	113.4448	1.120174	4.013782	2.1487	0.769509
14268	-231.2141	-343.7026	112.4885	1.040424	4.013782	4.58431	0.8501181
14274	-232.7009	-344.382	111.681	1.024386	4.013782	7.149959	1.046699
14280	-228.6479	-341.7469	113.099	1.170702	3.669339	2.880477	0.8423914
14286	-233.0171	-345.7152	112.6981	0.9137141	4.280295	3.817564	0.939154
14292	-244.1725	-356.4839	112.3114	0.8074225	2.203739	6.246165	1.501522
14298	-233.5857	-345.6412	112.0554	0.6069421	2.203739	6.246165	1.828211
14304	-229.8993	-343.3397	113.4403	0.6863105	3.937349	1.822431	1.395674
14310	-224.1185	-337.2878	113.1693	0.553428	4.036346	2.488837	1.395674
14316	-226.6754	-339.3318	112.6564	0.9191287	4.036346	2.801699	1.395674
14322	-238.5347	-350.8287	112.294	0.6328005	2.993811	2.411728	2.246927
14328	-228.0325	-340.6393	112.6068	0.2423625	4.400201	3.184678	1.724344
14334	-226.8055	-340.8562	114.0507	1.07752	3.989446	1.065721	1.019601
14340	-232.6879	-345.3463	112.6584	1.029984	4.188703	4.20171	0.7139352
14346	-227.4731	-339.9941	112.521	1.14023	5.691897	3.17019	0.6622906
14352	-225.2734	-337.2196	111.9462	1.14023	5.691897	4.251157	0.9191892
14358	-228.6356	-341.6494	113.0138	1.315534	4.731666	2.302782	0.6448406
14364	-223.9634	-337.0237	113.0603	1.299907	4.731666	2.302782	0.5487921
14370	-223.048	-335.4741	112.4261	0.8083649	4.731666	3.02122	1.41737
14376	-230.2637	-342.9924	112.7288	0.542417	2.52402	2.19171	2.237257
14382	-233.9608	-346.0399	112.0792	0.5712824	3.135231	3.705533	2.031657
14388	-232.0384	-344.5156	112.4771	0.3043353	3.606908	3.705533	1.819744
14394	-235.462	-348.7741	113.3121	0.1734131	3.483877	3.055035	1.529468
14400	-228.3111	-341.8867	113.5756	0.02775103	3.674599	1.874608	1.819744
14406	-235.0917	-348.3938	113.3021	0.01781238	4.532152	1.874608	1.819744
14412	-242.223	-354.4371	112.2141	0.5345026	2.674956	3.493844	2.150295
14418	-241.5893	-353.5363	111.947	0.6319696	2.446706	3.619143	2.300776
14424	-232.4507	-345.254	112.8033	0.3518206	2.950887	5.359134	1.366232
14430	-234.2163	-346.9243	112.708	0.4080603	5.630206	2.40634	1.536178
14436	-227.0952	-339.9147	112.8194	0.2968632	5.630206	2.94553	1.343076
14442	-239.0158	-351.6998	112.684	0.6194276	3.121361	2.592285	1.904968
14448	-238.3605	-350.7812	112.4207	0.2329237	3.632809	3.688038	1.904968
14454	-245.4545	-358.9976	113.5431	0.09054847	6.292078	1.979202	1.183354
14460	-242.5758	-355.424	112.8482	0.336671	5.439192	1.142945	2.102707
14466	-236.2534	-349.8343	113.5809	0.4978065	4.874395	1.925143	1.141028
14472	-236.6714	-350.435	113.7636	0.1234599	4.874395	1.925143	1.303345
14478	-230.9892	-344.2047	113.2155	0.2236797	4.874395	1.925143	1.64315
14484	-239.1243	-352.8718	113.7475	0.1400546	3.500809	1.925143	1.64315
14490	-225.9344	-339.1441	113.2097	0.6127391	3.500809	1.350253	1.963239
14496	-229.6358	-343.2235	113.5877	0.5139006	5.694029	1.442239	1.212997
14502	-226.51	-339.1017	112.5917	0.7036917	5.617066	2.425056	1.395457
14508	-219.0731	-331.3119	112.2388	0.5218711	5.617066	3.434273	1.46814
14514	-227.7385	-339.3484	111.6098	0.7216591	3.910159	4.927892	1.787884
14520	-223.6239	-334.8359	111.212	0.6414001	3.553237	4.927892	2.192571
14526	-223.9718	-336.0362	112.0644	0.4828423	2.84632	4.160628	2.078519
14532	-229.4134	-342.9395	113.5262	1.085062	2.954131	2.515449	0.9645422
14538	-227.7494	-339.4432	111.6938	1.184275	2.471208	9.439211	1.072683
14544	-226.9616	-339.8371	112.8755	1.184275	3.758769	3.551596	0.7123775
14550	-225.8039	-339.5061	113.7022	0.9000362	2.975108	2.126679	1.157107
14556	-220.5821	-333.8365	113.2544	0.9140304	4.481577	2.126679	1.058104
14562	-226.4842	-338.6737	112.1895	1.327274	5.397681	3.592063	0.7592095
14568	-221.2955	-334.6266	113.3311	1.57358	3.395659	2.11648	0.5655856
14574	-223.6138	-335.9957	112.3818	1.687337	3.146398	4.345968	0.6155918
14580	-229.1127	-342.2859	113.1733	0.5239498	2.337826	3.545858	1.601811
14586	-233.5983	-346.2488	112.6505	0.9324104	2.337826	4.389953	1.47396
14592	-231.9872	-345.9348	113.9476	1.099124	2.337826	2.220895	0.971113
14598	-225.0257	-338.5127	113.487	0.6545853	3.45777	2.703029	1.134231
14604	-228.054	-341.234	113.1799	0.7480297	4.599927	1.69208	1.450791
14610	-228.7265	-341.5228	112.7963	0.5866702	4.599927	2.706405	1.440103
14616	-229.7862	-342.8233	113.0371	0.03200204	4.599927	3.104205	1.545539
14622	-231.8687	-344.7356	112.8669	0.1273856	2.89458	3.104205	2.024469
14628	-229.2451	-341.9648	112.7197	0.6401276	3.249463	4.249416	1.361761
14634	-235.5937	-348.8252	113.2315	0.523395	2.49074	2.336794	1.877228
14640	-232.7454	-345.349	112.6036	1.245292	5.482283	2.916971	0.5943056
14646	-235.1706	-348.3837	113.2131	0.6811438	6.579044	1.768611	1.00249
14652	-232.7399	-345.1936	112.4538	1.184095	3.996019	3.761639	1.027419
14658	-244.8373	-358.6755	113.8381	0.9744531	3.996019	1.857883	0.6481885
14664	-236.7239	-350.2116	113.4876	1.184019	2.99036	1.857883	1.228046
14670	-232.3483	-346.303	113.9547	1.184019	2.99036	1.612619	0.9429365
14676	-244.4077	-358.8631	114.4554	1.240091	2.827945	1.016706	0.9469105
14682	-232.982	-347.5599	114.5779	1.282842	3.133642	0.817916	0.8530705
14688	-240.2465	-354.013	113.7665	0.8579558	4.998292	0.817916	1.408034
14694	-235.673	-349.3496	113.6766	0.6240094	2.472738	2.340396	1.493624
14700	-229.4527	-342.7374	113.2847	0.09070886	2.149664	2.340396	2.244449
14706	-238.9188	-350.6764	111.7576	0.07104109	3.029642	4.706133	2.381763
14712	-244.6953	-356.0758	111.3805	0.03519094	3.498461	4.706133	2.524128
14718	-247.5628	-361.665	114.1022	0.01937924	1.82939	2.359312	1.869579
14724	-241.1869	-353.6303	112.4433	0.02042639	1.777318	4.742772	2.381582
14730	-234.6231	-347.5295	112.9064	0.09147527	5.517232	3.510284	1.279031
14736	-229.9098	-342.3473	112.4375	0.4247072	4.745457	3.510284	1.548563
14742	-241.2689	-355.0816	113.8126	0.5493214	1.56184	3.149046	1.571436
14748	-229.0118	-342.7101	113.6984	0.9202031	2.977268	2.34533	1.032964
14754	-236.6944	-349.9111	113.2167	1.192698	4.429995	2.391421	0.5135457
14760	-236.2515	-349.9325	113.681	1.142521	2.872945	2.651957	0.6319455
14766	-223.6553	-336.0051	112.3498	1.142521	2.872945	6.096645	0.9293774
14772	-231.7415	-345.7038	113.9623	0.9182288	2.872945	2.327461	0.8038564
14778	-223.9839	-337.7096	113.7257	0.9473146	2.732225	2.327461	1.092633
14784	-226.5561	-339.395	112.8388	0.7016364	4.595126	2.506424	1.393017
14790	-222.8777	-335.28	112.4022	0.5477123	4.595126	2.506424	1.822708
14796	-232.1082	-343.5277	111.4195	0.6723157	4.595126	4.82195	1.822708
14802	-234.4399	-347.1552	112.7153	0.4154747	2.261365	4.82195	1.737508
14808	-232.0247	-345.0772	113.0525	0.769784	4.382958	1.920958	1.471025
14814	-227.1025	-340.0637	112.9612	0.6170286	5.223113	1.920958	1.471025
14820	-225.6613	-337.3855	111.7242	0.7843713	2.417632	3.418946	2.402256
14826	-217.9123	-330.6011	112.6889	0.3110079	3.409107	4.035639	1.637845
14832	-216.8197	-329.3119	112.4922	0.6875489	3.497586	2.265669	1.999333
14838	-223.5759	-334.9192	111.3433	0.391773	2.793897	5.832346	2.313683
14844	-234.3876	-344.9863	110.5986	0.5015741	2.846041	8.787303	2.313683
14850	-227.5547	-339.0216	111.4669	0.5329281	3.112755	8.787303	1.632477
14856	-231.282	-343.299	112.017	0.6205802	4.436675	4.351095	1.570363
14862	-238.6713	-351.9573	113.286	1.07629	4.425299	2.098394	0.8929931
14868	-233.8547	-346.9679	113.1132	0.9408374	4.425299	2.863814	0.8046596
14874	-234.8414	-346.649	111.8076	1.079385	6.770944	4.382263	0.8061237
14880	-239.0969	-352.72	113.6231	0.7833047	6.770944	1.344857	0.6908355
14886	-236.837	-350.0376	113.2006	0.9812784	4.181859	2.60093	0.889927
14892	-242.1227	-354.9926	112.8699	0.7828811	5.845147	2.544322	0.9840739
14898	-229.0169	-342.8138	113.7969	1.053214	3.482577	1.688858	0.9840739
14904	-241.6272	-354.8805	113.2533	1.13022	4.320436	1.980918	0.978385
14910	-236.2953	-349.5977	113.3023	1.161201	3.072729	3.244618	0.6716585
14916	-231.9043	-345.6607	113.7565	0.9423004	4.499496	1.193209	1.15782
14922	-232.4934	-346.6383	114.1449	1.343079	4.499496	0.5871548	1.055918
14928	-232.225	-346.3853	114.1603	1.186525	3.310493	0.6757365	1.41653
14934	-239.6282	-353.0728	113.4445	1.617522	4.840867	0.7684532	1.131775
14940	-229.7493	-343.957	114.2077	1.924807	4.840867	0.2827074	0.8690499
14946	-231.4846	-346.3981	114.9135	1.94193	4.113598	0.1622031	0.6267584
14952	-228.3552	-342.8457	114.4905	2.373769	4.166339	0.1622031	0.5278127
14958	-232.8266	-347.1892	114.3626	2.55829	3.934457	0.1622031	0.4020471
14964	-241.6203	-354.7701	113.1498	1.114851	2.847899	3.826677	0.7955498
14970	-232.6983	-346.2458	113.5475	0.9821521	3.546496	2.387872	0.8638281
14976	-243.2131	-355.3111	112.098	1.356647	4.916388	3.714194	0.9416882
14982	-239.0859	-352.1598	113.0739	0.7445771	4.911781	2.643901	1.017731
14988	-231.4294	-344.2227	112.7933	0.6232341	6.067958	2.643901	1.112853
14994	-231.282	-344.0975	112.8155	0.5367272	9.022167	1.552516	1.197089
15000	-228.7542	-341.8688	113.1146	0.4957054	9.022167	1.552516	0.9551908
15006	-231.6895	-344.5362	112.8467	0.8784398	5.473042	2.648927	0.9551908
15012	-238.4943	-351.7433	113.249	0.8784398	4.840812	2.369205	0.8519268
15018	-236.234	-349.4577	113.2237	0.8893862	4.840812	2.151083	0.9946885
15024	-243.3475	-357.1593	113.8118	0.9374687	3.58403	2.151083	0.7164348
15030	-243.8758	-358.3173	114.4415	1.086169	1.913862	2.151083	0.7164348
15036	-235.7388	-349.5382	113.7993	1.086169	3.784933	1.803457	0.7124635
15042	-237.6368	-350.6482	113.0114	1.263227	4.650608	2.524899	0.5291386
15048	-231.4088	-344.8479	113.4391	1.381381	4.154497	1.817516	0.5291386
15054	-232.6251	-345.8024	113.1773	1.381381	2.463818	3.858715	0.5291386
15060	-222.5959	-335.8215	113.2256	1.073126	4.48335	2.31377	0.8061511
15066	-235.4327	-348.6917	113.2589	1.098324	4.48335	2.167577	0.8316766
15072	-234.7703	-347.7597	112.9894	0.7543764	4.199431	3.420181	0.9801282
15078	-238.4815	-351.1002	112.6187	1.196349	6.7618	1.557559	1.171294
15084	-232.0913	-345.2106	113.1193	1.132602	6.7618	1.557559	0.6836279
15090	-234.2761	-347.7991	113.523	1.132602	5.046201	1.583088	0.6836279
15096	-232.1604	-344.7604	112.6	1.326291	4.079317	3.763689	0.4118124
15102	-235.0137	-346.4749	111.4612	1.276373	5.178872	7.008338	0.5191408
15108	-231.371	-343.7689	112.3979	1.276373	2.441034	7.064456	0.6610611
15114	-226.934	-339.6115	112.6774	1.508061	3.201187	3.948775	0.5901713
15120	-231.1473	-344.2905	113.1431	1.563143	2.121742	3.948775	0.4591238
15126	-236.3112	-349.494	113.1828	1.512786	2.121742	3.948775	0.42037
15132	-234.9883	-346.7587	111.7704	1.236311	3.90563	7.590491	0.4855307
15138	-233.6083	-347.073	113.4647	1.123417	3.90563	2.207824	0.7415211
15144	-228.0044	-341.2204	113.216	1.230813	4.611773	2.207824	0.4563655
15150	-227.4855	-341.1505	113.6649	1.163985	3.169891	2.207824	0.7899619
15156	-232.5647	-345.5792	113.0146	1.116304	2.099917	4.811404	1.013951
15162	-240.487	-352.8343	112.3473	1.269766	4.9388	3.887848	0.6085356
15168	-239.7145	-351.4183	111.7039	1.269766	3.905093	7.4243	0.7059244
15174	-235.2561	-348.0862	112.8302	1.136762	4.527748	2.369576	1.11136
15180	-232.1665	-344.7734	112.6069	0.7989762	2.088815	6.316095	1.315764
15186	-235.1095	-347.3003	112.1908	0.8557038	3.257084	6.316095	1.154858
15192	-237.1001	-349.5748	112.4747	0.9716583	3.257084	3.762943	1.419683
15198	-224.6531	-338.4481	113.795	0.9624333	2.48555	1.739827	1.406112
15204	-227.9585	-340.506	112.5475	0.7153881	3.290673	3.756716	1.549682
15210	-232.9959	-344.978	111.9822	1.46583	2.769022	7.211736	0.7309572
15216	-237.7268	-351.0891	113.3622	0.9099229	3.643441	2.122941	1.216852
15222	-234.7803	-347.978	113.1977	0.9153754	4.916334	1.557325	1.305902
15228	-240.6131	-353.7734	113.1603	0.6469408	7.303192	1.735523	0.9550023
15234	-228.6207	-341.3831	112.7624	0.164019	7.303192	2.028496	1.546024
15240	-235.7497	-349.075	113.3253	0.2091399	3.938137	3.052806	1.368566
15246	-231.5452	-344.5577	113.0125	0.1483476	3.477525	3.052806	1.765109
15252	-229.9607	-343.0306	113.0699	0.5682773	3.354383	3.052806	1.452556
15258	-236.9375	-350.0091	113.0716	0.2454896	2.818034	4.002283	1.59312
15264	-239.6442	-351.5107	111.8665	0.3611181	5.616442	3.895266	1.734777
15270	-227.0953	-339.7704	112.6751	0.549895	5.613415	2.357992	1.476384
15276	-224.5857	-337.8073	113.2216	0.1764793	5.613415	2.357992	1.342143
15282	-233.6058	-346.7108	113.105	0.1287973	6.025339	2.141688	1.480075
15288	-242.6195	-356.2457	113.6262	0.06644495	5.884029	1.795927	1.309409
15294	-229.2645	-342.6703	113.4058	0.4220423	3.533327	2.559993	1.424668
15300	-233.069	-346.4521	113.3831	0.538619	3.533327	2.371246	1.424668
15306	-231.2614	-343.9279	112.6665	0.6266819	2.754131	4.135407	1.599332
15312	-228.1807	-340.3224	112.1417	0.6570453	5.184265	4.243365	1.306613
15318	-232.1014	-343.883	111.7815	0.8668489	8.495202	4.243365	0.7200854
15324	-236.2608	-348.782	112.5212	0.7980767	4.857294	4.914853	0.6089683
15330	-227.4376	-339.1489	111.7113	1.690423	4.857294	4.543624	0.3614573
15336	-233.1872	-345.319	112.1318	1.690423	4.857294	3.185139	0.3077952
15342	-225.1892	-337.0404	111.8512	1.871904	4.796546	3.071943	0.2188617
15348	-225.361	-337.6145	112.2534	2.04834	5.815344	1.481663	0.212825
15354	-223.8513	-335.9812	112.1299	2.023691	5.479439	1.481663	0.1480489
15360	-229.9888	-342.0659	112.077	1.915911	4.015335	2.8011	0.1878366
15366	-228.2098	-341.2589	113.0491	2.282565	4.931618	0.7254282	0.2444682
15372	-233.9556	-347.9295	113.9739	2.282565	3.404721	0.501144	0.3053111
15378	-240.2187	-353.8468	113.6281	2.282565	4.459921	0.501144	0.3185641
15384	-232.723	-347.588	114.865	1.975146	2.015374	0.6119658	0.5161663
15390	-235.1248	-349.3745	114.2497	1.975146	3.174182	0.6119658	0.3504685
15396	-229.2912	-342.1386	112.8474	2.17134	5.944665	0.7277393	0.2248871
15402	-225.4987	-338.2028	112.7041	2.092595	2.920639	1.966721	0.1759448
15408	-229.5447	-342.0147	112.47	1.755668	4.162376	2.892824	0.3827582
15414	-229.8793	-342.5364	112.6571	1.755668	3.453333	3.037032	0.3827582
15420	-222.8169	-334.3159	111.4989	1.694895	4.862485	4.914466	0.2768357
15426	-237.535	-350.1499	112.6149	1.520202	3.1782	4.171998	0.4992536
15432	-212.4635	-325.9758	113.5123	1.429687	3.1782	2.135109	0.6676181
15438	-225.239	-338.7236	113.4847	1.43428	6.436212	0.8133166	0.7987007
15444	-225.1077	-338.6696	113.5619	1.401226	6.436212	0.6321132	1.009002
15450	-241.0524	-354.9056	113.8532	0.8556852	5.04636	0.7824192	1.364248
15456	-229.4417	-342.6439	113.2022	0.3809894	8.325791	0.7824192	1.657002
15462	-227.4512	-341.3014	113.8502	1.132846	2.71797	1.30302	1.392397
15468	-225.9451	-338.4736	112.5285	0.9048497	3.706215	4.168541	1.18042
15474	-226.6407	-339.7263	113.0856	0.9978535	3.803389	2.17548	1.301849
15480	-226.4288	-339.2711	112.8423	0.6870205	3.803389	3.024573	1.418145
15486	-222.4075	-335.4251	113.0177	0.2406918	7.443101	1.339135	1.624028
15492	-234.8931	-347.5445	112.6514	0.4842842	7.443101	1.895588	1.426536
15498	-235.6696	-348.6298	112.9601	0.4509685	6.178197	1.895588	1.426536
15504	-228.1882	-339.9402	111.752	0.9233423	6.178197	5.476978	0.8496266
15510	-232.3687	-346.0246	113.6558	0.6731027	4.144134	1.451793	1.38293
15516	-239.1679	-352.6866	113.5188	0.7848725	2.665405	2.473182	1.368267
15522	-227.6988	-339.3825	111.6837	0.7179372	3.8141	4.779404	1.791891
15528	-219.3438	-331.8011	112.4573	0.6872207	3.8141	3.987704	1.432464
15534	-218.8973	-331.6565	112.7593	0.5213719	3.540207	2.738238	1.761185
15540	-221.4021	-334.1325	112.7304	0.6283076	3.363857	2.713943	1.761185
15546	-224.1727	-337.2444	113.0717	0.8710873	3.363857	0.7918708	2.271072
15552	-218.786	-332.7976	114.0115	0.9918197	3.363857	0.7918708	1.549644
15558	-217.3782	-329.3102	111.932	0.7096449	3.363857	4.620827	1.772761
15564	-219.4275	-332.9	113.4725	0.7779579	4.267485	2.060441	1.079259
15570	-222.5056	-335.1951	112.6895	1.312262	4.023468	2.835399	1.020816
15576	-231.3791	-345.2609	113.8818	1.486491	4.023468	0.8242764	1.020816
15582	-228.2671	-342.5277	114.2605	1.486491	4.078091	0.574942	0.9493391
15588	-230.7249	-345.0763	114.3514	1.600905	4.078091	0.5613729	0.7157008
15594	-234.9607	-349.8171	114.8564	1.600905	2.43617	0.5613729	0.9206084
15600	-237.1192	-349.7359	112.6167	0.6413208	7.325011	2.13154	1.237288
15606	-231.9747	-344.2654	112.2906	0.5948292	5.023853	3.373285	1.510884
15612	-237.7798	-350.295	112.5152	0.7000805	5.232065	2.197408	1.6203
15618	-232.8638	-345.0681	112.2043	0.2566777	5.232065	3.977868	1.6203
15624	-232.0703	-345.0094	112.9391	0.9522474	5.644422	1.702809	1.245145
15630	-231.6453	-345.105	113.4597	0.7296238	4.25043	1.702809	1.325614
15636	-228.7987	-342.0614	113.2626	0.8694789	6.399662	1.702809	0.8325422
15642	-232.2224	-346.8068	114.5844	1.396463	2.994564	0.7795366	0.8325422
15648	-226.6843	-340.5344	113.8502	0.864967	6.251072	0.7795366	1.103642
15654	-224.1062	-338.746	114.6398	0.9079324	3.998049	0.7795366	0.8971069
15660	-234.2136	-346.8016	112.5881	0.9015215	4.842612	2.050005	1.559595
15666	-230.2139	-342.8992	112.6853	0.6341736	1.767815	6.156968	1.559595
15672	-232.3496	-345.9307	113.5811	0.9309198	3.512428	1.26057	1.527387
15678	-236.2764	-349.5266	113.2501	1.360037	3.697813	2.463554	0.5618407
15684	-244.6147	-357.9913	113.3766	1.506421	4.109847	1.739434	0.4564647
15690	-231.0203	-343.6022	112.582	1.506421	8.060647	1.488023	0.4519072
15696	-230.3491	-343.8953	113.5461	1.145189	6.600477	0.9523853	0.8469048
15702	-229.5067	-342.3618	112.855	0.5234742	6.858168	2.170696	1.199938
15708	-226.3484	-338.2187	111.8704	0.4948275	10.25602	3.30382	1.08748
15714	-232.084	-345.3491	113.2651	0.137563	7.947266	1.28494	1.477006
15720	-230.9897	-343.8041	112.8144	0.1156728	7.573152	3.19896	1.035593
15726	-223.4843	-336.4867	113.0024	0.3722711	7.573152	2.222731	1.044018
15732	-225.4274	-338.5823	113.1549	0.129348	7.573152	1.690778	1.392724
15738	-237.8317	-350.1517	112.32	0.3365837	7.573152	2.856583	1.392724
15744	-239.4067	-352.497	113.0903	0.3398479	4.023878	1.828888	1.874862
15750	-232.6261	-345.7711	113.145	0.6737237	4.1057	2.150046	1.440471
15756	-235.3843	-348.6663	113.282	0.6129673	4.1057	2.150046	1.381353
15762	-232.027	-344.987	112.96	0.6987712	3.881248	3.608008	1.096954
15768	-227.3504	-340.2805	112.9301	0.6610803	3.48245	3.608008	1.279584
15774	-229.4065	-342.1289	112.7223	1.002811	3.331592	4.579701	0.9101363
15780	-229.2194	-343.5239	114.3045	0.898379	2.474875	1.947869	0.8952282
15786	-230.6398	-344.7416	114.1018	1.15709	2.414303	1.947869	0.8653915
15792	-228.0544	-341.2555	113.2011	1.212417	2.414303	3.704185	0.9155376
15798	-225.556	-337.7051	112.1491	1.008837	4.235506	5.126202	1.004935
15804	-233.5927	-345.9538	112.3611	0.7381153	3.689394	3.989927	1.499783
15810	-229.1269	-343.0401	113.9133	0.8626113	2.125517	2.956094	1.003422
15816	-233.8428	-345.7565	111.9137	0.8542736	2.097666	5.923864	1.848868
15822	-232.5157	-346.0346	113.5189	0.7969563	2.097666	3.50401	1.235413
15828	-239.7046	-352.8754	113.1708	1.050407	2.94678	3.490507	0.9399605
15834	-236.0112	-349.0938	113.0826	0.8608218	3.744474	3.490507	0.9031709
15840	-224.4277	-337.0495	112.6218	0.8608218	3.744474	4.502042	1.026476
15846	-236.8245	-349.6228	112.7983	0.7599723	4.163074	3.283157	1.211249
15852	-223.2131	-335.9981	112.785	0.8262885	4.163074	3.283157	1.165498
15858	-230.5055	-344.5376	114.0321	1.070089	4.163074	0.8802794	1.165498
15864	-230.9102	-344.2213	113.3112	0.8178372	4.163074	2.166318	1.165498
15870	-233.5029	-346.3366	112.8337	0.9910081	3.183978	4.145863	1.00965
15876	-227.7951	-340.8427	113.0476	0.9345294	2.457183	4.365405	1.102845
15882	-225.8656	-338.1847	112.3191	0.8792207	3.243302	4.35318	1.463216
15888	-223.5486	-337.0301	113.4815	1.017476	3.243302	2.754742	0.8280523
15894	-217.7956	-330.8908	113.0952	0.9042921	3.243302	2.833765	1.276415
15900	-225.6427	-338.3758	112.7331	0.8452265	2.587966	3.862892	1.513954
15906	-231.9335	-344.7547	112.8212	0.774819	2.185575	3.605859	1.716467
15912	-251.9376	-363.4233	111.4857	1.026337	2.461663	6.82652	1.74889
15918	-239.1643	-353.3024	114.1381	1.044136	2.039017	1.738145	1.257553
15924	-237.905	-352.6336	114.7286	0.723125	1.377192	2.019458	1.257553
15930	-241.2654	-355.0369	113.7715	0.8447753	3.041322	2.36979	0.9960768
15936	-233.6966	-347.0194	113.3228	0.5731136	2.612689	2.36979	1.72707
15942	-233.1449	-346.6192	113.4743	0.9481991	2.612689	1.660688	1.648807
15948	-230.703	-344.6107	113.9076	0.6554261	2.612689	1.634014	1.559936
15954	-229.3171	-341.8903	112.5731	0.8804591	2.348423	4.417476	1.559936
15960	-240.3245	-352.3013	111.9768	0.8799491	5.13172	3.453617	1.486943
15966	-238.9828	-352.7228	113.74	0.7668072	4.601735	0.9350999	1.486943
15972	-234.1748	-348.9796	114.8049	1.296341	2.424924	0.660503	1.134917
15978	-224.9382	-339.1863	114.2481	1.525279	3.59819	0.524707	1.15799
15984	-223.0454	-337.3673	114.3219	1.525279	4.004747	0.5837126	0.8492923
15990	-233.9268	-347.9929	114.0661	1.159649	3.511359	0.5837126	1.547478
15996	-237.3098	-350.0269	112.7171	0.3688125	3.511359	3.380951	1.716233
16002	-227.0743	-341.0987	114.0243	0.8394397	2.450231	2.003821	1.201429
16008	-231.2939	-345.1324	113.8384	1.261582	4.122266	1.215159	0.8569719
16014	-232.1821	-345.8643	113.6822	1.251536	4.469707	0.916718	1.193241
16020	-231.4375	-345.7305	114.293	0.901249	2.863502	0.9863835	1.400484
16026	-230.234	-343.1149	112.8809	0.5180454	2.863502	2.859276	1.831077
16032	-222.7865	-336.3693	113.5827	1.199339	2.694595	2.158013	1.091838
16038	-232.1751	-345.5049	113.3298	1.045863	1.837545	2.592143	1.606422
16044	-224.2367	-337.9447	113.708	0.8848694	1.837545	2.160513	1.609491
16050	-231.1971	-345.1074	113.9103	0.8848694	2.932198	2.160513	0.9747022
16056	-238.5963	-352.1485	113.5522	1.360444	2.697778	2.160513	0.9616324
16062	-226.0735	-339.5908	113.5173	0.9493669	3.632941	2.160513	1.025526
16068	-225.9939	-338.5528	112.559	0.8140437	3.632941	2.160513	1.87372
16074	-227.6835	-341.4011	113.7176	0.6360057	3.522915	1.133442	1.719343
16080	-235.1462	-348.9751	113.8289	0.5762699	3.790875	1.194695	1.573379
16086	-232.9697	-346.5665	113.5968	0.6214202	3.834756	1.194695	1.696969
16092	-243.4515	-358.1542	114.7027	2.304903	4.594515	0.06356177	0.7937708
16098	-239.917	-354.3214	114.4043	2.661879	4.594515	0.06356177	0.7055403
16104	-243.8763	-358.1901	114.3138	2.722366	4.594515	0.06356177	0.7533544
16110	-236.2865	-350.2989	114.0124	3.253688	3.869504	0.06356177	0.3081099
16116	-234.4388	-348.2995	113.8606	3.253688	4.323754	0.06356177	0.3067851
16122	-226.3246	-340.2969	113.9724	3.253688	4.047405	0.06356177	0.3257545
16128	-234.9796	-349.0521	114.0725	3.253688	4.047405	0.05686554	0.4238107
16134	-233.7476	-348.1545	114.4069	3.253688	3.171066	0.05686554	0.5143382
16140	-241.04	-354.8063	113.7663	3.431183	4.244169	0.03778946	0.2609459
16146	-238.7229	-352.7339	114.0109	3.431183	3.912238	0.04318346	0.4288867
16152	-233.9849	-347.9195	113.9345	3.431183	4.353011	0.0304506	0.4644976
16158	-228.4472	-342.4768	114.0296	3.475618	3.92024	0.0304506	0.5515545
16164	-238.1604	-351.2249	113.0644	0.5417851	7.021836	0.988591	1.662366
16170	-243.3778	-356.8609	113.483	0.7547517	3.68948	1.790842	1.392349
16176	-232.0588	-345.925	113.8662	0.3354134	6.165085	1.336059	1.096501
16182	-231.8564	-344.9525	113.096	0.5094749	9.162698	1.336059	1.096501
16188	-230.8983	-344.0176	113.1193	0.4289626	9.505753	1.336059	1.096501
16194	-231.1454	-343.5603	112.4149	0.8387968	8.676955	1.971432	1.096501
16200	-228.2107	-341.6753	113.4646	0.7097751	4.841956	1.971432	1.035493
16206	-223.3655	-336.0193	112.6538	0.7461042	4.841956	2.784506	1.343529
16212	-232.7674	-345.4787	112.7113	0.8057448	4.841956	3.27564	1.065252
16218	-235.8586	-347.8989	112.0403	0.7925851	4.841956	3.95532	1.430109
16224	-225.636	-337.9401	112.304	0.6931735	7.993134	3.483845	0.7326859
16230	-220.0109	-333.5385	113.5276	0.800261	7.559271	0.9754709	0.9978
16236	-222.388	-335.976	113.588	0.5588069	8.984742	0.902307	0.9917097
16242	-219.8297	-333.0943	113.2645	0.5685141	4.694233	1.730917	1.481959
16248	-227.3021	-340.1939	112.8919	0.6927872	2.439888	3.529422	1.649921
16254	-231.5573	-343.6636	112.1063	0.6914382	2.461424	3.529422	2.176499
16260	-231.0645	-344.3875	113.323	0.4054543	2.042506	2.186	2.107961
16266	-231.8451	-344.6609	112.8158	0.4347756	3.99632	3.510078	1.433269
16272	-222.6621	-335.1053	112.4432	0.3561429	5.166743	3.088713	1.628717
16278	-220.787	-334.1845	113.3975	0.6212558	5.634622	1.892558	1.024691
16284	-225.5206	-338.9921	113.4714	0.2682034	3.160042	1.892558	1.853964
16290	-231.1137	-345.0456	113.9319	0.5812158	3.152035	1.593134	1.44078
16296	-242.528	-354.3572	111.8292	1.059598	4.132803	6.619658	0.9370586
16302	-234.6148	-347.2748	112.6599	0.6326599	4.857775	2.045475	1.700453
16308	-231.6813	-344.5489	112.8676	0.4249915	4.857775	2.045475	1.700453
16314	-232.0412	-344.7604	112.7192	0.2726706	4.857775	2.045475	1.908568
16320	-225.1612	-337.9192	112.758	0.5194019	4.878783	2.303343	1.605412
16326	-220.1603	-333.3601	113.1997	0.1995975	6.901364	2.303343	1.110535
16332	-233.3197	-346.0711	112.7513	0.3119054	6.901364	1.412714	1.80073
16338	-231.3138	-344.8238	113.5099	0.7868077	7.620614	0.6819991	1.315168
16344	-232.6111	-346.3556	113.7445	0.5777582	7.492418	0.6819991	1.315168
16350	-234.7304	-348.342	113.6116	0.744059	7.492418	0.7424598	1.223497
16356	-226.4883	-339.8795	113.3912	0.2798906	7.492418	1.319126	1.315361
16362	-230.1963	-343.063	112.8667	0.4052372	7.224778	2.167164	1.226344
16368	-231.4488	-344.5342	113.0854	0.687972	9.096253	1.012947	1.211959
16374	-236.6738	-350.2232	113.5494	0.7886875	8.074252	1.012947	0.8347256
16380	-234.8072	-347.2513	112.444	1.329669	5.311417	3.163776	0.6379646
16386	-233.2399	-346.1195	112.8796	1.231623	3.405446	3.641842	0.78148
16392	-231.7297	-344.4413	112.7116	1.231623	3.95367	3.641842	0.7379599
16398	-233.5857	-346.6967	113.111	0.9235449	3.859345	3.641842	0.6269032
16404	-239.5781	-352.0001	112.422	1.034886	3.018667	5.245544	1.11407
16410	-236.9972	-350.0287	113.0315	1.151329	2.703988	3.859744	0.954216
16416	-249.8049	-362.606	112.8011	0.9270724	3.187135	3.859744	1.18589
16422	-236.1202	-347.4654	111.3451	0.3547874	4.814471	3.710364	2.275495
16428	-231.0371	-345.0295	113.9924	0.675157	3.034062	1.618348	1.344724
16434	-238.6557	-351.1554	112.4997	0.9241647	4.238536	3.281073	1.303297
16440	-241.684	-354.1745	112.4905	0.4896231	4.238536	3.281073	1.640109
16446	-232.4031	-345.1123	112.7092	0.630106	4.238536	2.915161	1.487463
16452	-234.2614	-347.3948	113.1334	0.8462525	4.433809	2.915161	0.8661102
16458	-230.7461	-343.4004	112.6543	1.113067	5.84059	2.915161	0.563453
16464	-230.2003	-343.3757	113.1754	0.7127585	3.566692	2.915161	1.236066
16470	-237.502	-350.2333	112.7313	0.8012665	4.153154	3.01869	1.32444
16476	-230.909	-343.989	113.0799	0.6844825	4.288344	3.01869	1.088715
16482	-248.8585	-362.0646	113.2061	0.8983256	5.287776	1.910906	1.01844
16488	-238.8765	-352.7623	113.8858	0.6797123	5.287776	1.378388	0.9204072
16494	-229.0483	-342.5717	113.5234	1.032741	5.287776	1.378388	0.9305606
16500	-232.7741	-345.6079	112.8338	0.7895213	5.287776	2.892132	0.9967137
16506	-232.8836	-345.7311	112.8475	1.053931	5.054956	2.892132	0.7415478
16512	-231.0587	-343.4644	112.4057	0.818439	5.054956	2.892132	1.396816
16518	-229.9893	-342.4197	112.4305	0.6916413	5.054956	2.892132	1.475103
16524	-237.8926	-350.5393	112.6468	0.9556281	6.573813	2.892132	0.5751144
16530	-233.8149	-346.6588	112.8439	0.5209208	5.776312	2.892132	1.122221
16536	-234.6376	-346.898	112.2605	0.8014055	5.776312	3.70497	1.105707
16542	-237.2562	-349.9495	112.6934	0.09427061	5.665641	3.70497	1.360346
16548	-239.8601	-352.3501	112.49	0.009335871	5.295054	3.70497	1.64889
16554	-238.7963	-352.2606	113.4643	0.005861532	3.51151	2.126109	1.85104
16560	-237.3194	-350.8135	113.4942	0.03639375	3.101668	2.558633	1.765562
16566	-246.0067	-358.7236	112.7169	0.02974884	2.913825	2.537911	2.3441
16572	-244.6835	-357.8094	113.1259	0.1348538	2.913825	2.537911	2.010188
16578	-239.8191	-353.1966	113.3775	0.3609714	2.913825	2.537911	1.68227
16584	-236.5418	-348.8837	112.3418	0.1057744	5.662442	3.560393	1.655164
16590	-232.5953	-345.3045	112.7092	0.6021669	4.071865	3.436355	1.388144
16596	-237.902	-351.6872	113.7853	0.4869762	4.586056	1.32865	1.393853
16602	-236.9855	-350.2465	113.261	1.103528	2.762184	2.621324	1.223919
16608	-230.8136	-344.2813	113.4677	1.156839	3.80574	2.05317	0.8550734
16614	-233.8399	-347.3063	113.4664	1.144114	3.80574	2.05317	0.8716919
16620	-233.8714	-347.3427	113.4713	1.290449	3.70389	2.05317	0.7152375
16626	-233.4085	-346.9195	113.5109	1.143845	2.791198	3.129127	0.6218657
16632	-227.7852	-340.952	113.1667	1.215366	3.426379	3.129127	0.6450043
16638	-231.3158	-344.4279	113.112	1.462464	3.144409	2.990255	0.5831206
16644	-226.4668	-339.6356	113.1688	1.365246	3.255411	2.990255	0.4388699
16650	-227.3615	-339.682	112.3205	1.52324	4.300061	3.812088	0.427556
16656	-227.6088	-340.3146	112.7058	1.511617	3.22171	3.812088	0.6109571
16662	-226.7604	-340.9964	114.236	1.091039	1.766911	2.637625	0.7833476
16668	-230.9425	-344.586	113.6435	1.104523	2.805116	2.818624	0.6919835
16674	-237.0487	-350.238	113.1893	0.8692143	3.922369	2.818624	1.005943
16680	-239.4273	-351.7947	112.3674	1.11216	3.690861	4.365845	1.087578
16686	-237.5466	-350.9406	113.394	0.6253235	2.388122	2.628201	1.627177
16692	-235.5638	-349.2559	113.692	0.6941354	2.388122	2.512431	1.394435
16698	-241.6749	-354.9365	113.2616	0.4584136	3.294438	3.093723	1.394435
16704	-233.6009	-346.4951	112.8942	0.1566867	2.225928	4.290072	1.916562
16710	-231.7025	-345.0376	113.3351	0.1828475	2.225928	3.011494	1.916562
16716	-240.5051	-353.1674	112.6623	0.122314	2.988586	3.91743	1.933305
16722	-230.29	-343.7905	113.5005	1.204167	2.988586	1.838976	1.210696
16728	-230.9902	-343.6456	112.6554	0.9696422	2.602037	4.264879	1.370725
16734	-220.7178	-334.012	113.2942	1.028596	2.101706	3.860091	1.115669
16740	-219.8109	-332.3398	112.5288	0.7395087	3.65374	3.866883	1.412828
16746	-224.1946	-336.7583	112.5637	0.9102483	3.65374	4.811146	0.9758318
16752	-242.3433	-356.4959	114.1527	1.028901	2.704874	1.764492	0.9234642
16758	-229.7978	-343.7479	113.95	1.335036	2.827257	1.764492	0.718411
16764	-233.351	-347.9972	114.6462	0.9439496	2.055176	1.764492	0.836557
16770	-232.3269	-346.8056	114.4788	0.9555431	1.943943	1.764492	1.070336
16776	-233.7529	-348.1372	114.3843	1.112467	1.820254	1.648322	1.152931
16782	-231.7815	-345.2841	113.5025	0.9578221	2.662122	1.235066	1.832348
16788	-228.9736	-343.4599	114.4862	1.140684	1.558667	1.910177	1.039419
16794	-233.7096	-346.4176	112.708	1.01681	4.634299	3.499696	0.8143855
16800	-235.2509	-347.8921	112.6412	0.5652678	5.184391	3.499696	1.181047
16806	-227.2508	-340.58	113.3291	0.7572408	5.184391	2.358351	0.788466
16812	-232.0258	-345.489	113.4632	0.7572408	6.863232	1.346687	0.9118627
16818	-248.2694	-360.9226	112.6531	1.379015	3.872509	3.512444	0.7164644
16824	-225.1605	-338.8752	113.7147	1.045863	3.872509	1.593522	0.9984202
16830	-230.8058	-343.8332	113.0274	0.7804258	3.401523	2.862293	1.370493
16836	-230.0331	-342.5108	112.4777	0.7436631	2.971388	4.888227	1.408841
16842	-234.3784	-348.0597	113.6813	0.8632707	2.088553	2.193261	1.521876
16848	-233.618	-347.0368	113.4187	0.7800677	5.139555	1.701376	1.093527
16854	-239.2147	-350.8315	111.6168	0.9282565	5.139555	7.192419	0.8451184
16860	-234.8364	-347.4678	112.6314	1.072591	5.139555	2.803375	0.9955367
16866	-237.9672	-351.17	113.2027	1.061136	2.341149	4.45763	0.842419
16872	-246.4453	-357.9739	111.5286	0.9578357	2.379218	10.71388	1.280251
16878	-232.051	-345.5801	113.5291	0.9392002	2.379218	2.809818	1.218697
16884	-236.4894	-348.5203	112.0309	0.576504	4.101197	4.076531	1.732437
16890	-233.9435	-347.6793	113.7359	0.4192654	3.919497	1.338398	1.635226
16896	-233.6337	-346.817	113.1833	0.9718758	3.919497	1.338398	1.635226
16902	-233.6892	-347.4047	113.7155	0.9718758	3.942188	1.338398	1.217896
16908	-230.0692	-343.9031	113.8338	1.084799	3.942188	1.387267	0.9682868
16914	-233.9851	-347.6421	113.657	1.084799	3.942188	1.322803	1.182041
16920	-232.0637	-344.1201	112.0564	0.3787392	4.312422	4.01956	1.818055
16926	-239.4956	-351.9767	112.481	0.3757336	4.312422	4.01956	1.516616
16932	-235.5364	-348.8973	113.3609	0.6904856	5.087376	1.331051	1.451178
16938	-240.4025	-353.9971	113.5946	0.9731386	5.087376	1.516485	0.8610832
16944	-240.2635	-353.7686	113.505	0.9731386	4.125176	1.746251	1.088765
16950	-239.2553	-351.8789	112.6235	0.7316903	3.214886	2.629115	1.83171
16956	-231.801	-345.5018	113.7007	1.183759	2.519469	0.9643608	1.760892
16962	-240.7969	-353.7877	112.9908	0.6950385	3.145465	3.454065	1.356086
16968	-223.9042	-336.7413	112.8371	0.5832038	3.851262	3.454065	1.356086
16974	-230.9076	-343.7121	112.8045	0.4953747	3.851262	3.783538	1.356086
16980	-230.8897	-344.0961	113.2063	0.9851966	2.390904	3.783538	1.118427
16986	-234.3314	-347.5036	113.1722	1.126481	2.919513	3.783538	0.7216721
16992	-242.8476	-355.7871	112.9395	0.9450146	4.038328	3.277369	0.9465543
16998	-243.5462	-356.2294	112.6832	0.430129	4.038328	3.277369	1.5922
17004	-243.419	-354.9837	111.5647	0.4175045	3.441848	3.277369	2.486881
17010	-244.6802	-356.358	111.6778	0.4236006	3.441848	3.689211	2.313567
17016	-239.9854	-352.236	112.2506	0.2012838	4.232782	3.689211	1.902417
17022	-233.437	-346.4213	112.9843	0.3296541	2.945166	2.697717	1.914547
17028	-232.4879	-345.3256	112.8376	0.4496602	4.110908	3.453002	1.39192
17034	-230.6861	-343.7435	113.0574	0.2787337	4.110908	2.077264	1.817568
17040	-233.7609	-347.4098	113.6489	0.2978514	3.591921	2.894951	1.18576
17046	-233.5256	-345.7219	112.1962	1.061116	2.046483	8.133196	1.143087
17052	-231.1637	-343.201	112.0373	0.4111912	4.842682	4.40707	1.607231
17058	-244.6667	-358.3981	113.7315	0.6477645	4.129111	1.636606	1.23883
17064	-230.5345	-343.2227	112.6882	0.5407728	4.129111	2.715435	1.659893
17070	-229.3801	-341.8068	112.4267	0.5058313	3.045949	5.641986	1.450592
17076	-229.2369	-342.2363	112.9994	0.6941871	3.045949	2.392055	1.725431
17082	-230.7988	-344.5654	113.7666	0.4204706	2.450926	1.950028	1.740978
17088	-230.9752	-344.0713	113.0961	0.3764222	2.458336	2.651821	1.973934
17094	-231.5361	-344.1828	112.6467	0.3107919	3.681492	2.651821	1.973934
17100	-240.8613	-354.5125	113.6512	1.165985	4.213389	1.391312	0.9769495
17106	-233.9701	-347.3936	113.4235	0.9644322	5.727843	1.391312	0.9769495
17112	-237.3131	-349.8011	112.4879	1.867266	5.727843	1.539147	0.2436409
17118	-241.5362	-352.8923	111.356	1.737349	5.727843	4.603563	0.3050492
17124	-232.8696	-344.4746	111.605	1.716181	5.727843	3.431258	0.215852
17130	-229.3812	-342.3371	112.9559	1.854637	2.66898	2.110528	0.1716155
17136	-236.2883	-347.7875	111.4992	2.299168	5.261599	2.31214	0.1716155
17142	-227.6658	-339.1953	111.5295	1.635033	7.921237	2.639173	0.2111684
17148	-223.3618	-336.5263	113.1645	1.635033	3.719136	2.03894	0.3753674
17154	-231.4859	-344.6532	113.1673	1.635033	3.719136	2.03894	0.3797221
17160	-225.8559	-339.1849	113.3289	0.9185522	5.930735	1.552723	0.9456038
17166	-233.5835	-346.1542	112.5708	0.7383631	5.930735	1.489827	1.743557
17172	-233.0065	-346.6222	113.6157	1.058648	4.920417	0.9645218	1.257579
17178	-227.4495	-341.4863	114.0368	1.384241	4.210811	0.9645218	0.695278
17184	-241.2439	-355.5627	114.3188	1.261772	4.869739	0.6674128	0.6732635
17190	-235.1101	-348.6019	113.4918	1.057285	6.117839	1.266697	0.797576
17196	-235.9952	-348.155	112.1598	0.629433	6.117839	3.776177	1.248649
17202	-233.7345	-346.855	113.1205	0.5542158	6.117839	1.414307	1.487196
17208	-231.231	-344.1278	112.8968	0.3669154	6.117839	2.283584	1.380933
17214	-231.6536	-345.0409	113.3874	1.046108	6.362259	1.301855	0.8355367
17220	-228.2286	-341.5895	113.3609	1.072594	6.362259	1.301855	0.8355367
17226	-236.7653	-349.6037	112.8383	0.9904631	6.362259	1.301855	1.393712
17232	-228.1053	-341.5008	113.3956	0.8787646	6.362259	0.9428325	1.302601
17238	-224.6559	-337.3623	112.7064	0.6666119	9.582225	1.707076	0.9932416
17244	-235.0115	-346.6839	111.6725	0.7358438	4.82212	4.869804	1.539779
17250	-246.0762	-358.2032	112.1269	1.615225	3.992348	3.641366	0.2147086
17256	-244.891	-356.9256	112.0346	1.615225	4.699282	3.748856	0.3039038
17262	-229.9015	-342.3705	112.469	1.270429	4.699282	3.746729	0.413811
17268	-240.8092	-353.9256	113.1164	1.26066	2.371673	4.239872	0.762063
17274	-234.2462	-347.1103	112.8641	1.416175	2.371673	4.892755	0.4690698
17280	-240.3971	-353.3518	112.9547	1.235463	2.371673	4.291922	0.9655018
17286	-227.3549	-340.2432	112.8884	0.5437547	2.922194	3.455286	1.618033
17292	-246.6596	-359.1515	112.4919	0.1736121	2.675812	3.921209	2.104176
17298	-238.7499	-351.6044	112.8544	0.2341121	4.815709	4.092308	1.192139
17304	-233.2604	-346.6129	113.3525	0.2976467	3.275212	1.719938	1.957659
17310	-251.5057	-363.7237	112.218	0.2887399	2.663263	4.380578	2.113692
17316	-241.3439	-354.0916	112.7477	0.4395683	2.663263	4.380578	1.649448
17322	-227.9009	-340.3385	112.4376	0.7156632	2.663263	4.490451	1.649448
17328	-226.6606	-339.8676	113.207	0.5076523	3.363473	1.821437	1.846033
17334	-236.3348	-348.5208	112.186	0.8214318	3.363473	3.402176	1.804714
17340	-229.6849	-342.1328	112.4479	0.6961773	4.156728	4.280017	1.264539
17346	-233.7636	-346.3415	112.5779	0.8816948	2.644783	3.664509	1.63269
17352	-226.4197	-338.8167	112.397	1.042659	2.759225	5.421978	1.188281
17358	-232.2413	-345.1097	112.8685	1.019107	2.665002	5.421978	0.7673911
17364	-235.3273	-347.9377	112.6104	1.208151	1.817452	5.421978	1.291183
17370	-237.0901	-349.4813	112.3912	1.219547	2.977393	5.421978	0.9346568
17376	-236.985	-350.8911	113.906	1.427795	3.878641	1.199033	0.6494018
17382	-238.0504	-351.506	113.4556	1.275064	3.878247	1.967121	0.7468578
17388	-236.7437	-350.526	113.7823	1.115071	4.217339	1.425345	0.8584889
17394	-242.0284	-355.6751	113.6468	0.9734308	2.702991	2.947099	0.8591548
17400	-233.4406	-346.6133	113.1727	0.9734308	2.702991	2.947099	1.305306
17406	-228.7972	-342.0745	113.2773	0.8320552	2.746135	2.986702	1.305306
17412	-230.8049	-343.9164	113.1114	0.8089576	4.798721	2.521679	1.007021
17418	-231.9798	-344.7451	112.7653	0.834102	4.798721	3.550083	0.8851363
17424	-246.3921	-359.4784	113.0863	0.5403208	4.936232	2.000294	1.458729
17430	-241.7378	-354.7918	113.054	0.1322967	3.259878	4.016494	1.54907
17436	-241.3818	-352.8797	111.498	0.1939876	3.793063	3.488162	2.537201
17442	-234.3266	-346.1236	111.797	0.6720044	4.328854	4.854659	1.607602
17448	-230.66	-343.5831	112.923	0.7566183	7.662548	1.725373	1.017989
17454	-241.1172	-353.8793	112.7621	0.8754682	6.750166	1.725373	1.227082
17460	-236.3206	-349.7378	113.4172	0.4959723	6.750166	1.271591	1.27664
17466	-235.2842	-348.0277	112.7435	0.8114812	6.130779	2.281479	1.137274
17472	-222.7513	-335.6013	112.85	0.6922342	2.735416	4.399313	1.353464
17478	-222.8849	-336.2628	113.3779	0.9871041	2.735416	3.501172	0.8800603
17484	-230.7354	-344.7942	114.0588	1.809864	2.810841	1.092114	0.5986223
17490	-230.6671	-344.2924	113.6253	2.019172	2.810841	1.195481	0.2749091
17496	-231.501	-344.0984	112.5973	1.736834	2.810841	3.815291	0.3279377
17502	-234.371	-346.9802	112.6093	1.626712	2.354665	5.08758	0.4880366
17508	-245.1243	-357.1977	112.0734	1.488715	3.119979	6.32339	0.5770572
17514	-243.2265	-356.1745	112.9481	1.437576	3.357986	3.255164	0.4423826
17520	-221.785	-334.2721	112.4871	0.8538788	4.02315	4.397398	1.099942
17526	-224.5492	-337.0898	112.5406	0.6771779	2.739647	4.397398	1.598061
17532	-232.2072	-344.9149	112.7077	0.7682369	3.317219	2.104716	1.905936
17538	-242.7077	-355.9931	113.2854	0.6596447	3.920874	1.948817	1.479701
17544	-241.9111	-355.0217	113.1106	0.7427614	3.920874	1.948817	1.548125
17550	-232.748	-346.4628	113.7148	1.035216	3.901057	1.765742	0.8746355
17556	-239.779	-353.1206	113.3415	1.111007	2.74889	3.522685	0.7476498
17562	-229.2447	-342.3317	113.087	1.458919	2.867195	3.103873	0.7739743
17568	-236.3458	-349.2429	112.8972	1.095064	6.111034	2.172604	0.7257335
17574	-222.4477	-336.3185	113.8708	1.108248	3.611159	1.436127	0.9875547
17580	-222.8327	-335.3202	112.4876	0.5911685	6.947352	3.07175	1.066563
17586	-218.5912	-331.8418	113.2506	0.1928373	6.947352	1.967002	1.227429
17592	-221.5758	-334.946	113.3701	0.3534693	8.404369	0.9978024	1.364737
17598	-223.212	-335.9091	112.6971	0.8258396	7.043904	2.828711	0.5932063
17604	-234.7773	-348.3147	113.5374	0.8288681	7.043904	1.054245	0.987038
17610	-237.1986	-350.3176	113.119	1.039313	5.585487	2.029356	0.7909657
17616	-247.1804	-359.1737	111.9933	1.357125	4.764587	4.823266	0.6607967
17622	-247.1871	-360.7307	113.5436	1.240043	4.764587	1.514812	0.6858198
17628	-235.9946	-349.5245	113.5299	1.24612	3.203615	2.134101	0.8888296
17634	-231.9133	-344.6535	112.7402	0.3136977	4.888031	3.266974	1.444044
17640	-230.1522	-342.8866	112.7343	0.9636603	4.888031	3.266974	0.8667931
17646	-240.2395	-352.9049	112.6654	0.6067904	4.901358	3.266974	1.267999
17652	-233.555	-346.3967	112.8417	0.7340968	4.901358	3.266974	0.9948706
17658	-231.9042	-342.3809	110.4767	0.8735011	3.176595	13.58416	1.579898
17664	-233.3213	-345.7719	112.4506	1.02567	3.176595	4.555723	1.212469
17670	-233.8756	-346.5007	112.6251	1.204205	3.176595	4.555723	0.8699206
17676	-238.5817	-350.6923	112.1106	1.282545	3.176595	5.985051	0.9269188
17682	-233.1856	-346.0728	112.8872	0.6473158	3.192556	3.234995	1.522772
17688	-234.7727	-347.6395	112.8668	0.6125423	2.68821	2.859383	1.830245
17694	-236.9962	-350.1277	113.1315	0.3109205	5.283342	2.148983	1.461561
17700	-238.1336	-351.0369	112.9033	0.3203068	5.283342	2.148983	1.623502
17706	-237.8023	-350.4265	112.6243	0.3703897	5.390466	2.148983	1.765761
17712	-223.9012	-336.2569	112.3557	0.443951	5.390466	3.144392	1.568177
17718	-235.4227	-347.9968	112.5741	0.9454816	5.390466	3.144392	0.9659258
17724	-233.8461	-346.7675	112.9214	1.130193	5.622551	1.791389	1.056985
17730	-238.7653	-351.0484	112.2831	1.136432	4.832345	4.605943	0.600811
17736	-244.1663	-358.1231	113.9568	1.274397	4.964925	0.9422291	0.668302
17742	-227.8215	-342.0045	114.183	1.124047	3.716936	0.9776011	1.022062
17748	-230.0031	-341.5818	111.5787	0.5554897	6.338956	4.333625	1.572817
17754	-227.6699	-341.2113	113.5414	0.3822305	6.338956	1.244838	1.360787
17760	-224.7937	-337.9188	113.1251	0.6030517	6.338956	1.244838	1.510783
17766	-225.5029	-338.0964	112.5935	0.8726035	6.666958	1.590574	1.451866
17772	-222.0856	-335.2357	113.1501	0.6520382	5.024705	1.694253	1.451866
17778	-223.6474	-336.641	112.9937	1.10336	5.461604	1.042012	1.532924
17784	-220.5214	-333.3861	112.8648	0.8246488	3.503993	3.044041	1.371556
17790	-228.2864	-340.6016	112.3152	0.3975361	3.503993	3.912388	1.843408
17796	-229.5015	-342.2022	112.7007	0.2790873	2.909072	3.912388	1.824872
17802	-233.8627	-345.8723	112.0096	0.7020043	3.579465	3.912388	1.824872
17808	-228.891	-342.2646	113.3737	1.035842	2.848262	2.606726	1.157822
17814	-234.1386	-347.3307	113.1921	0.6246008	3.209217	2.360317	1.601031
17820	-228.4788	-341.4325	112.9537	0.7663164	5.533095	2.360317	1.084223
17826	-233.848	-346.8507	113.0027	1.085486	5.17583	2.277887	0.8433647
17832	-232.9067	-346.3105	113.4038	0.5173548	4.421584	2.277887	1.221806
17838	-237.1613	-350.114	112.9527	0.2942838	5.392023	2.731801	1.363632
17844	-234.2748	-348.1945	113.9197	0.8201113	3.272536	1.628076	1.199345
17850	-234.4141	-348.339	113.9249	1.159512	2.103282	2.774736	0.7494595
17856	-238.5022	-352.886	114.3837	1.088373	1.486599	2.750008	0.7784585
17862	-245.0032	-359.1321	114.1289	1.320142	1.486599	2.994735	0.6314815
17868	-245.0182	-358.0073	112.9891	1.213434	3.882845	2.964438	0.7844308
17874	-234.2069	-347.7351	113.5283	0.4637889	3.182096	1.573957	1.818326
17880	-235.6513	-348.5937	112.9424	0.6458118	3.182096	1.573957	2.089814
17886	-245.2958	-357.9623	112.6665	0.3799693	3.348441	3.823155	1.6732
17892	-250.6444	-363.4838	112.8394	0.2709895	3.348441	3.643669	1.6732
17898	-244.436	-357.9526	113.5166	0.6555607	3.28591	1.553447	1.6732
17904	-240.8138	-354.3204	113.5067	1.010759	4.027336	1.553447	1.199656
17910	-231.3238	-344.8154	113.4916	0.6372794	5.113413	1.402854	1.341103
17916	-235.8111	-348.1535	112.3423	0.6638403	3.958485	2.940173	1.78641
17922	-237.8565	-350.7917	112.9352	0.3628277	2.666974	3.484912	1.78641
17928	-239.0687	-352.388	113.3192	0.8871696	2.666974	3.484912	1.081091
17934	-236.8827	-349.8806	112.9978	0.7042015	9.527183	1.513935	0.7787553
17940	-235.6798	-348.6462	112.9663	1.472722	5.280771	1.884573	0.4365225
17946	-223.5469	-337.0306	113.4837	1.269597	4.238005	1.884573	0.4988604
17952	-225.3908	-338.4077	113.0169	1.269597	3.52089	3.311749	0.6124525
17958	-223.1261	-336.2754	113.1493	1.618721	2.626658	3.079522	0.4367961
17964	-232.4356	-346.1226	113.687	1.618721	1.646216	3.079522	0.3986574
17970	-224.6252	-336.9702	112.345	0.6054541	3.293835	2.861423	2.012452
17976	-231.2206	-343.6635	112.4429	0.2730816	3.568588	2.861423	2.098095
17982	-236.6824	-350.0212	113.3388	0.478115	5.887522	2.004633	1.092541
17988	-233.1252	-346.5552	113.43	0.9039093	4.45387	1.801491	1.092541
17994	-227.6622	-341.1446	113.4823	0.6273369	4.45387	1.486432	1.456329
18000	-229.8199	-342.9866	113.1667	0.3174664	4.45387	2.97268	1.302244
18006	-235.6237	-348.0338	112.4101	0.6423122	6.047654	2.97268	1.302244
18012	-230.3355	-343.0984	112.7629	0.3811928	6.047654	2.616522	1.35722
18018	-228.9136	-342.2814	113.3678	0.6087339	4.837152	2.137167	1.132054
18024	-235.6792	-349.1439	113.4648	0.9696845	3.701422	2.181836	1.021365
18030	-246.6936	-359.6656	112.972	1.003459	5.175819	2.181836	1.021365
18036	-239.1247	-353.0158	113.891	0.8321644	5.175819	0.9713779	1.148917
18042	-237.8865	-350.6889	112.8024	0.9273175	5.175819	2.076806	1.290534
18048	-236.1353	-350.0675	113.9322	0.4382465	5.175819	1.166312	1.290534
18054	-232.6838	-345.0357	112.352	0.3839782	7.105209	2.810066	1.42135
18060	-235.8152	-348.2752	112.46	0.4145818	6.743393	2.810066	1.373776
18066	-235.5157	-348.0193	112.5036	0.7249519	4.376982	3.383637	1.391852
18072	-237.9358	-350.6187	112.6829	0.8689009	4.376982	4.268959	0.7955785
18078	-232.8644	-345.7452	112.8808	0.8443229	4.376982	3.944832	0.6940131
18084	-230.3899	-343.9454	113.5555	1.103325	2.551165	2.425733	1.137177
18090	-231.3511	-344.693	113.342	0.889892	2.261112	3.80168	1.137177
18096	-236.7773	-349.9227	113.1454	0.4124751	4.277951	2.719613	1.376957
